bin/swc.dm.exe unittest --verbose-unittest --num-cores 6 --log-ascii



Status                    : wait
AverageCpuPercent         : 87
MaximumCpuPercent         : 65
AvailablePhysicalGiB      : 14,7
RequiredPhysicalGiB       : 8
CommitHeadroomGiB         : 9,1
RequiredCommitHeadroomGiB : 8





Status                    : wait
AverageCpuPercent         : 79
MaximumCpuPercent         : 65
AvailablePhysicalGiB      : 11,9
RequiredPhysicalGiB       : 8
CommitHeadroomGiB         : 6,1
RequiredCommitHeadroomGiB : 8





Status                    : wait
AverageCpuPercent         : 71
MaximumCpuPercent         : 65
AvailablePhysicalGiB      : 12,4
RequiredPhysicalGiB       : 8
CommitHeadroomGiB         : 7,4
RequiredCommitHeadroomGiB : 8





Status                    : wait
AverageCpuPercent         : 14
MaximumCpuPercent         : 65
AvailablePhysicalGiB      : 12,9
RequiredPhysicalGiB       : 8
CommitHeadroomGiB         : 7,9
RequiredCommitHeadroomGiB : 8





Status                    : wait
AverageCpuPercent         : 16
MaximumCpuPercent         : 65
AvailablePhysicalGiB      : 12,9
RequiredPhysicalGiB       : 8
CommitHeadroomGiB         : 7,9
RequiredCommitHeadroomGiB : 8





Status                    : wait
AverageCpuPercent         : 21
MaximumCpuPercent         : 65
AvailablePhysicalGiB      : 12,6
RequiredPhysicalGiB       : 8
CommitHeadroomGiB         : 6,5
RequiredCommitHeadroomGiB : 8





Status                    : wait
AverageCpuPercent         : 79
MaximumCpuPercent         : 65
AvailablePhysicalGiB      : 11,5
RequiredPhysicalGiB       : 8
CommitHeadroomGiB         : 5,6
RequiredCommitHeadroomGiB : 8





Status                    : wait
AverageCpuPercent         : 85
MaximumCpuPercent         : 65
AvailablePhysicalGiB      : 11,6
RequiredPhysicalGiB       : 8
CommitHeadroomGiB         : 5,7
RequiredCommitHeadroomGiB : 8





Status                    : wait
AverageCpuPercent         : 91
MaximumCpuPercent         : 65
AvailablePhysicalGiB      : 11,6
RequiredPhysicalGiB       : 8
CommitHeadroomGiB         : 5,8
RequiredCommitHeadroomGiB : 8





Status                    : wait
AverageCpuPercent         : 88
MaximumCpuPercent         : 65
AvailablePhysicalGiB      : 11,7
RequiredPhysicalGiB       : 8
CommitHeadroomGiB         : 6,3
RequiredCommitHeadroomGiB : 8





Status                    : wait
AverageCpuPercent         : 87
MaximumCpuPercent         : 65
AvailablePhysicalGiB      : 11,6
RequiredPhysicalGiB       : 8
CommitHeadroomGiB         : 5,9
RequiredCommitHeadroomGiB : 8





Status                    : wait
AverageCpuPercent         : 71
MaximumCpuPercent         : 65
AvailablePhysicalGiB      : 11,5
RequiredPhysicalGiB       : 8
CommitHeadroomGiB         : 5,9
RequiredCommitHeadroomGiB : 8





Status                    : wait
AverageCpuPercent         : 87
MaximumCpuPercent         : 65
AvailablePhysicalGiB      : 16,3
RequiredPhysicalGiB       : 8
CommitHeadroomGiB         : 11,2
RequiredCommitHeadroomGiB : 8





Status                    : ready
AverageCpuPercent         : 63
MaximumCpuPercent         : 65
AvailablePhysicalGiB      : 16,6
RequiredPhysicalGiB       : 8
CommitHeadroomGiB         : 11,6
RequiredCommitHeadroomGiB : 8




  >  swag        unittest * sources
PATCH 00000236811EB4F0 __tlsGetValue address=00000236D4D3C000
PATCH 0000023681EF0FC8 __bootstrapAlloc address=00000236D4D43000
PATCH 0000023681E99410 __hostPageReserve address=00000236D4D3E000
PATCH 00000236811EBD28 __tlsSetValue address=00000236D4D47000
PATCH 0000023681E8B560 __hostTlsAlloc address=00000236D4D41000
PATCH 0000023685A793A0 installed address=00000236D4D4A000
PATCH 0000023681EF1800 __bootstrapFree address=00000236D4D48000
PATCH 0000023685A78330 setup address=00000236D4D4C000
PATCH 0000023681E99C48 __hostPageCommit address=00000236D4D40000
PATCH 0000023685A79BD8 diagnosticMode address=00000236D4D4E000
PATCH 0000023685A40020 lockDiagnostic address=00000236D4D50000
PATCH 0000023685A439A8 defaultAllocator address=00000236D4D49000
PATCH 0000023685A40858 unlockDiagnostic address=00000236D4D52000
PATCH 0000023685A78B68 configure address=00000236D4D4B000
PATCH 0000023685A583A0 usesHeaderPath address=00000236D4D54000
PATCH 0000023681E9BCA0 lock address=00000236D4D4F000
PATCH 0000023681DB31D8 atomicAddU64 address=00000236D4D57000
PATCH 0000023685A7A410 osAlloc address=00000236D4D5A000
PATCH 0000023681E9ACB8 __hostPageRelease address=00000236D4D42000
PATCH 0000023685A518C8 userAddress address=00000236D4D5C000
PATCH 0000023685A53170 setFooterMagic address=00000236D4D5E000
PATCH 0000023681E9C4D8 unlock address=00000236D4D51000
PATCH 0000023685A54A18 linkAllocated address=00000236D4D61000
PATCH 0000023681DBA9F0 lockRemote address=00000236D4D64000
PATCH 0000023681DB29A0 atomicGet address=00000236D4D63000
PATCH 0000023681DBB228 unlockRemote address=00000236D4D65000
PATCH 0000023681DB80D8 isBlockAddress address=00000236D4D67000
PATCH 0000023681DB9148 decode address=00000236D4D66000
PATCH 0000023681DBE640 segmentBase address=00000236D4D6B000
PATCH 0000023681DB4248 atomicSubU32 address=00000236D4D68000
PATCH 0000023681E9A480 __hostPageDecommit address=00000236D4D6E000
PATCH 0000023681DB3A10 atomicSubU64 address=00000236D4D6F000
PATCH 0000023685A7D560 unlinkHeap address=00000236D4D73000
PATCH 0000023685A7B480 osFree address=00000236D4D74000
PATCH 0000023681D84A18 allocatorSegmentOf address=00000236D4D6A000
PATCH 0000023685A72C08 retireAllocatorThreadHeap address=00000236D4D76000
PATCH 0000023685A73440 allocatorThreadHeapFlsId address=00000236D4D79000
PATCH 0000023685A73C78 currentAllocatorThreadHeap address=00000236D4D7B000
PATCH 0000023681DB5D30 allocatorOsDecommit address=00000236D4D70000
PATCH 0000023685A744B0 setCurrentAllocatorThreadHeap address=00000236D4D7E000
PATCH 0000023681E8EEE8 __hostCurrentThreadId address=00000236D4D7D000
PATCH 0000023685A7BCB8 allocateThreadHeap address=00000236D4D80000
PATCH 0000023681D81090 clearPageBit address=00000236D4D71000
PATCH 0000023685A76A88 classUnitShift address=00000236D4D83000
PATCH 0000023681DB54F8 allocatorOsCommit address=00000236D4D85000
PATCH 0000023685A74CE8 currentThreadId address=00000236D4D7F000
PATCH 0000023681DB6568 allocatorNextKey address=00000236D4D86000
PATCH 0000023685A7C4F0 threadHeap address=00000236D4D81000
PATCH 0000023681DB4A80 osReserve address=00000236D4D8A000
PATCH 0000023681D83170 allocatorAcquireSegment address=00000236D4D8D000
PATCH 0000023685A52938 footerMagic address=00000236D4D94000
PATCH 0000023685A41090 alloc address=00000236D4D92000
PATCH 0000023685A55250 unlinkAllocated address=00000236D4D96000
PATCH 0000023685A57B68 freeHeaderBlock address=00000236D4D9A000
PATCH 0000023681DB8910 encode address=00000236D4D9C000
PATCH 0000023681DBC298 pushRemote address=00000236D4DA0000
PATCH 0000023681D818C8 isEmpty address=00000236D4DA5000
PATCH 0000023681D839A8 allocatorReleaseSegment address=00000236D4DA6000
PATCH 0000023685A42100 free address=00000236D4DA4000
PATCH 00000236811EC560 __tlsGetPtr address=00000236D4DAD000
PATCH 00000236811D4EF0 __concreteAlias address=00000236D4DAE000
PATCH 0000023685A418C8 realloc address=00000236D4DA3000
PATCH 0000023681D88DF0 Swag.stringCmp address=00000236D4DB0000
PATCH 00000236811D5F60 Swag.typeAs address=00000236D4DB2000
PATCH 0000023681D85CA0 __utoa address=00000236D4DB4000
PATCH 0000023681D86D10 __printU64 address=00000236D4DB5000
PATCH 0000023681D85468 __itoa address=00000236D4DB6000
PATCH 0000023681D87548 __printS64 address=00000236D4DB7000
PATCH 0000023681DBD308 holdsFreeBlock address=00000236D4DA9000
PATCH 0000023681D864D8 __ftoa address=00000236D4DB8000
PATCH 0000023681D87D80 __printF64 address=00000236D4DB9000
PATCH 0000023685A43170 assertAllocated address=00000236D4DAB000
PATCH 0000023681EC6D48 __hostImageBaseForAddress address=00000236D4DBB000
PATCH 0000023681EC7DB8 __peU32 address=00000236D4DBD000
PATCH 0000023681EC9660 __hostReleaseDecodedDebugSection address=00000236D4DBC000
PATCH 0000023685A42938 freeAll address=00000236D4DA8000
PATCH 0000023681EC7580 __peU16 address=00000236D4DBE000
PATCH 00000236811E2578 __dbgU32 address=00000236D4DC1000
PATCH 0000023681EC18C8 __exitError address=00000236D4DC8000
PATCH 0000023681EC8E28 __hostDecodeDebugSection address=00000236D4DBF000
PATCH 0000023685E40858 Swag.safetyPanic address=00000236D4DCC000
PATCH 00000236811E2DB0 __dbgFindSection address=00000236D4DC2000
PATCH 00000236811F36C8 __run_expr_4 address=00000236D4DCD000
PATCH 0000023688DA3E98 swagLifecycleInitWrapper address=00000236D4DCE000
PATCH 00000236811EACB8 __tlsAlloc address=00000236D4DCA000
PATCH 00000236811D9300 Swag.jit address=00000236D4DCB000
PATCH 00000236811E4658 __hasStackTraceSymbols address=00000236D4DC5000
PATCH 0000023681EF0790 __bootstrapRoundedSize address=00000236D4D3F000
PATCH 0000023681E8BD98 __hostTlsGet address=00000236D4D3D000
PATCH 0000023681EC0020 __raiseException666 address=00000236D4D4D000
PATCH 0000023681E8C5D0 __hostTlsSet address=00000236D4D46000
PATCH 00000236811E0020 Swag.memcpy address=00000236D4D45000
PATCH 00000236811DE0E0 __memoryCopyForward address=00000236D4D44000
PATCH 0000023681EC85F0 __hostDebugSection address=00000236D4DC0000
PATCH 0000023685A76250 sizeClass address=00000236D4D53000
PATCH 0000023685A75A18 classSize address=00000236D4D56000
PATCH 0000023685A7AC48 osAllocGuarded address=00000236D4D58000
PATCH 0000023685A772C0 memAlign address=00000236D4D55000
PATCH 0000023685A562C0 popCachedBlock address=00000236D4D59000
PATCH 0000023685A51090 headerOf address=00000236D4D5B000
PATCH 00000236811E35E8 __dbgStr address=00000236D4DC3000
PATCH 0000023685A52100 footer address=00000236D4D5D000
PATCH 00000236811DF390 Swag.memset address=00000236D4D5F000
PATCH 0000023681EC6510 __captureStack address=00000236D4D60000
PATCH 0000023681DBEE78 pageCommitStart address=00000236D4D6C000
PATCH 0000023685A57330 allocateHeaderBlock address=00000236D4D62000
PATCH 0000023681DBBA60 collectRemote address=00000236D4D69000
PATCH 0000023681DBF6B0 pageCommitEnd address=00000236D4D6D000
PATCH 0000023681D80858 releasePage address=00000236D4D72000
PATCH 0000023685A7CD28 retireThreadHeap address=00000236D4D75000
PATCH 0000023681E8CE08 __hostThreadStorageAlloc address=00000236D4D77000
PATCH 0000023681E8DE78 __hostThreadStorageGet address=00000236D4D7A000
PATCH 0000023681E8D640 __hostThreadStorageFree address=00000236D4D78000
PATCH 0000023685A59410 reallocate address=00000236D4DA2000
PATCH 0000023681E8E6B0 __hostThreadStorageSet address=00000236D4D7C000
PATCH 0000023681DBCAD0 acquireBlock address=00000236D4D82000
PATCH 0000023681DB78A0 setupBlockDivision address=00000236D4D87000
PATCH 0000023685A7DD98 linkPage address=00000236D4D84000
PATCH 0000023681D80020 acquirePage address=00000236D4D89000
PATCH 0000023681D82100 allocatorAddArena address=00000236D4D8B000
PATCH 0000023681DB7068 setup address=00000236D4D88000
PATCH 0000023685A7EE08 acquirePageForClass address=00000236D4D8E000
PATCH 0000023685A7F640 acquireBlockSlow address=00000236D4D8F000
PATCH 0000023681D82938 allocatorCreateSegment address=00000236D4D8C000
PATCH 0000023685A50020 acquireBlock address=00000236D4D90000
PATCH 0000023685A58BD8 allocate address=00000236D4D91000
PATCH 0000023681D841E0 allocatorPageOf address=00000236D4D93000
PATCH 0000023685A541E0 checkAllocated address=00000236D4D95000
PATCH 0000023685A539A8 checkFree address=00000236D4D97000
PATCH 0000023685A55A88 quarantine address=00000236D4D98000
PATCH 0000023685A59C48 checkPageAddress address=00000236D4D9B000
PATCH 0000023685A56AF8 cacheFreedBlock address=00000236D4D99000
PATCH 0000023685A7E5D0 unlinkPage address=00000236D4D9E000
PATCH 0000023685A50858 retirePage address=00000236D4D9F000
PATCH 0000023681DBDB40 releaseBlock address=00000236D4D9D000
PATCH 0000023685A5CD98 releaseAll address=00000236D4DA7000
PATCH 0000023685A5A480 freeBlock address=00000236D4DA1000
PATCH 0000023685A5ACB8 assertIsAllocated address=00000236D4DAA000
PATCH 00000236811D6798 Swag.typeCmp address=00000236D4DB1000
PATCH 00000236811E1090 Swag.memcmp address=00000236D4DAF000
PATCH 0000023681EBF6B0 __printString address=00000236D4DB3000
DEFER 00000236892E5060 swagLifecycleInitWrapper shard=8 offset=4696 address=0000000000000000
PATCH 00000236811E3E20 __symbolize address=00000236D4DC4000
DEFER 0000023685A5EE78 opDrop shard=8 offset=4704 address=0000000000000000
PATCH 00000236811E4E90 __logStackTrace address=00000236D4DC6000
DEFER 0000023688DB9270 swagLifecycleInitWrapper shard=8 offset=7232 address=0000000000000000
PATCH 0000023685E40020 Swag.panic address=00000236D4DC9000
PATCH 0000023685E1F3B0 __printPanicReport address=00000236D4DC7000
DEFER 00000236889A0020 swagLifecycleInitWrapper shard=8 offset=7920 address=0000000000000000
DEFER 00000236889FAEB8 swagLifecycleInitWrapper shard=8 offset=9016 address=0000000000000000
PATCH 0000023681D885B8 Swag.print address=00000236D4DBA000
DEFER 0000023688EF0020 swagLifecycleInitWrapper shard=8 offset=10760 address=0000000000000000
DEFER 000002368614F300 swagLifecycleInitWrapper shard=8 offset=11584 address=0000000000000000
DEFER 0000023685A65E80 swagLifecycleInitWrapper shard=8 offset=12672 address=0000000000000000
DEFER 00000236811B29E0 swagLifecycleInitWrapper shard=8 offset=13872 address=0000000000000000
DEFER 0000023685A6C350 swagLifecycleInitWrapper shard=8 offset=14480 address=0000000000000000
PATCH 00000236811D9B38 __runtimeAllocator address=00000236D4DAC000
PATCH 00000236811D2648 probeTinyReg address=00000236D4DD1000
PATCH 00000236811D2E80 probeDragEnter address=00000236D4DD2000
PATCH 00000236811D1E10 probePairStack address=00000236D4DD0000
PATCH 00000236811D36B8 probeLargeOutbound address=00000236D4DD3000
PATCH 00000236811D15D8 probePairReg address=00000236D4DCF000
PATCH 0000023689756358 __run_expr_4 address=00000236D4E24000
PATCH 0000023689B315D8 probePairReg address=00000236D4E25000
PATCH 0000023689B336B8 probeLargeOutbound address=00000236D4E29000
PATCH 0000023689B32648 probeTinyReg address=00000236D4E27000
PATCH 0000023689B31E10 probePairStack address=00000236D4E26000
PATCH 0000023689B32E80 probeDragEnter address=00000236D4E28000
PATCH 0000023684F4BD28 __hostPageReserve address=00000236D4FC5000
PATCH 0000023684F52A88 __bootstrapAlloc address=00000236D4FCB000
PATCH 0000023684F4C560 __hostPageCommit address=00000236D4FC8000
PATCH 0000023689727118 __tlsSetValue address=00000236D4FCF000
PATCH 000002368C5F39A8 defaultAllocator address=00000236D4FD1000
PATCH 000002368C9993A0 installed address=00000236D4FD2000
PATCH 0000023684F7D880 __hostTlsAlloc address=00000236D4FC4000
PATCH 000002368C998330 setup address=00000236D4FD4000
PATCH 0000023684F4D5D0 __hostPageRelease address=00000236D4FCA000
PATCH 0000023684F532C0 __bootstrapFree address=00000236D4FD0000
PATCH 0000023684F4E5B8 lock address=00000236D4FD7000
PATCH 000002368C998B68 configure address=00000236D4FD3000
PATCH 000002368C5F0858 unlockDiagnostic address=00000236D4FDA000
PATCH 0000023684F4EDF0 unlock address=00000236D4FD9000
PATCH 000002368C999BD8 diagnosticMode address=00000236D4FD6000
PATCH 000002368DD131D8 atomicAddU64 address=00000236D4FDF000
PATCH 000002368C5F0020 lockDiagnostic address=00000236D4FD8000
PATCH 000002368C99A410 osAlloc address=00000236D4FE2000
PATCH 000002368C5E83A0 usesHeaderPath address=00000236D4FDC000
PATCH 000002368C5E4A18 linkAllocated address=00000236D4FE7000
PATCH 000002368C5E18C8 userAddress address=00000236D4FE4000
PATCH 000002368DD129A0 atomicGet address=00000236D4FEA000
PATCH 000002368DD1A9F0 lockRemote address=00000236D4FEC000
PATCH 000002368DD1B228 unlockRemote address=00000236D4FED000
PATCH 000002368DD19148 decode address=00000236D4FEE000
PATCH 000002368DD180D8 isBlockAddress address=00000236D4FEF000
PATCH 000002368DD14248 atomicSubU32 address=00000236D4FF0000
PATCH 000002368DD1E640 segmentBase address=00000236D4FF3000
PATCH 000002368DD54A18 allocatorSegmentOf address=00000236D4FF2000
PATCH 000002368DD51090 clearPageBit address=00000236D4FF5000
PATCH 000002368C99D560 unlinkHeap address=00000236D4FF9000
PATCH 000002368C992C08 retireAllocatorThreadHeap address=00000236D4FFD000
PATCH 000002368DD15D30 allocatorOsDecommit address=00000236D4FFE000
PATCH 000002368DD13A10 atomicSubU64 address=00000236D4FFA000
PATCH 0000023684F418C8 __hostCurrentThreadId address=00000236D5006000
PATCH 0000023684F4CD98 __hostPageDecommit address=00000236D4FF8000
PATCH 000002368C994CE8 currentThreadId address=00000236D5007000
PATCH 000002368C993C78 currentAllocatorThreadHeap address=00000236D5003000
PATCH 000002368C99C4F0 threadHeap address=00000236D5009000
PATCH 000002368C99BCB8 allocateThreadHeap address=00000236D5008000
PATCH 000002368DD152B8 allocatorOsCommit address=00000236D500D000
PATCH 000002368C993440 allocatorThreadHeapFlsId address=00000236D5001000
PATCH 000002368DD14A80 osReserve address=00000236D5012000
PATCH 000002368C996A88 classUnitShift address=00000236D500B000
PATCH 000002368DD53170 allocatorAcquireSegment address=00000236D5015000
PATCH 000002368DD16568 allocatorNextKey address=00000236D500E000
PATCH 000002368C5F1090 alloc address=00000236D5019000
PATCH 000002368C5E5250 unlinkAllocated address=00000236D501E000
PATCH 000002368C5E2938 footerMagic address=00000236D501C000
PATCH 000002368C5E7B68 freeHeaderBlock address=00000236D5022000
PATCH 000002368C9944B0 setCurrentAllocatorThreadHeap address=00000236D5005000
PATCH 000002368DD1C298 pushRemote address=00000236D5027000
PATCH 000002368C5F18C8 realloc address=00000236D502A000
PATCH 000002368DD518C8 isEmpty address=00000236D502D000
PATCH 000002368DD18910 encode address=00000236D5024000
PATCH 000002368DD1D308 holdsFreeBlock address=00000236D5031000
PATCH 000002368C5F3170 assertAllocated address=00000236D5033000
PATCH 000002368DD539A8 allocatorReleaseSegment address=00000236D502E000
PATCH 0000023684F54760 __concreteAlias address=00000236D5035000
PATCH 000002368C5F2100 free address=00000236D502B000
PATCH 0000023689727950 __tlsGetPtr address=00000236D5038000
PATCH 0000023684F557D0 Swag.typeAs address=00000236D503A000
PATCH 000002368C5F2938 freeAll address=00000236D5030000
PATCH 000002368C5F5468 __itoa address=00000236D503E000
PATCH 000002368C5F7548 __printS64 address=00000236D503F000
PATCH 000002368C5F8DF0 Swag.stringCmp address=00000236D5037000
PATCH 000002368C5F7D80 __printF64 address=00000236D5041000
PATCH 000002368C5F5CA0 __utoa address=00000236D503B000
PATCH 0000023684F19660 __hostImageBaseForAddress address=00000236D5043000
PATCH 0000023684F1A6D0 __peU32 address=00000236D5045000
PATCH 000002368C5F64D8 __ftoa address=00000236D5040000
PATCH 0000023684F19E98 __peU16 address=00000236D5046000
PATCH 000002368C5F6D10 __printU64 address=00000236D503D000
PATCH 000002368DBC55B8 __dbgU32 address=00000236D5049000
PATCH 0000023684F1B740 __hostDecodeDebugSection address=00000236D5048000
PATCH 0000023684F1BF78 __hostReleaseDecodedDebugSection address=00000236D5044000
PATCH 000002368DBC5DF0 __dbgFindSection address=00000236D504A000
PATCH 000002368DBC6E60 __symbolize address=00000236D504C000
PATCH 000002368DBC6628 __dbgStr address=00000236D504B000
PATCH 000002368DBC7ED0 __logStackTrace address=00000236D504F000
PATCH 0000023684F141E0 __exitError address=00000236D5051000
PATCH 000002368DBC7698 __hasStackTraceSymbols address=00000236D504E000
PATCH 0000023685BB00D8 __run_expr_0 address=00000236D5055000
PATCH 00000236897260A8 __tlsAlloc address=00000236D5053000
PATCH 0000023684F58B70 Swag.jit address=00000236D5054000
PATCH 000002368C401988 swagLifecycleInitWrapper address=00000236D5056000
PATCH 00000236897268E0 __tlsGetValue address=00000236D4FC6000
PATCH 0000023684F52250 __bootstrapRoundedSize address=00000236D4FC7000
PATCH 0000023684F5F1F8 Swag.memcpy address=00000236D4FCD000
PATCH 0000023684F7E0B8 __hostTlsGet address=00000236D4FC9000
PATCH 0000023684F5D950 __memoryCopyForward address=00000236D4FCC000
PATCH 0000023684F12938 __raiseException666 address=00000236D4FD5000
PATCH 0000023684F7E8F0 __hostTlsSet address=00000236D4FCE000
PATCH 000002368C995A18 classSize address=00000236D4FDE000
PATCH 000002368C99AC48 osAllocGuarded address=00000236D4FE0000
PATCH 000002368C9972C0 memAlign address=00000236D4FDD000
PATCH 0000023684F40020 __hostThreadStorageFree address=00000236D5000000
PATCH 000002368C5E1090 headerOf address=00000236D4FE3000
PATCH 000002368C5E3170 setFooterMagic address=00000236D4FE9000
PATCH 000002368C5E2100 footer address=00000236D4FEB000
PATCH 000002368C996250 sizeClass address=00000236D4FDB000
PATCH 0000023684F5E9C0 Swag.memset address=00000236D4FE5000
PATCH 000002368970B898 Swag.safetyPanic address=00000236D504D000
PATCH 0000023684F18E28 __captureStack address=00000236D4FE6000
PATCH 000002368C5E62C0 popCachedBlock address=00000236D4FE1000
PATCH 000002368C5E7330 allocateHeaderBlock address=00000236D4FE8000
PATCH 000002368DD1BA60 collectRemote address=00000236D4FF1000
PATCH 000002368DD1EE78 pageCommitStart address=00000236D4FF4000
PATCH 000002368DD1F6B0 pageCommitEnd address=00000236D4FF6000
PATCH 000002368DD50858 releasePage address=00000236D4FF7000
PATCH 000002368C99B480 osFree address=00000236D4FFB000
PATCH 000002368C99CD28 retireThreadHeap address=00000236D4FFC000
PATCH 0000023684F7F128 __hostThreadStorageAlloc address=00000236D4FFF000
PATCH 0000023684F40858 __hostThreadStorageGet address=00000236D5002000
PATCH 0000023684F41090 __hostThreadStorageSet address=00000236D5004000
PATCH 000002368C5E41E0 checkAllocated address=00000236D501D000
PATCH 000002368DD1CAD0 acquireBlock address=00000236D500A000
PATCH 000002368DD178A0 setupBlockDivision address=00000236D500F000
PATCH 000002368C99DD98 linkPage address=00000236D500C000
PATCH 000002368DD17068 setup address=00000236D5010000
PATCH 000002368DD50020 acquirePage address=00000236D5011000
PATCH 000002368DD52100 allocatorAddArena address=00000236D5013000
PATCH 000002368C99EE08 acquirePageForClass address=00000236D5016000
PATCH 000002368C99F640 acquireBlockSlow address=00000236D5017000
PATCH 000002368DD52938 allocatorCreateSegment address=00000236D5014000
PATCH 000002368C5E8BD8 allocate address=00000236D501A000
PATCH 000002368DD541E0 allocatorPageOf address=00000236D501B000
PATCH 000002368C5E0020 acquireBlock address=00000236D5018000
PATCH 000002368C5E39A8 checkFree address=00000236D501F000
PATCH 000002368C5E6AF8 cacheFreedBlock address=00000236D5021000
PATCH 000002368C5E9C48 checkPageAddress address=00000236D5023000
PATCH 000002368C5E5A88 quarantine address=00000236D5020000
PATCH 000002368C99E5D0 unlinkPage address=00000236D5025000
PATCH 000002368C5E0858 retirePage address=00000236D5026000
PATCH 000002368C5EA480 freeBlock address=00000236D5028000
PATCH 000002368C5ECD98 releaseAll address=00000236D502F000
PATCH 000002368C5EACB8 assertIsAllocated address=00000236D5032000
PATCH 000002368C5E9410 reallocate address=00000236D5029000
PATCH 0000023684F56008 Swag.typeCmp address=00000236D5039000
PATCH 000002368DD1DB40 releaseBlock address=00000236D502C000
PATCH 0000023684F60858 Swag.memcmp address=00000236D5036000
DEFER 0000023688EA9218 swagLifecycleInitWrapper shard=0 offset=4216 address=0000000000000000
DEFER 000002368C5EEE78 opDrop shard=0 offset=4224 address=0000000000000000
PATCH 0000023684F12100 __printString address=00000236D503C000
DEFER 000002368C441EC0 swagLifecycleInitWrapper shard=0 offset=6736 address=0000000000000000
PATCH 0000023684F1AF08 __hostDebugSection address=00000236D5047000
PATCH 000002368970B060 Swag.panic address=00000236D5052000
DEFER 0000023685BF6E30 swagLifecycleInitWrapper shard=0 offset=7424 address=0000000000000000
PATCH 000002368970A828 __printPanicReport address=00000236D5050000
DEFER 00000236892A6DD8 swagLifecycleInitWrapper shard=0 offset=8520 address=0000000000000000
DEFER 0000023688ED0020 swagLifecycleInitWrapper shard=0 offset=10264 address=0000000000000000
DEFER 000002368C599D40 swagLifecycleInitWrapper shard=0 offset=11088 address=0000000000000000
DEFER 000002368DBCE7F0 swagLifecycleInitWrapper shard=0 offset=12176 address=0000000000000000
PATCH 000002368C5F85B8 Swag.print address=00000236D5042000
DEFER 000002368C43AE68 swagLifecycleInitWrapper shard=0 offset=13376 address=0000000000000000
DEFER 0000023688426600 swagLifecycleInitWrapper shard=0 offset=13984 address=0000000000000000
PATCH 0000023684F593A8 __runtimeAllocator address=00000236D5034000
PATCH 0000023689A09CB8 __hostTlsAlloc address=00000236D50B0000
PATCH 00000236895E0FC8 __bootstrapAlloc address=00000236D50B7000
PATCH 0000023689A77B68 __hostPageReserve address=00000236D50B3000
PATCH 0000023689A79410 __hostPageRelease address=00000236D50B6000
PATCH 0000023689760858 __tlsSetValue address=00000236D50BB000
PATCH 00000236895E1800 __bootstrapFree address=00000236D50BC000
PATCH 00000236896293A0 installed address=00000236D50BE000
PATCH 00000236896439A8 defaultAllocator address=00000236D50BD000
PATCH 0000023689A783A0 __hostPageCommit address=00000236D50B4000
PATCH 0000023689628B68 configure address=00000236D50BF000
PATCH 0000023689628330 setup address=00000236D50C0000
PATCH 0000023689760020 __tlsGetValue address=00000236D50B5000
PATCH 0000023689A7A3F8 lock address=00000236D50C3000
PATCH 0000023689629BD8 diagnosticMode address=00000236D50C2000
PATCH 0000023689A7AC30 unlock address=00000236D50C5000
PATCH 0000023689640020 lockDiagnostic address=00000236D50C4000
PATCH 00000236896383A0 usesHeaderPath address=00000236D50C8000
PATCH 0000023689640858 unlockDiagnostic address=00000236D50C6000
PATCH 00000236891031D8 atomicAddU64 address=00000236D50CB000
PATCH 000002368962A410 osAlloc address=00000236D50CE000
PATCH 00000236896318C8 userAddress address=00000236D50D0000
PATCH 0000023689634A18 linkAllocated address=00000236D50D2000
PATCH 0000023689632100 footer address=00000236D50D1000
PATCH 000002368910A9F0 lockRemote address=00000236D50D7000
PATCH 000002368910B228 unlockRemote address=00000236D50D9000
PATCH 0000023689109148 decode address=00000236D50DA000
PATCH 00000236891080D8 isBlockAddress address=00000236D50DB000
PATCH 0000023689633170 setFooterMagic address=00000236D50D5000
PATCH 00000236891029A0 atomicGet address=00000236D50D4000
PATCH 0000023689A78BD8 __hostPageDecommit address=00000236D50E2000
PATCH 0000023689104248 atomicSubU32 address=00000236D50DC000
PATCH 0000023689105D30 allocatorOsDecommit address=00000236D50E4000
PATCH 0000023689131090 clearPageBit address=00000236D50E5000
PATCH 0000023689134A18 allocatorSegmentOf address=00000236D50DE000
PATCH 000002368962D560 unlinkHeap address=00000236D50E7000
PATCH 0000023689623440 allocatorThreadHeapFlsId address=00000236D50ED000
PATCH 0000023689103A10 atomicSubU64 address=00000236D50E3000
PATCH 0000023689623C78 currentAllocatorThreadHeap address=00000236D50EF000
PATCH 000002368910E640 segmentBase address=00000236D50DF000
PATCH 000002368962B480 osFree address=00000236D50E8000
PATCH 0000023689624CE8 currentThreadId address=00000236D50F3000
PATCH 000002368962BCB8 allocateThreadHeap address=00000236D50F4000
PATCH 000002368962C4F0 threadHeap address=00000236D50F5000
PATCH 00000236896244B0 setCurrentAllocatorThreadHeap address=00000236D50F1000
PATCH 0000023689626A88 classUnitShift address=00000236D50F7000
PATCH 00000236891052B8 allocatorOsCommit address=00000236D50FA000
PATCH 0000023689106568 allocatorNextKey address=00000236D50FB000
PATCH 00000236891078A0 setupBlockDivision address=00000236D50FC000
PATCH 0000023689A0D640 __hostCurrentThreadId address=00000236D50F2000
PATCH 0000023689104A80 osReserve address=00000236D50FF000
PATCH 0000023689107068 setup address=00000236D50FD000
PATCH 000002368962DD98 linkPage address=00000236D50F9000
PATCH 0000023689130020 acquirePage address=00000236D50FE000
PATCH 0000023689622C08 retireAllocatorThreadHeap address=00000236D50EA000
PATCH 0000023689630020 acquireBlock address=00000236D5103000
PATCH 0000023689132100 allocatorAddArena address=00000236D5100000
PATCH 000002368962F640 acquireBlockSlow address=00000236D5102000
PATCH 0000023689641090 alloc address=00000236D5106000
PATCH 0000023689133170 allocatorAcquireSegment address=00000236D5108000
PATCH 0000023689635250 unlinkAllocated address=00000236D510B000
PATCH 00000236891341E0 allocatorPageOf address=00000236D5107000
PATCH 0000023689632938 footerMagic address=00000236D5109000
PATCH 0000023689132938 allocatorCreateSegment address=00000236D5104000
PATCH 0000023689635A88 quarantine address=00000236D510D000
PATCH 0000023689638BD8 allocate address=00000236D5105000
PATCH 000002368910DB40 releaseBlock address=00000236D5111000
PATCH 0000023689108910 encode address=00000236D5112000
PATCH 000002368962E5D0 unlinkPage address=00000236D5113000
PATCH 000002368910C298 pushRemote address=00000236D5115000
PATCH 0000023689630858 retirePage address=00000236D5114000
PATCH 0000023689636AF8 cacheFreedBlock address=00000236D510E000
PATCH 00000236896418C8 realloc address=00000236D5118000
PATCH 0000023689642100 free address=00000236D5119000
PATCH 00000236891318C8 isEmpty address=00000236D511A000
PATCH 00000236891339A8 allocatorReleaseSegment address=00000236D511B000
PATCH 000002368963CD98 releaseAll address=00000236D511C000
PATCH 0000023689637B68 freeHeaderBlock address=00000236D510F000
PATCH 0000023689639410 reallocate address=00000236D5117000
PATCH 0000023689761090 __tlsGetPtr address=00000236D5122000
PATCH 0000023689642938 freeAll address=00000236D511D000
PATCH 0000023689A50C88 __concreteAlias address=00000236D5123000
PATCH 0000023689648DF0 Swag.stringCmp address=00000236D5125000
PATCH 0000023689643170 assertAllocated address=00000236D5120000
PATCH 0000023689A52530 Swag.typeCmp address=00000236D5126000
PATCH 0000023689A51CF8 Swag.typeAs address=00000236D5127000
PATCH 0000023689645CA0 __utoa address=00000236D5129000
PATCH 0000023689A5C790 Swag.memcmp address=00000236D5124000
PATCH 0000023689646D10 __printU64 address=00000236D512A000
PATCH 00000236895FDE08 __printString address=00000236D5128000
PATCH 0000023689645468 __itoa address=00000236D512B000
PATCH 00000236896464D8 __ftoa address=00000236D512D000
PATCH 0000023689647548 __printS64 address=00000236D512C000
PATCH 000002368910D308 holdsFreeBlock address=00000236D511E000
PATCH 0000023689585CD8 __peU16 address=00000236D5133000
PATCH 0000023689587DB8 __hostReleaseDecodedDebugSection address=00000236D5131000
PATCH 0000023689647D80 __printF64 address=00000236D512E000
PATCH 0000023689586D48 __hostDebugSection address=00000236D5134000
PATCH 0000023689706E60 __dbgU32 address=00000236D5136000
PATCH 0000023689587580 __hostDecodeDebugSection address=00000236D5135000
PATCH 0000023689586510 __peU32 address=00000236D5132000
PATCH 0000023689707698 __dbgFindSection address=00000236D5137000
PATCH 0000023689708F40 __hasStackTraceSymbols address=00000236D513A000
PATCH 0000023689708708 __symbolize address=00000236D5139000
PATCH 0000023689707ED0 __dbgStr address=00000236D5138000
PATCH 00000236895854A0 __hostImageBaseForAddress address=00000236D5130000
PATCH 0000023689580020 __exitError address=00000236D513D000
PATCH 0000023689709778 __logStackTrace address=00000236D513B000
PATCH 000002368970F5A0 __tlsAlloc address=00000236D513F000
PATCH 0000023685B8E9B8 __run_expr_2 address=00000236D5141000
PATCH 0000023689147CB8 swagLifecycleInitWrapper address=00000236D5142000
PATCH 0000023689A55098 Swag.jit address=00000236D5140000
PATCH 0000023689A0A4F0 __hostTlsGet address=00000236D50B2000
PATCH 00000236895E0790 __bootstrapRoundedSize address=00000236D50B1000
PATCH 0000023689A5B720 Swag.memcpy address=00000236D50B9000
PATCH 0000023689A59E78 __memoryCopyForward address=00000236D50B8000
PATCH 0000023689A0AD28 __hostTlsSet address=00000236D50BA000
PATCH 00000236895FE640 __raiseException666 address=00000236D50C1000
PATCH 00000236896272C0 memAlign address=00000236D50C9000
PATCH 0000023689625A18 classSize address=00000236D50CA000
PATCH 0000023689626250 sizeClass address=00000236D50C7000
PATCH 000002368962AC48 osAllocGuarded address=00000236D50CC000
PATCH 00000236896362C0 popCachedBlock address=00000236D50CD000
PATCH 0000023689631090 headerOf address=00000236D50CF000
PATCH 0000023689A5AEE8 Swag.memset address=00000236D50D6000
PATCH 0000023689584C68 __captureStack address=00000236D50D8000
PATCH 0000023689637330 allocateHeaderBlock address=00000236D50D3000
PATCH 000002368910BA60 collectRemote address=00000236D50DD000
PATCH 000002368910EE78 pageCommitStart address=00000236D50E0000
PATCH 000002368910F6B0 pageCommitEnd address=00000236D50E1000
PATCH 000002368962CD28 retireThreadHeap address=00000236D50E9000
PATCH 0000023689A0B560 __hostThreadStorageAlloc address=00000236D50EB000
PATCH 0000023689130858 releasePage address=00000236D50E6000
PATCH 0000023689A0BD98 __hostThreadStorageFree address=00000236D50EC000
PATCH 0000023689639C48 checkPageAddress address=00000236D5110000
PATCH 00000236895EAE08 Swag.safetyPanic address=00000236D50F8000
PATCH 0000023689A0C5D0 __hostThreadStorageGet address=00000236D50EE000
PATCH 000002368910CAD0 acquireBlock address=00000236D50F6000
PATCH 0000023689A0CE08 __hostThreadStorageSet address=00000236D50F0000
PATCH 000002368962EE08 acquirePageForClass address=00000236D5101000
PATCH 00000236896341E0 checkAllocated address=00000236D510A000
PATCH 00000236896339A8 checkFree address=00000236D510C000
PATCH 000002368963A480 freeBlock address=00000236D5116000
PATCH 000002368963ACB8 assertIsAllocated address=00000236D511F000
DEFER 0000023685CF0020 swagLifecycleInitWrapper shard=8 offset=4320 address=0000000000000000
DEFER 000002368963EE78 opDrop shard=8 offset=4328 address=0000000000000000
DEFER 00000236897418D0 swagLifecycleInitWrapper shard=8 offset=6840 address=0000000000000000
DEFER 0000023685C8E050 swagLifecycleInitWrapper shard=8 offset=7528 address=0000000000000000
DEFER 0000023685C8D550 swagLifecycleInitWrapper shard=8 offset=8624 address=0000000000000000
DEFER 0000023689172960 swagLifecycleInitWrapper shard=8 offset=10368 address=0000000000000000
DEFER 0000023689768CD0 swagLifecycleInitWrapper shard=8 offset=11192 address=0000000000000000
DEFER 0000023685B90020 swagLifecycleInitWrapper shard=8 offset=12280 address=0000000000000000
DEFER 0000023689327610 swagLifecycleInitWrapper shard=8 offset=13480 address=0000000000000000
DEFER 0000023689A2DB68 swagLifecycleInitWrapper shard=8 offset=14088 address=0000000000000000
PATCH 00000236895EA5D0 Swag.panic address=00000236D513E000
PATCH 0000023689A558D0 __runtimeAllocator address=00000236D5121000
PATCH 00000236895E9D98 __printPanicReport address=00000236D513C000
PATCH 00000236896485B8 Swag.print address=00000236D512F000
PATCH 000002368964CB20 releaseAll address=00000236D5146000
PATCH 0000023689A56940 __resetRuntimeContext address=00000236D5148000
PATCH 000002368964C2E8 release address=00000236D5147000
PATCH 00000236895FCD98 __osCommandLine address=00000236D5149000
PATCH 000002368964B278 freeMem address=00000236D5145000
PATCH 000002368964D358 setCapacity address=00000236D514B000
DEFER 0000023685CF0020 swagLifecycleInitWrapper shard=8 offset=4320 address=0000000000000000
PATCH 00000236895FD5D0 __hostHasAvx2 address=00000236D5143000
PATCH 0000023689A57178 __checkCpuBaseline address=00000236D5144000
DEFER 000002368963EE78 opDrop shard=8 offset=4328 address=0000000000000000
PATCH 0000023689A579B0 __setupRuntime address=00000236D514C000
DEFER 00000236897418D0 swagLifecycleInitWrapper shard=8 offset=6840 address=0000000000000000
DEFER 0000023685C8E050 swagLifecycleInitWrapper shard=8 offset=7528 address=0000000000000000
DEFER 0000023685C8D550 swagLifecycleInitWrapper shard=8 offset=8624 address=0000000000000000
DEFER 0000023689172960 swagLifecycleInitWrapper shard=8 offset=10368 address=0000000000000000
DEFER 0000023689768CD0 swagLifecycleInitWrapper shard=8 offset=11192 address=0000000000000000
DEFER 0000023685B90020 swagLifecycleInitWrapper shard=8 offset=12280 address=0000000000000000
DEFER 0000023689327610 swagLifecycleInitWrapper shard=8 offset=13480 address=0000000000000000
DEFER 0000023689A2DB68 swagLifecycleInitWrapper shard=8 offset=14088 address=0000000000000000
PATCH 0000023689644A18 installAllocator address=00000236D514A000
PATCH 0000023685B8CE50 takeValue address=00000236D514D000
PATCH 0000023689769480 __hostTlsAlloc address=00000236D519C000
PATCH 0000023689300020 __tlsGetValue address=00000236D519E000
PATCH 0000023689727330 __hostPageReserve address=00000236D51A0000
PATCH 0000023689727B68 __hostPageCommit address=00000236D51A1000
PATCH 0000023689728BD8 __hostPageRelease address=00000236D51A2000
PATCH 0000023689770FC8 __bootstrapAlloc address=00000236D51A3000
PATCH 0000023689300858 __tlsSetValue address=00000236D51A7000
PATCH 0000023689771800 __bootstrapFree address=00000236D51A8000
PATCH 0000023689AD39A8 defaultAllocator address=00000236D51A9000
PATCH 0000023689AB93A0 installed address=00000236D51AA000
PATCH 0000023689AB8B68 configure address=00000236D51AB000
PATCH 0000023689AB8330 setup address=00000236D51AC000
PATCH 0000023689AB9BD8 diagnosticMode address=00000236D51AE000
PATCH 0000023689729BC0 lock address=00000236D51AF000
PATCH 0000023689AD0020 lockDiagnostic address=00000236D51B0000
PATCH 000002368972A3F8 unlock address=00000236D51B1000
PATCH 0000023689AD0858 unlockDiagnostic address=00000236D51B2000
PATCH 0000023689AC83A0 usesHeaderPath address=00000236D51B4000
PATCH 0000023685C931D8 atomicAddU64 address=00000236D51B7000
PATCH 0000023689ABA410 osAlloc address=00000236D51BA000
PATCH 0000023689AC18C8 userAddress address=00000236D51BC000
PATCH 0000023689AC3170 setFooterMagic address=00000236D51BE000
PATCH 0000023689AC4A18 linkAllocated address=00000236D51C1000
PATCH 0000023685C929A0 atomicGet address=00000236D51C3000
PATCH 0000023685C9A9F0 lockRemote address=00000236D51C4000
PATCH 0000023685C9B228 unlockRemote address=00000236D51C5000
PATCH 0000023685C99148 decode address=00000236D51C6000
PATCH 0000023685C980D8 isBlockAddress address=00000236D51C7000
PATCH 0000023685C94248 atomicSubU32 address=00000236D51C8000
PATCH 0000023685CB4A18 allocatorSegmentOf address=00000236D51CA000
PATCH 0000023685C9E640 segmentBase address=00000236D51CB000
PATCH 00000236897283A0 __hostPageDecommit address=00000236D51CE000
PATCH 0000023685C93A10 atomicSubU64 address=00000236D51CF000
PATCH 0000023685C95AF0 allocatorOsDecommit address=00000236D51D0000
PATCH 0000023685CB1090 clearPageBit address=00000236D51D1000
PATCH 0000023689ABD560 unlinkHeap address=00000236D51D3000
PATCH 0000023689ABB480 osFree address=00000236D51D4000
PATCH 0000023689AB2C08 retireAllocatorThreadHeap address=00000236D51D6000
PATCH 0000023689AB3440 allocatorThreadHeapFlsId address=00000236D51D9000
PATCH 0000023689AB3C78 currentAllocatorThreadHeap address=00000236D51DB000
PATCH 0000023689AB44B0 setCurrentAllocatorThreadHeap address=00000236D51DD000
PATCH 0000023689AB4CE8 currentThreadId address=00000236D51DF000
PATCH 0000023689ABBCB8 allocateThreadHeap address=00000236D51E0000
PATCH 000002368976CE08 __hostCurrentThreadId address=00000236D51DE000
PATCH 0000023689ABC4F0 threadHeap address=00000236D51E1000
PATCH 0000023689AB6A88 classUnitShift address=00000236D51E3000
PATCH 0000023685C952B8 allocatorOsCommit address=00000236D51E5000
PATCH 0000023685C96568 allocatorNextKey address=00000236D51E6000
PATCH 0000023685C94A80 osReserve address=00000236D51EA000
PATCH 0000023685CB3170 allocatorAcquireSegment address=00000236D51ED000
PATCH 0000023689AD1090 alloc address=00000236D51F2000
PATCH 0000023689AC2938 footerMagic address=00000236D51F4000
PATCH 0000023689AC5250 unlinkAllocated address=00000236D51F6000
PATCH 0000023689AC7B68 freeHeaderBlock address=00000236D51FA000
PATCH 0000023685C98910 encode address=00000236D51FC000
PATCH 0000023685C9C298 pushRemote address=00000236D5200000
PATCH 0000023689AD18C8 realloc address=00000236D5203000
PATCH 0000023689AD2100 free address=00000236D5204000
PATCH 0000023685CB18C8 isEmpty address=00000236D5205000
PATCH 0000023685CB39A8 allocatorReleaseSegment address=00000236D5206000
PATCH 0000023689AD2938 freeAll address=00000236D5208000
PATCH 0000023685C9D308 holdsFreeBlock address=00000236D5209000
PATCH 0000023689AD3170 assertAllocated address=00000236D520B000
PATCH 0000023689301090 __tlsGetPtr address=00000236D520D000
PATCH 00000236893123F8 __concreteAlias address=00000236D520E000
PATCH 0000023685CB8DF0 Swag.stringCmp address=00000236D5210000
PATCH 0000023689313468 Swag.typeAs address=00000236D5212000
PATCH 0000023685CB5CA0 __utoa address=00000236D5214000
PATCH 0000023685CB6D10 __printU64 address=00000236D5215000
PATCH 0000023685CB5468 __itoa address=00000236D5216000
PATCH 0000023685CB7548 __printS64 address=00000236D5217000
PATCH 0000023685CB7D80 __printF64 address=00000236D5219000
DEFER 0000023689CDE100 swagLifecycleInitWrapper shard=0 offset=5200 address=0000000000000000
PATCH 0000023685CB64D8 __ftoa address=00000236D5218000
DEFER 0000023689CDE100 swagLifecycleInitWrapper shard=8 offset=15408 address=0000000000000000
PATCH 00000236892E4BB0 __hostImageBaseForAddress address=00000236D521B000
PATCH 00000236892E74C8 __hostReleaseDecodedDebugSection address=00000236D521C000
PATCH 00000236892E5C20 __peU32 address=00000236D521D000
PATCH 00000236892E53E8 __peU16 address=00000236D521E000
PATCH 0000023689326848 __dbgU32 address=00000236D5221000
PATCH 00000236892E6C90 __hostDecodeDebugSection address=00000236D5220000
PATCH 0000023689327080 __dbgFindSection address=00000236D5222000
PATCH 0000023689328928 __hasStackTraceSymbols address=00000236D5225000
PATCH 000002368928F6B0 __exitError address=00000236D5228000
PATCH 000002368932EF88 __tlsAlloc address=00000236D522A000
PATCH 0000023689316808 Swag.jit address=00000236D522B000
PATCH 000002368977AE08 Swag.safetyPanic address=00000236D522C000
PATCH 0000023685CF95D0 __run_expr_2 address=00000236D522D000
PATCH 0000023689CDE100 swagLifecycleInitWrapper address=00000236D522E000
PATCH 000002368976B560 __hostThreadStorageFree address=00000236D51D8000
PATCH 0000023689769CB8 __hostTlsGet address=00000236D519D000
PATCH 0000023689770790 __bootstrapRoundedSize address=00000236D519F000
PATCH 000002368931B5E8 __memoryCopyForward address=00000236D51A4000
PATCH 000002368931CE90 Swag.memcpy address=00000236D51A5000
PATCH 000002368976A4F0 __hostTlsSet address=00000236D51A6000
PATCH 000002368928DE08 __raiseException666 address=00000236D51AD000
PATCH 0000023689AB6250 sizeClass address=00000236D51B3000
PATCH 0000023689AB72C0 memAlign address=00000236D51B5000
PATCH 0000023689AB5A18 classSize address=00000236D51B6000
PATCH 0000023689ABAC48 osAllocGuarded address=00000236D51B8000
PATCH 0000023689AC62C0 popCachedBlock address=00000236D51B9000
PATCH 0000023689AC1090 headerOf address=00000236D51BB000
PATCH 0000023689AC2100 footer address=00000236D51BD000
PATCH 000002368931C658 Swag.memset address=00000236D51BF000
PATCH 00000236892E4378 __captureStack address=00000236D51C0000
PATCH 0000023689AC7330 allocateHeaderBlock address=00000236D51C2000
PATCH 0000023685C9BA60 collectRemote address=00000236D51C9000
PATCH 0000023685C9EE78 pageCommitStart address=00000236D51CC000
PATCH 0000023685C9F6B0 pageCommitEnd address=00000236D51CD000
PATCH 0000023685CB0858 releasePage address=00000236D51D2000
PATCH 0000023689ABCD28 retireThreadHeap address=00000236D51D5000
PATCH 0000023685C978A0 setupBlockDivision address=00000236D51E7000
PATCH 000002368976AD28 __hostThreadStorageAlloc address=00000236D51D7000
PATCH 000002368976BD98 __hostThreadStorageGet address=00000236D51DA000
PATCH 000002368976C5D0 __hostThreadStorageSet address=00000236D51DC000
PATCH 0000023685C9CAD0 acquireBlock address=00000236D51E2000
PATCH 0000023689ABDD98 linkPage address=00000236D51E4000
PATCH 0000023685C97068 setup address=00000236D51E8000
PATCH 0000023685CB0020 acquirePage address=00000236D51E9000
PATCH 0000023685CB2100 allocatorAddArena address=00000236D51EB000
PATCH 0000023685CB2938 allocatorCreateSegment address=00000236D51EC000
PATCH 0000023689ABEE08 acquirePageForClass address=00000236D51EE000
PATCH 0000023689ABF640 acquireBlockSlow address=00000236D51EF000
PATCH 0000023689AC0020 acquireBlock address=00000236D51F0000
PATCH 0000023689AC8BD8 allocate address=00000236D51F1000
PATCH 0000023685CB41E0 allocatorPageOf address=00000236D51F3000
PATCH 0000023689AC41E0 checkAllocated address=00000236D51F5000
PATCH 0000023689AC39A8 checkFree address=00000236D51F7000
PATCH 0000023689AC5A88 quarantine address=00000236D51F8000
PATCH 0000023689AC6AF8 cacheFreedBlock address=00000236D51F9000
PATCH 0000023689AC9C48 checkPageAddress address=00000236D51FB000
PATCH 0000023685C9DB40 releaseBlock address=00000236D51FD000
PATCH 0000023689ABE5D0 unlinkPage address=00000236D51FE000
PATCH 0000023689AC0858 retirePage address=00000236D51FF000
PATCH 0000023689ACA480 freeBlock address=00000236D5201000
PATCH 0000023689AC9410 reallocate address=00000236D5202000
PATCH 0000023689ACCD98 releaseAll address=00000236D5207000
PATCH 0000023689ACACB8 assertIsAllocated address=00000236D520A000
DEFER 00000236892B12B8 swagLifecycleInitWrapper shard=8 offset=4512 address=0000000000000000
DEFER 0000023689ACEE78 opDrop shard=8 offset=4520 address=0000000000000000
DEFER 000002368C6B40F0 swagLifecycleInitWrapper shard=8 offset=7032 address=0000000000000000
DEFER 000002368C673EC8 swagLifecycleInitWrapper shard=8 offset=7720 address=0000000000000000
DEFER 000002368C6733C8 swagLifecycleInitWrapper shard=8 offset=8816 address=0000000000000000
DEFER 0000023689305F80 swagLifecycleInitWrapper shard=8 offset=10560 address=0000000000000000
DEFER 0000023689304EC0 swagLifecycleInitWrapper shard=8 offset=11384 address=0000000000000000
DEFER 000002368C4CE6E0 swagLifecycleInitWrapper shard=8 offset=12472 address=0000000000000000
DEFER 0000023685CE34B0 swagLifecycleInitWrapper shard=8 offset=13672 address=0000000000000000
DEFER 0000023689AE67F8 swagLifecycleInitWrapper shard=8 offset=14280 address=0000000000000000
PATCH 0000023689317040 __runtimeAllocator address=00000236D520C000
PATCH 000002368931DF00 Swag.memcmp address=00000236D520F000
PATCH 0000023689313CA0 Swag.typeCmp address=00000236D5211000
PATCH 000002368928D5D0 __printString address=00000236D5213000
PATCH 0000023685CB85B8 Swag.print address=00000236D521A000
PATCH 00000236892E6458 __hostDebugSection address=00000236D521F000
PATCH 00000236893278B8 __dbgStr address=00000236D5223000
PATCH 00000236893280F0 __symbolize address=00000236D5224000
PATCH 0000023689329160 __logStackTrace address=00000236D5226000
PATCH 0000023689779D98 __printPanicReport address=00000236D5227000
PATCH 000002368977A5D0 Swag.panic address=00000236D5229000
PATCH 00000236893188E8 __checkCpuBaseline address=00000236D5230000
PATCH 000002368928CD98 __hostHasAvx2 address=00000236D522F000
PATCH 0000023689AD6668 freeMem address=00000236D5231000
PATCH 0000023689AD7F10 releaseAll address=00000236D5232000
PATCH 0000023689AD76D8 release address=00000236D5233000
PATCH 00000236893180B0 __resetRuntimeContext address=00000236D5234000
PATCH 000002368928C560 __osCommandLine address=00000236D5235000
DEFER 00000236892B12B8 swagLifecycleInitWrapper shard=8 offset=4512 address=0000000000000000
DEFER 0000023689ACEE78 opDrop shard=8 offset=4520 address=0000000000000000
PATCH 0000023689AD8748 setCapacity address=00000236D5237000
DEFER 000002368C6B40F0 swagLifecycleInitWrapper shard=8 offset=7032 address=0000000000000000
PATCH 0000023689319120 __setupRuntime address=00000236D5238000
DEFER 000002368C673EC8 swagLifecycleInitWrapper shard=8 offset=7720 address=0000000000000000
DEFER 000002368C6733C8 swagLifecycleInitWrapper shard=8 offset=8816 address=0000000000000000
DEFER 0000023689305F80 swagLifecycleInitWrapper shard=8 offset=10560 address=0000000000000000
DEFER 0000023689304EC0 swagLifecycleInitWrapper shard=8 offset=11384 address=0000000000000000
DEFER 000002368C4CE6E0 swagLifecycleInitWrapper shard=8 offset=12472 address=0000000000000000
DEFER 0000023685CE34B0 swagLifecycleInitWrapper shard=8 offset=13672 address=0000000000000000
DEFER 0000023689AE67F8 swagLifecycleInitWrapper shard=8 offset=14280 address=0000000000000000
PATCH 0000023689AD4A18 installAllocator address=00000236D5236000
PATCH 0000023685CF7CA0 takeValue address=00000236D5239000
PATCH 0000023689745A88 __hostPageReserve address=00000236D5289000
PATCH 0000023689717BD8 __hostTlsAlloc address=00000236D5288000
PATCH 0000023689747330 __hostPageRelease address=00000236D528E000
PATCH 00000236897462C0 __hostPageCommit address=00000236D528C000
PATCH 000002368DE139A8 defaultAllocator address=00000236D5295000
PATCH 000002368D411800 __bootstrapFree address=00000236D5294000
PATCH 000002368D410FC8 __bootstrapAlloc address=00000236D528F000
PATCH 000002368DE793A0 installed address=00000236D5296000
PATCH 000002368DE42D68 __tlsSetValue address=00000236D5293000
PATCH 000002368DE78B68 configure address=00000236D5297000
PATCH 000002368DE42530 __tlsGetValue address=00000236D528B000
PATCH 000002368DE79BD8 diagnosticMode address=00000236D529A000
PATCH 000002368DE10020 lockDiagnostic address=00000236D529C000
PATCH 0000023689748B50 unlock address=00000236D529D000
PATCH 000002368DE083A0 usesHeaderPath address=00000236D52A0000
PATCH 000002368DE10858 unlockDiagnostic address=00000236D529E000
PATCH 0000023689748318 lock address=00000236D529B000
PATCH 000002368C8B31D8 atomicAddU64 address=00000236D52A3000
PATCH 000002368DE7A410 osAlloc address=00000236D52A6000
PATCH 000002368DE78330 setup address=00000236D5298000
PATCH 000002368DE018C8 userAddress address=00000236D52A8000
PATCH 000002368DE04A18 linkAllocated address=00000236D52AC000
PATCH 000002368DE02100 footer address=00000236D52AB000
PATCH 000002368DE03170 setFooterMagic address=00000236D52AE000
PATCH 000002368C8BA9F0 lockRemote address=00000236D52B0000
PATCH 000002368C8B9148 decode address=00000236D52B2000
PATCH 000002368C8B80D8 isBlockAddress address=00000236D52B3000
PATCH 000002368C8B29A0 atomicGet address=00000236D52AF000
PATCH 000002368C8F4A18 allocatorSegmentOf address=00000236D52B6000
PATCH 000002368C8BB228 unlockRemote address=00000236D52B1000
PATCH 000002368C8BE640 segmentBase address=00000236D52B7000
PATCH 000002368C8B3A10 atomicSubU64 address=00000236D52B9000
PATCH 000002368C8F1090 clearPageBit address=00000236D52BC000
PATCH 000002368C8B4248 atomicSubU32 address=00000236D52B4000
PATCH 000002368DE72C08 retireAllocatorThreadHeap address=00000236D52C2000
PATCH 0000023689746AF8 __hostPageDecommit address=00000236D52BE000
PATCH 000002368DE73C78 currentAllocatorThreadHeap address=00000236D52C7000
PATCH 000002368DE7B480 osFree address=00000236D52C0000
PATCH 000002368DE74CE8 currentThreadId address=00000236D52CB000
PATCH 000002368971B560 __hostCurrentThreadId address=00000236D52CA000
PATCH 000002368DE7D560 unlinkHeap address=00000236D52BF000
PATCH 000002368DE7C4F0 threadHeap address=00000236D52CD000
PATCH 000002368DE76A88 classUnitShift address=00000236D52CF000
PATCH 000002368DE744B0 setCurrentAllocatorThreadHeap address=00000236D52C9000
PATCH 000002368C8B52B8 allocatorOsCommit address=00000236D52D1000
PATCH 000002368C8B6328 allocatorNextKey address=00000236D52D2000
PATCH 000002368DE7BCB8 allocateThreadHeap address=00000236D52CC000
PATCH 000002368C8B4A80 osReserve address=00000236D52D6000
PATCH 000002368C8F3170 allocatorAcquireSegment address=00000236D52D9000
PATCH 000002368DE02938 footerMagic address=00000236D52E0000
PATCH 000002368DE05250 unlinkAllocated address=00000236D52E2000
PATCH 000002368DE73440 allocatorThreadHeapFlsId address=00000236D52C5000
PATCH 000002368C8B8910 encode address=00000236D52E8000
PATCH 000002368DE11090 alloc address=00000236D52DE000
PATCH 000002368C8BC298 pushRemote address=00000236D52EC000
PATCH 000002368DE07B68 freeHeaderBlock address=00000236D52E6000
PATCH 000002368C8F18C8 isEmpty address=00000236D52F1000
PATCH 000002368DE118C8 realloc address=00000236D52EF000
PATCH 000002368C8BD308 holdsFreeBlock address=00000236D52F5000
PATCH 000002368DE12938 freeAll address=00000236D52F4000
PATCH 000002368C8F39A8 allocatorReleaseSegment address=00000236D52F2000
PATCH 00000236858B23F8 __concreteAlias address=00000236D52FA000
PATCH 000002368DE435A0 __tlsGetPtr address=00000236D52F9000
PATCH 000002368DE12100 free address=00000236D52F0000
PATCH 000002368C8F8DF0 Swag.stringCmp address=00000236D52FC000
PATCH 000002368DE13170 assertAllocated address=00000236D52F7000
PATCH 000002368C8F5CA0 __utoa address=00000236D5300000
PATCH 000002368C8F6D10 __printU64 address=00000236D5302000
PATCH 000002368C8F7548 __printS64 address=00000236D5304000
PATCH 00000236858B3468 Swag.typeAs address=00000236D52FE000
PATCH 0000023689765C20 __hostReleaseDecodedDebugSection address=00000236D5309000
PATCH 0000023689763308 __hostImageBaseForAddress address=00000236D5308000
PATCH 0000023689764378 __peU32 address=00000236D530A000
PATCH 0000023689763B40 __peU16 address=00000236D530B000
PATCH 000002368C8F7D80 __printF64 address=00000236D5306000
PATCH 00000236858E8E30 __dbgU32 address=00000236D530E000
PATCH 000002368C8F5468 __itoa address=00000236D5303000
PATCH 00000236897653E8 __hostDecodeDebugSection address=00000236D530D000
PATCH 0000023689764BB0 __hostDebugSection address=00000236D530C000
PATCH 00000236858E9EA0 __dbgStr address=00000236D5310000
PATCH 000002368C8F64D8 __ftoa address=00000236D5305000
PATCH 00000236858EAF10 __hasStackTraceSymbols address=00000236D5312000
PATCH 000002368970DE08 __exitError address=00000236D5315000
PATCH 00000236858EA6D8 __symbolize address=00000236D5311000
PATCH 00000236858EB748 __logStackTrace address=00000236D5313000
PATCH 000002368DE41CF8 __tlsAlloc address=00000236D5317000
PATCH 000002368DE470B8 __run_expr_2 address=00000236D5319000
PATCH 00000236858C6920 swagLifecycleInitWrapper address=00000236D531A000
PATCH 00000236858E9668 __dbgFindSection address=00000236D530F000
PATCH 00000236858B6808 Swag.jit address=00000236D5318000
PATCH 000002368DE062C0 popCachedBlock address=00000236D52A5000
PATCH 0000023689718410 __hostTlsGet address=00000236D528A000
PATCH 000002368D410790 __bootstrapRoundedSize address=00000236D528D000
PATCH 000002368C6D92E0 Swag.memcpy address=00000236D5291000
PATCH 000002368C6D7A38 __memoryCopyForward address=00000236D5290000
PATCH 0000023689718C48 __hostTlsSet address=00000236D5292000
PATCH 000002368DE772C0 memAlign address=00000236D52A1000
PATCH 000002368DE75A18 classSize address=00000236D52A2000
PATCH 000002368DE76250 sizeClass address=00000236D529F000
PATCH 000002368DE7AC48 osAllocGuarded address=00000236D52A4000
PATCH 000002368DE01090 headerOf address=00000236D52A7000
PATCH 0000023689762AD0 __captureStack address=00000236D52AA000
PATCH 000002368C6D8AA8 Swag.memset address=00000236D52A9000
PATCH 000002368DE07330 allocateHeaderBlock address=00000236D52AD000
PATCH 000002368C8BBA60 collectRemote address=00000236D52B5000
PATCH 000002368C8BEE78 pageCommitStart address=00000236D52B8000
PATCH 000002368970C560 __raiseException666 address=00000236D5299000
PATCH 000002368C8BF6B0 pageCommitEnd address=00000236D52BB000
PATCH 000002368971A4F0 __hostThreadStorageGet address=00000236D52C6000
PATCH 000002368C8B5AF0 allocatorOsDecommit address=00000236D52BA000
PATCH 000002368C8F0858 releasePage address=00000236D52BD000
PATCH 000002368DE7CD28 retireThreadHeap address=00000236D52C1000
PATCH 0000023689719480 __hostThreadStorageAlloc address=00000236D52C3000
PATCH 0000023689719CB8 __hostThreadStorageFree address=00000236D52C4000
PATCH 000002368971AD28 __hostThreadStorageSet address=00000236D52C8000
PATCH 000002368C8BDB40 releaseBlock address=00000236D52E9000
PATCH 000002368DE7DD98 linkPage address=00000236D52D0000
PATCH 000002368C8BCAD0 acquireBlock address=00000236D52CE000
PATCH 000002368C8B78A0 setupBlockDivision address=00000236D52D3000
PATCH 000002368C8F0020 acquirePage address=00000236D52D4000
PATCH 000002368C8B7068 setup address=00000236D52D5000
PATCH 000002368C8F2938 allocatorCreateSegment address=00000236D52D8000
PATCH 000002368C8F2100 allocatorAddArena address=00000236D52D7000
PATCH 000002368DE7F640 acquireBlockSlow address=00000236D52DB000
PATCH 000002368DE00020 acquireBlock address=00000236D52DC000
PATCH 000002368DE08BD8 allocate address=00000236D52DD000
PATCH 000002368DE039A8 checkFree address=00000236D52E3000
PATCH 000002368DE041E0 checkAllocated address=00000236D52E1000
PATCH 000002368DE05A88 quarantine address=00000236D52E4000
PATCH 000002368DE7EE08 acquirePageForClass address=00000236D52DA000
PATCH 000002368DE09C48 checkPageAddress address=00000236D52E7000
PATCH 000002368DE7E5D0 unlinkPage address=00000236D52EA000
PATCH 000002368DE00858 retirePage address=00000236D52EB000
PATCH 000002368C8F41E0 allocatorPageOf address=00000236D52DF000
PATCH 000002368DE09410 reallocate address=00000236D52EE000
PATCH 000002368DE0CD98 releaseAll address=00000236D52F3000
PATCH 000002368DE0A480 freeBlock address=00000236D52ED000
DEFER 0000023689A182E8 swagLifecycleInitWrapper shard=0 offset=3504 address=0000000000000000
PATCH 000002368DE0ACB8 assertIsAllocated address=00000236D52F6000
PATCH 000002368DE06AF8 cacheFreedBlock address=00000236D52E5000
PATCH 000002368970BD28 __printString address=00000236D52FF000
DEFER 000002368DE0EE78 opDrop shard=0 offset=3512 address=0000000000000000
PATCH 000002368D41AE08 Swag.safetyPanic address=00000236D5301000
DEFER 00000236858C1E58 swagLifecycleInitWrapper shard=0 offset=6024 address=0000000000000000
PATCH 00000236858B3CA0 Swag.typeCmp address=00000236D52FD000
DEFER 000002368DD30020 swagLifecycleInitWrapper shard=0 offset=6712 address=0000000000000000
PATCH 000002368C6DA350 Swag.memcmp address=00000236D52FB000
DEFER 0000023689A14BA0 swagLifecycleInitWrapper shard=0 offset=7808 address=0000000000000000
DEFER 0000023685887640 swagLifecycleInitWrapper shard=0 offset=9552 address=0000000000000000
DEFER 000002368C8EC988 swagLifecycleInitWrapper shard=0 offset=10376 address=0000000000000000
PATCH 000002368D41A5D0 Swag.panic address=00000236D5316000
PATCH 000002368D419D98 __printPanicReport address=00000236D5314000
DEFER 0000023685886580 swagLifecycleInitWrapper shard=0 offset=11464 address=0000000000000000
DEFER 0000023689A15980 swagLifecycleInitWrapper shard=0 offset=12664 address=0000000000000000
DEFER 000002368C8860E8 swagLifecycleInitWrapper shard=0 offset=13272 address=0000000000000000
PATCH 00000236858B7040 __runtimeAllocator address=00000236D52F8000
PATCH 000002368C8F85B8 Swag.print address=00000236D5307000
PATCH 000002368C8FC2E8 release address=00000236D531E000
PATCH 000002368C8FB278 freeMem address=00000236D531D000
PATCH 00000236858B88E8 __checkCpuBaseline address=00000236D531C000
PATCH 000002368970ACB8 __osCommandLine address=00000236D5321000
PATCH 000002368C8FCB20 releaseAll address=00000236D531F000
PATCH 000002368C8FD358 setCapacity address=00000236D5323000
DEFER 0000023689A182E8 swagLifecycleInitWrapper shard=0 offset=3504 address=0000000000000000
PATCH 00000236858B80B0 __resetRuntimeContext address=00000236D5320000
DEFER 000002368DE0EE78 opDrop shard=0 offset=3512 address=0000000000000000
PATCH 00000236858B9120 __setupRuntime address=00000236D5324000
PATCH 000002368970B4F0 __hostHasAvx2 address=00000236D531B000
DEFER 00000236858C1E58 swagLifecycleInitWrapper shard=0 offset=6024 address=0000000000000000
DEFER 000002368DD30020 swagLifecycleInitWrapper shard=0 offset=6712 address=0000000000000000
DEFER 0000023689A14BA0 swagLifecycleInitWrapper shard=0 offset=7808 address=0000000000000000
DEFER 0000023685887640 swagLifecycleInitWrapper shard=0 offset=9552 address=0000000000000000
DEFER 000002368C8EC988 swagLifecycleInitWrapper shard=0 offset=10376 address=0000000000000000
DEFER 0000023685886580 swagLifecycleInitWrapper shard=0 offset=11464 address=0000000000000000
DEFER 0000023689A15980 swagLifecycleInitWrapper shard=0 offset=12664 address=0000000000000000
DEFER 000002368C8860E8 swagLifecycleInitWrapper shard=0 offset=13272 address=0000000000000000
PATCH 000002368DE14A18 installAllocator address=00000236D5322000
PATCH 000002368D431B98 takeValue address=00000236D5325000
PATCH 000002368DC69480 __hostTlsAlloc address=00000236D5374000
PATCH 000002368C712530 __tlsSetValue address=00000236D537F000
PATCH 000002368C727330 __hostPageReserve address=00000236D5376000
PATCH 000002368DC00FC8 __bootstrapAlloc address=00000236D537B000
PATCH 00000236854593A0 installed address=00000236D5382000
PATCH 000002368C727B68 __hostPageCommit address=00000236D5377000
PATCH 0000023685458330 setup address=00000236D5384000
PATCH 000002368C728BD8 __hostPageRelease address=00000236D5379000
PATCH 0000023685459BD8 diagnosticMode address=00000236D5386000
PATCH 000002368DC01800 __bootstrapFree address=00000236D5380000
PATCH 000002368C729BC0 lock address=00000236D5387000
PATCH 0000023685420020 lockDiagnostic address=00000236D5388000
PATCH 00000236854239A8 defaultAllocator address=00000236D5381000
PATCH 000002368C72A3F8 unlock address=00000236D5389000
PATCH 00000236854083A0 usesHeaderPath address=00000236D538C000
PATCH 0000023685458B68 configure address=00000236D5383000
PATCH 0000023685420858 unlockDiagnostic address=00000236D538A000
PATCH 000002368545A410 osAlloc address=00000236D5392000
PATCH 000002368DD531D8 atomicAddU64 address=00000236D538F000
PATCH 0000023685403170 setFooterMagic address=00000236D5397000
PATCH 000002368DD529A0 atomicGet address=00000236D539B000
PATCH 0000023685404A18 linkAllocated address=00000236D5399000
PATCH 000002368DD580D8 isBlockAddress address=00000236D539F000
PATCH 000002368DD5A9F0 lockRemote address=00000236D539C000
PATCH 000002368DD54248 atomicSubU32 address=00000236D53A0000
PATCH 000002368DD5B228 unlockRemote address=00000236D539D000
PATCH 000002368DD64A18 allocatorSegmentOf address=00000236D53A1000
PATCH 000002368DD5E640 segmentBase address=00000236D53A3000
PATCH 00000236854018C8 userAddress address=00000236D5394000
PATCH 000002368DD53A10 atomicSubU64 address=00000236D53A7000
PATCH 000002368DD55D30 allocatorOsDecommit address=00000236D53A8000
PATCH 000002368C7283A0 __hostPageDecommit address=00000236D53A6000
PATCH 000002368DD59148 decode address=00000236D539E000
PATCH 000002368DD61090 clearPageBit address=00000236D53A9000
PATCH 000002368545D560 unlinkHeap address=00000236D53AB000
PATCH 000002368545B480 osFree address=00000236D53AC000
PATCH 0000023685452C08 retireAllocatorThreadHeap address=00000236D53AE000
PATCH 0000023685453C78 currentAllocatorThreadHeap address=00000236D53B3000
PATCH 0000023685453440 allocatorThreadHeapFlsId address=00000236D53B1000
PATCH 0000023685456A88 classUnitShift address=00000236D53BA000
PATCH 00000236854544B0 setCurrentAllocatorThreadHeap address=00000236D53B7000
PATCH 000002368DD552B8 allocatorOsCommit address=00000236D53BD000
PATCH 000002368DD56568 allocatorNextKey address=00000236D53BE000
PATCH 000002368545C4F0 threadHeap address=00000236D53B6000
PATCH 000002368DD54A80 osReserve address=00000236D53C2000
PATCH 0000023685454CE8 currentThreadId address=00000236D53BC000
PATCH 000002368DD63170 allocatorAcquireSegment address=00000236D53C5000
PATCH 0000023685421090 alloc address=00000236D53CA000
PATCH 000002368DC6CE08 __hostCurrentThreadId address=00000236D53B9000
PATCH 0000023685405250 unlinkAllocated address=00000236D53CE000
PATCH 0000023685407B68 freeHeaderBlock address=00000236D53D2000
PATCH 0000023685402938 footerMagic address=00000236D53CC000
PATCH 000002368DD58910 encode address=00000236D53D4000
PATCH 000002368DD5C298 pushRemote address=00000236D53D8000
PATCH 00000236854218C8 realloc address=00000236D53DB000
PATCH 000002368DD618C8 isEmpty address=00000236D53DD000
PATCH 000002368DD639A8 allocatorReleaseSegment address=00000236D53DE000
PATCH 0000023685422938 freeAll address=00000236D53E0000
PATCH 000002368DD5D308 holdsFreeBlock address=00000236D53E1000
PATCH 0000023685422100 free address=00000236D53DC000
PATCH 000002368C712D68 __tlsGetPtr address=00000236D53E5000
PATCH 0000023689AF9738 Swag.stringCmp address=00000236D53E8000
PATCH 0000023685423170 assertAllocated address=00000236D53E3000
PATCH 0000023689AD3468 Swag.typeAs address=00000236D53EA000
PATCH 0000023689AF5DB0 __itoa address=00000236D53EE000
PATCH 0000023689AF7E90 __printS64 address=00000236D53EF000
PATCH 0000023689AF6E20 __ftoa address=00000236D53F0000
PATCH 0000023689AF86C8 __printF64 address=00000236D53F1000
PATCH 0000023689AF65E8 __utoa address=00000236D53EC000
PATCH 000002368C744BB0 __hostImageBaseForAddress address=00000236D53F3000
PATCH 0000023689AD23F8 __concreteAlias address=00000236D53E6000
PATCH 000002368C7453E8 __peU16 address=00000236D53F5000
PATCH 000002368C745C20 __peU32 address=00000236D53F6000
PATCH 0000023689AF7658 __printU64 address=00000236D53ED000
PATCH 000002368C746C90 __hostDecodeDebugSection address=00000236D53F8000
PATCH 000002368DD65F00 __dbgU32 address=00000236D53F9000
PATCH 000002368DD66738 __dbgFindSection address=00000236D53FA000
PATCH 000002368DD67FE0 __hasStackTraceSymbols address=00000236D53FD000
PATCH 000002368C70F6B0 __exitError address=00000236D5400000
PATCH 000002368DC0A5D0 Swag.panic address=00000236D5401000
PATCH 000002368C7114C0 __tlsAlloc address=00000236D5402000
PATCH 000002368C7474C8 __hostReleaseDecodedDebugSection address=00000236D53F4000
PATCH 0000023689AD6808 Swag.jit address=00000236D5403000
PATCH 000002368DC0AE08 Swag.safetyPanic address=00000236D5404000
PATCH 0000023685446678 __run_expr_2 address=00000236D5405000
PATCH 0000023689AA27F8 swagLifecycleInitWrapper address=00000236D5406000
PATCH 000002368545F640 acquireBlockSlow address=00000236D53C7000
PATCH 000002368DC69CB8 __hostTlsGet address=00000236D5378000
PATCH 000002368C711CF8 __tlsGetValue address=00000236D5375000
PATCH 000002368DC00790 __bootstrapRoundedSize address=00000236D537A000
PATCH 0000023689ADB5E8 __memoryCopyForward address=00000236D537C000
PATCH 0000023689ADCE90 Swag.memcpy address=00000236D537D000
PATCH 000002368DC6A4F0 __hostTlsSet address=00000236D537E000
PATCH 0000023685456250 sizeClass address=00000236D538B000
PATCH 000002368C70DE08 __raiseException666 address=00000236D5385000
PATCH 00000236854572C0 memAlign address=00000236D538D000
PATCH 0000023685455A18 classSize address=00000236D538E000
PATCH 000002368545AC48 osAllocGuarded address=00000236D5390000
PATCH 00000236854062C0 popCachedBlock address=00000236D5391000
PATCH 0000023685402100 footer address=00000236D5395000
PATCH 0000023689ADC658 Swag.memset address=00000236D5396000
PATCH 0000023685401090 headerOf address=00000236D5393000
PATCH 0000023685407330 allocateHeaderBlock address=00000236D539A000
PATCH 000002368C744378 __captureStack address=00000236D5398000
PATCH 000002368DD5BA60 collectRemote address=00000236D53A2000
PATCH 000002368545BCB8 allocateThreadHeap address=00000236D53B5000
PATCH 000002368DD5EE78 pageCommitStart address=00000236D53A4000
PATCH 000002368545CD28 retireThreadHeap address=00000236D53AD000
PATCH 000002368DD60858 releasePage address=00000236D53AA000
PATCH 000002368DD5F6B0 pageCommitEnd address=00000236D53A5000
PATCH 000002368DC6AD28 __hostThreadStorageAlloc address=00000236D53AF000
PATCH 000002368DC6BD98 __hostThreadStorageGet address=00000236D53B2000
PATCH 000002368DC6C5D0 __hostThreadStorageSet address=00000236D53B4000
PATCH 000002368DC6B560 __hostThreadStorageFree address=00000236D53B0000
PATCH 000002368DD5CAD0 acquireBlock address=00000236D53B8000
PATCH 0000023685400858 retirePage address=00000236D53D7000
PATCH 000002368545DD98 linkPage address=00000236D53BB000
PATCH 000002368DD578A0 setupBlockDivision address=00000236D53BF000
PATCH 000002368DD57068 setup address=00000236D53C0000
PATCH 000002368DD60020 acquirePage address=00000236D53C1000
PATCH 000002368545EE08 acquirePageForClass address=00000236D53C6000
PATCH 0000023685400020 acquireBlock address=00000236D53C8000
PATCH 000002368DD62938 allocatorCreateSegment address=00000236D53C4000
PATCH 000002368DD62100 allocatorAddArena address=00000236D53C3000
PATCH 000002368DD641E0 allocatorPageOf address=00000236D53CB000
PATCH 000002368540ACB8 assertIsAllocated address=00000236D53E2000
PATCH 00000236854041E0 checkAllocated address=00000236D53CD000
PATCH 00000236854039A8 checkFree address=00000236D53CF000
PATCH 0000023685408BD8 allocate address=00000236D53C9000
PATCH 0000023685405A88 quarantine address=00000236D53D0000
PATCH 0000023685409C48 checkPageAddress address=00000236D53D3000
PATCH 000002368DD5DB40 releaseBlock address=00000236D53D5000
PATCH 0000023685406AF8 cacheFreedBlock address=00000236D53D1000
PATCH 000002368545E5D0 unlinkPage address=00000236D53D6000
PATCH 000002368540A480 freeBlock address=00000236D53D9000
PATCH 000002368540CD98 releaseAll address=00000236D53DF000
PATCH 0000023685409410 reallocate address=00000236D53DA000
DEFER 0000023689B183A0 swagLifecycleInitWrapper shard=8 offset=4104 address=0000000000000000
DEFER 000002368540EE78 opDrop shard=8 offset=4112 address=0000000000000000
DEFER 000002368C6CA8B8 swagLifecycleInitWrapper shard=8 offset=6640 address=0000000000000000
DEFER 00000236852D8768 swagLifecycleInitWrapper shard=8 offset=7328 address=0000000000000000
PATCH 0000023689AD3CA0 Swag.typeCmp address=00000236D53E9000
PATCH 000002368C70D5D0 __printString address=00000236D53EB000
PATCH 0000023689ADDF00 Swag.memcmp address=00000236D53E7000
DEFER 000002368C6C2230 swagLifecycleInitWrapper shard=8 offset=8424 address=0000000000000000
PATCH 000002368DD66F70 __dbgStr address=00000236D53FB000
DEFER 000002368C716EE0 swagLifecycleInitWrapper shard=8 offset=10168 address=0000000000000000
PATCH 000002368C746458 __hostDebugSection address=00000236D53F7000
PATCH 000002368DD677A8 __symbolize address=00000236D53FC000
PATCH 000002368DD68818 __logStackTrace address=00000236D53FE000
PATCH 0000023689AF8F00 Swag.print address=00000236D53F2000
DEFER 000002368DD6F688 swagLifecycleInitWrapper shard=8 offset=10992 address=0000000000000000
PATCH 000002368DC09D98 __printPanicReport address=00000236D53FF000
DEFER 000002368C715F90 swagLifecycleInitWrapper shard=8 offset=12080 address=0000000000000000
DEFER 000002368DD7DF38 swagLifecycleInitWrapper shard=8 offset=13280 address=0000000000000000
DEFER 0000023685412CD8 swagLifecycleInitWrapper shard=8 offset=13888 address=0000000000000000
PATCH 0000023689AD7040 __runtimeAllocator address=00000236D53E4000
PATCH 0000023685427F10 releaseAll address=00000236D540A000
PATCH 0000023689AD88E8 __checkCpuBaseline address=00000236D5408000
PATCH 00000236854276D8 release address=00000236D540B000
PATCH 000002368C70CD98 __hostHasAvx2 address=00000236D5407000
PATCH 000002368C70C560 __osCommandLine address=00000236D540D000
DEFER 0000023689B183A0 swagLifecycleInitWrapper shard=8 offset=4104 address=0000000000000000
PATCH 0000023685428748 setCapacity address=00000236D540F000
PATCH 0000023689AD80B0 __resetRuntimeContext address=00000236D540C000
PATCH 0000023689AD9120 __setupRuntime address=00000236D5410000
PATCH 0000023685426668 freeMem address=00000236D5409000
DEFER 000002368540EE78 opDrop shard=8 offset=4112 address=0000000000000000
DEFER 000002368C6CA8B8 swagLifecycleInitWrapper shard=8 offset=6640 address=0000000000000000
DEFER 00000236852D8768 swagLifecycleInitWrapper shard=8 offset=7328 address=0000000000000000
DEFER 000002368C6C2230 swagLifecycleInitWrapper shard=8 offset=8424 address=0000000000000000
DEFER 000002368C716EE0 swagLifecycleInitWrapper shard=8 offset=10168 address=0000000000000000
DEFER 000002368DD6F688 swagLifecycleInitWrapper shard=8 offset=10992 address=0000000000000000
DEFER 000002368C715F90 swagLifecycleInitWrapper shard=8 offset=12080 address=0000000000000000
DEFER 000002368DD7DF38 swagLifecycleInitWrapper shard=8 offset=13280 address=0000000000000000
DEFER 0000023685412CD8 swagLifecycleInitWrapper shard=8 offset=13888 address=0000000000000000
PATCH 0000023685424A18 installAllocator address=00000236D540E000
PATCH 000002368C713E90 takeValue address=00000236D5411000
  Test-ABI_AddressedNarrowIntegerHomeUsesNarrowLoad  ok (1 ms)
  Test-ABI_SwagSimdArgsUseExtendedRegistersThenWideStackSlots  ok (2 us)
  Test-FFI_CallNativeNoArgBool  ok (1 ms)
  Test-FFI_CallNativeU8       ok (960 us)
  Test-FFI_CallNativeI32      ok (159 us)
  Test-FFI_CallNativeF32      ok (150 us)
  Test-FFI_CallNativeF64      ok (185 us)
  Test-FFI_CallNativeF64StackArg  ok (214 us)
  Test-FFI_CallNativeMixedArgs  ok (180 us)
  Test-FFI_CallNativeStackArgs  ok (575 us)
  Test-FFI_CallNativePointerArg  ok (133 us)
  Test-ABI_SwagStructArgPassingMatchesNative  ok (1 us)
  Test-FFI_CallSwagStructByValueInteropDevMode  ok (666 ms)
  Test-FFI_CallSwagStructByValueInteropRelease  ok (511 ms)
  Test-FFI_CallNativeStructByValueRegister  ok (304 us)
  Test-FFI_CallNativeStructByValueStack  ok (201 us)
  Test-FFI_CallNativeStructByReferenceCopy  ok (195 us)
  Test-FFI_CallNativeStructReturnByValueRegister  ok (148 us)
  Test-FFI_CallNativeStructReturnByReference  ok (139 us)
  Test-ConstantManager_CopiesBorrowedStructPayloadOutsideDataSegment  ok (51 us)
  Test-ConstantManager_StoresNullableCStringFromBlockPointer  ok (23 us)
  Test-ConstantValue_MakesNullableCStringFromRuntimePointer  ok (3 us)
  Test-ConstantManager_CopiesBorrowedArrayPayloadOutsideDataSegment  ok (51 us)
  Test-ConstantManager_DeduplicatesBorrowedArrayPayloadsByValue  ok (4 us)
  Test-ConstantManager_CachesZeroPayloadConstantsByType  ok (31 us)
  Test-ConstantManager_CopiesBorrowedSlicePayloadOutsideDataSegment  ok (9 us)
  Test-ConstantManager_AcceptsEmptyBorrowedSlicePayloads  ok (19 us)
  Test-ConstantManager_DistinguishesPresentEmptySlicePayloads  ok (19 us)
  Test-ConstantManager_DeduplicatesMaterializedArrayPayloadConstants  ok (18 us)
  Test-ConstantManager_DoesNotDeduplicateMaterializedArrayPayloadsWithDifferentRelocations  ok (30 us)
  Test-ConstantManager_OwnsAggregateElementsAfterInputsAreDestroyed  ok (390 us)
  Test-ConstantManager_ReleasesOwnedAggregatePayloads  ok (10 ms)
  Test-ConstantManager_PreservesStringNormalizationOnRepeatedInputs  ok (265 us)
  Test-ConstantManager_PublishesCanonicalReferencesAcrossGrowth  ok (18 ms)
  Test-ConstantManager_EnrichesStorageReferencesWithoutMutatingInputs  ok (443 us)
  Test-ConstantManager_ConcurrentInterningKeepsCanonicalStorage  ok (12 ms)
  Test-Compiler_NewScriptCommandParsesDefaultPath  ok (139 us)
  Test-Compiler_CommandLineHelpStopsBeforeCompilation  ok (292 us)
  Test-Compiler_NewModuleCommandParsesWorkspace  ok (108 us)
  Test-Compiler_DocSearchPreservesLiteralCode  ok (37 us)
  Test-Compiler_DocCommandParsesOptions  ok (894 us)
  Test-Compiler_DocMarkdownRendersSupportedBlocks  ok (221 us)
  Test-Compiler_DocBlockCommentsPreserveCodeIndentation  ok (25 us)
  Test-Compiler_DocMarkdownRendersCompleteLists  ok (129 us)
  Test-Compiler_DocMarkdownRendersHeaderlessTableAndNestedInline  ok (41 us)
  Test-Compiler_LegacyStaticControlDirectivesAreNotKeywords  ok (8 us)
  Test-Compiler_AutoInlineCostPricesCallsAndRewardsOneModuleCallSite  ok (1 ms)
  Test-Compiler_ExplicitInlineExpandsCrossFileBody  ok (407 ms)
  Test-Compiler_InMemorySourceRunsSemaWithoutDiskIO  ok (436 us)
  Test-Compiler_InMemorySourceKeepsFormatCommandGlobalIfDuringFormat  ok (261 us)
  Test-Compiler_InMemorySourceSkipsFalseGlobalIf  ok (176 us)
  Test-Compiler_InMemorySourceSkipsTestCommandGlobalIfOutsideTests  ok (208 us)
  Test-Compiler_InMemorySourceKeepsTestCommandGlobalIfDuringTests  ok (281 us)
  Test-Compiler_GenericUnionDeductionRemainsStableForHistoricalRandomSeed1002  ok (418 ms)
  Test-Compiler_GenericUnionDeductionRemainsStableForHistoricalRandomSeed1009  ok (568 ms)
  Test-Compiler_GenericUnionDeductionRemainsStableForHistoricalRandomSeed1032  ok (403 ms)
  Test-Compiler_GenericUnionDeductionRemainsStableForHistoricalRandomSeed1143  ok (411 ms)
  Test-Compiler_AstVisitPreservesSiblingsAcrossPauseSkipAndRestart  ok (259 us)
  Test-Compiler_AstVisitResolvesChildrenWithoutFollowingActiveAncestors  ok (113 us)
  Test-Compiler_SymbolLocationSortKeepsStableTokenOrderWithinOneFile  ok (169 us)
  Test-Compiler_SymbolLocatiPATCH 000002368D5E9480 __hostTlsAlloc address=00000236D5460000
PATCH 000002368D5B7B68 __hostPageCommit address=00000236D5463000
PATCH 000002368D5B7330 __hostPageReserve address=00000236D5461000
PATCH 000002368D590FC8 __bootstrapAlloc address=00000236D5467000
PATCH 0000023689B27F98 __tlsSetValue address=00000236D546B000
PATCH 000002368D5B8BD8 __hostPageRelease address=00000236D5465000
PATCH 000002368DDC39A8 defaultAllocator address=00000236D546D000
PATCH 0000023689B27760 __tlsGetValue address=00000236D5464000
PATCH 000002368DDB9BD8 diagnosticMode address=00000236D5472000
PATCH 000002368D591800 __bootstrapFree address=00000236D546C000
PATCH 000002368DDC0020 lockDiagnostic address=00000236D5474000
PATCH 000002368D5B9BC0 lock address=00000236D5473000
PATCH 000002368DDB93A0 installed address=00000236D546E000
PATCH 000002368DDC0858 unlockDiagnostic address=00000236D5476000
PATCH 000002368DDB8B68 configure address=00000236D546F000
PATCH 000002368DDA83A0 usesHeaderPath address=00000236D5478000
PATCH 000002368D5BA3F8 unlock address=00000236D5475000
PATCH 000002368DDBA410 osAlloc address=00000236D547E000
PATCH 000002368DDA18C8 userAddress address=00000236D5480000
PATCH 000002368DDA3170 setFooterMagic address=00000236D5482000
PATCH 0000023689B729A0 atomicGet address=00000236D5487000
PATCH 000002368DDA4A18 linkAllocated address=00000236D5485000
PATCH 0000023689B7A9F0 lockRemote address=00000236D5488000
PATCH 0000023689B731D8 atomicAddU64 address=00000236D547B000
PATCH 0000023689B74248 atomicSubU32 address=00000236D548C000
PATCH 000002368DDB8330 setup address=00000236D5470000
PATCH 0000023689B04A18 allocatorSegmentOf address=00000236D548E000
PATCH 0000023689B7E640 segmentBase address=00000236D548F000
PATCH 0000023689B7B228 unlockRemote address=00000236D5489000
PATCH 0000023689B73A10 atomicSubU64 address=00000236D5493000
PATCH 000002368D5B83A0 __hostPageDecommit address=00000236D5492000
PATCH 0000023689B75D30 allocatorOsDecommit address=00000236D5494000
PATCH 0000023689B01090 clearPageBit address=00000236D5495000
PATCH 0000023689B780D8 isBlockAddress address=00000236D548B000
PATCH 000002368DDB2C08 retireAllocatorThreadHeap address=00000236D549A000
PATCH 000002368DDBD560 unlinkHeap address=00000236D5497000
PATCH 000002368DDB3440 allocatorThreadHeapFlsId address=00000236D549D000
PATCH 000002368DDB3C78 currentAllocatorThreadHeap address=00000236D549F000
PATCH 000002368DDBB480 osFree address=00000236D5498000
PATCH 0000023689B79148 decode address=00000236D548A000
PATCH 000002368DDBBCB8 allocateThreadHeap address=00000236D54A3000
PATCH 000002368DDBC4F0 threadHeap address=00000236D54A5000
PATCH 000002368D5ECE08 __hostCurrentThreadId address=00000236D54A4000
PATCH 0000023689B76568 allocatorNextKey address=00000236D54AA000
PATCH 000002368DDB44B0 setCurrentAllocatorThreadHeap address=00000236D54A1000
PATCH 0000023689B74A80 osReserve address=00000236D54AE000
PATCH 0000023689B752B8 allocatorOsCommit address=00000236D54A8000
PATCH 0000023689B03170 allocatorAcquireSegment address=00000236D54B1000
PATCH 000002368DDC1090 alloc address=00000236D54B6000
PATCH 000002368DDA2938 footerMagic address=00000236D54B8000
PATCH 000002368DDA5250 unlinkAllocated address=00000236D54BA000
PATCH 000002368DDA7B68 freeHeaderBlock address=00000236D54BE000
PATCH 000002368DDB6A88 classUnitShift address=00000236D54A7000
PATCH 0000023689B7C298 pushRemote address=00000236D54C3000
PATCH 000002368DDC2100 free address=00000236D54C8000
PATCH 0000023689B018C8 isEmpty address=00000236D54C9000
PATCH 0000023689B039A8 allocatorReleaseSegment address=00000236D54CA000
PATCH 000002368DDC18C8 realloc address=00000236D54C7000
PATCH 000002368DDC3170 assertAllocated address=00000236D54CF000
PATCH 0000023689B287D0 __tlsGetPtr address=00000236D54D1000
PATCH 000002368D6316D8 __concreteAlias address=00000236D54D2000
PATCH 0000023689B78910 encode address=00000236D54C0000
PATCH 000002368D632748 Swag.typeAs address=00000236D54D6000
PATCH 0000023689B05CA0 __utoa address=00000236D54D8000
PATCH 0000023689B08DF0 Swag.stringCmp address=00000236D54D4000
PATCH 0000023689B05468 __itoa address=00000236D54DA000
PATCH 0000023689B07548 __printS64 address=00000236D54DB000
PATCH 0000023689B7D308 holdsFreeBlock address=00000236D54CD000
PATCH 0000023689B07D80 __printF64 address=00000236D54DD000
PATCH 0000023689844BB0 __hostImageBaseForAddress address=00000236D54DF000
PATCH 000002368DDC2938 freeAll address=00000236D54CC000
PATCH 00000236898453E8 __peU16 address=00000236D54E2000
PATCH 0000023689845C20 __peU32 address=00000236D54E1000
PATCH 00000236898474C8 __hostReleaseDecodedDebugSection address=00000236D54E0000
PATCH 000002368DDC5F00 __dbgU32 address=00000236D54E4000
PATCH 0000023689B06D10 __printU64 address=00000236D54D9000
PATCH 0000023689846C90 __hostDecodeDebugSection address=00000236D54E5000
PATCH 000002368DDC7FE0 __hasStackTraceSymbols address=00000236D54E9000
PATCH 000002368982F6B0 __exitError address=00000236D54EC000
PATCH 0000023689B064D8 __ftoa address=00000236D54DC000
PATCH 0000023689B26F28 __tlsAlloc address=00000236D54EE000
PATCH 000002368D635AE8 Swag.jit address=00000236D54EF000
PATCH 000002368DDC6738 __dbgFindSection address=00000236D54E6000
PATCH 000002368D59AE08 Swag.safetyPanic address=00000236D54F0000
PATCH 00000236857F35B0 swagLifecycleInitWrapper address=00000236D54F2000
PATCH 0000023689B2B1A0 __run_expr_1 address=00000236D54F1000
PATCH 000002368D590790 __bootstrapRoundedSize address=00000236D5466000
PATCH 000002368D5E9CB8 __hostTlsGet address=00000236D5462000
PATCH 000002368D63C170 Swag.memcpy address=00000236D5469000
PATCH 000002368D5EA4F0 __hostTlsSet address=00000236D546A000
PATCH 000002368D63A8C8 __memoryCopyForward address=00000236D5468000
PATCH 000002368DDB6250 sizeClass address=00000236D5477000
PATCH 000002368DDB72C0 memAlign address=00000236D5479000
PATCH 000002368DDB5A18 classSize address=00000236D547A000
PATCH 000002368982DE08 __raiseException666 address=00000236D5471000
PATCH 000002368DDA62C0 popCachedBlock address=00000236D547D000
PATCH 000002368DDBAC48 osAllocGuarded address=00000236D547C000
PATCH 000002368DDA2100 footer address=00000236D5481000
PATCH 000002368DDA1090 headerOf address=00000236D547F000
PATCH 0000023689844378 __captureStack address=00000236D5484000
PATCH 000002368D63B938 Swag.memset address=00000236D5483000
PATCH 0000023689B7BA60 collectRemote address=00000236D548D000
PATCH 000002368DDA7330 allocateHeaderBlock address=00000236D5486000
PATCH 0000023689B7EE78 pageCommitStart address=00000236D5490000
PATCH 0000023689B7F6B0 pageCommitEnd address=00000236D5491000
PATCH 0000023689B00858 releasePage address=00000236D5496000
PATCH 000002368DDBCD28 retireThreadHeap address=00000236D5499000
PATCH 000002368D5EAD28 __hostThreadStorageAlloc address=00000236D549B000
PATCH 000002368D5EBD98 __hostThreadStorageGet address=00000236D549E000
PATCH 000002368D5EC5D0 __hostThreadStorageSet address=00000236D54A0000
PATCH 000002368D5EB560 __hostThreadStorageFree address=00000236D549C000
PATCH 000002368DDB4CE8 currentThreadId address=00000236D54A2000
PATCH 0000023689B7CAD0 acquireBlock address=00000236D54A6000
PATCH 0000023689B778A0 setupBlockDivision address=00000236D54AB000
PATCH 000002368DDBDD98 linkPage address=00000236D54A9000
PATCH 0000023689B00020 acquirePage address=00000236D54AD000
PATCH 0000023689B02100 allocatorAddArena address=00000236D54AF000
PATCH 000002368DDBEE08 acquirePageForClass address=00000236D54B2000
PATCH 0000023689B02938 allocatorCreateSegment address=00000236D54B0000
PATCH 0000023689B77068 setup address=00000236D54AC000
PATCH 000002368DDBF640 acquireBlockSlow address=00000236D54B3000
PATCH 000002368DDA8BD8 allocate address=00000236D54B5000
PATCH 000002368DDA0020 acquireBlock address=00000236D54B4000
PATCH 000002368DDA41E0 checkAllocated address=00000236D54B9000
PATCH 0000023689B041E0 allocatorPageOf address=00000236D54B7000
PATCH 000002368DDA5A88 quarantine address=00000236D54BC000
PATCH 000002368DDA6AF8 cacheFreedBlock address=00000236D54BD000
PATCH 000002368DDA9C48 checkPageAddress address=00000236D54BF000
PATCH 0000023689B7DB40 releaseBlock address=00000236D54C5000
PATCH 000002368DDBE5D0 unlinkPage address=00000236D54C2000
PATCH 000002368DDA39A8 checkFree address=00000236D54BB000
PATCH 000002368DDA0858 retirePage address=00000236D54C1000
PATCH 000002368DDAA480 freeBlock address=00000236D54C4000
PATCH 000002368DDA9410 reallocate address=00000236D54C6000
PATCH 000002368DDACD98 releaseAll address=00000236D54CB000
DEFER 00000236899034E8 swagLifecycleInitWrapper shard=8 offset=4888 address=0000000000000000
PATCH 000002368DDAACB8 assertIsAllocated address=00000236D54CE000
DEFER 000002368DDAEE78 opDrop shard=8 offset=4896 address=0000000000000000
PATCH 000002368D632F80 Swag.typeCmp address=00000236D54D5000
PATCH 000002368D63D1E0 Swag.memcmp address=00000236D54D3000
DEFER 000002368DDE3BC8 swagLifecycleInitWrapper shard=8 offset=7408 address=0000000000000000
PATCH 000002368982D5D0 __printString address=00000236D54D7000
PATCH 000002368DDC6F70 __dbgStr address=00000236D54E7000
PATCH 0000023689846458 __hostDebugSection address=00000236D54E3000
DEFER 000002368DF639C8 swagLifecycleInitWrapper shard=8 offset=8096 address=0000000000000000
PATCH 000002368DDC77A8 __symbolize address=00000236D54E8000
DEFER 00000236897AF698 swagLifecycleInitWrapper shard=8 offset=9192 address=0000000000000000
PATCH 000002368D59A5D0 Swag.panic address=00000236D54ED000
PATCH 000002368DDC8818 __logStackTrace address=00000236D54EA000
PATCH 000002368D599D98 __printPanicReport address=00000236D54EB000
DEFER 00000236897E02E8 swagLifecycleInitWrapper shard=8 offset=10936 address=0000000000000000
DEFER 000002368988E170 swagLifecycleInitWrapper shard=8 offset=11760 address=0000000000000000
PATCH 0000023689B085B8 Swag.print address=00000236D54DE000
DEFER 00000236898497C8 swagLifecycleInitWrapper shard=8 offset=12848 address=0000000000000000
DEFER 000002368DD9C2A8 swagLifecycleInitWrapper shard=8 offset=14048 address=0000000000000000
DEFER 000002368D5A83E0 swagLifecycleInitWrapper shard=8 offset=14656 address=0000000000000000
PATCH 000002368D636320 __runtimeAllocator address=00000236D54D0000
PATCH 0000023689962938 __hostPageCommit address=00000236D554F000
PATCH 0000023689962100 __hostPageReserve address=00000236D554D000
PATCH 00000236899639A8 __hostPageRelease address=00000236D5551000
PATCH 0000023689954250 __hostTlsAlloc address=00000236D554C000
PATCH 000002368DEF6EB8 __tlsSetValue address=00000236D5557000
PATCH 00000236897A1800 __bootstrapFree address=00000236D5558000
PATCH 000002368DEF6680 __tlsGetValue address=00000236D5550000
PATCH 00000236896B39A8 defaultAllocator address=00000236D5559000
PATCH 00000236899193A0 installed address=00000236D555A000
PATCH 0000023689918330 setup address=00000236D555C000
PATCH 0000023689918B68 configure address=00000236D555B000
PATCH 0000023689919BD8 diagnosticMode address=00000236D555E000
PATCH 00000236896B0020 lockDiagnostic address=00000236D5560000
PATCH 00000236899651C8 unlock address=00000236D5561000
PATCH 00000236896B0858 unlockDiagnostic address=00000236D5562000
PATCH 00000236896983A0 usesHeaderPath address=00000236D5564000
PATCH 0000023689964990 lock address=00000236D555F000
PATCH 000002368DF331D8 atomicAddU64 address=00000236D5567000
PATCH 00000236897A0FC8 __bootstrapAlloc address=00000236D5553000
PATCH 00000236896918C8 userAddress address=00000236D556C000
PATCH 0000023689692100 footer address=00000236D556D000
PATCH 000002368991A410 osAlloc address=00000236D556A000
PATCH 0000023689694A18 linkAllocated address=00000236D5571000
PATCH 000002368DF329A0 atomicGet address=00000236D5573000
PATCH 000002368DF3AFE8 unlockRemote address=00000236D5575000
PATCH 000002368DF37E98 isBlockAddress address=00000236D5577000
PATCH 000002368DF38F08 decode address=00000236D5576000
PATCH 000002368DF3A7B0 lockRemote address=00000236D5574000
PATCH 000002368DF14A18 allocatorSegmentOf address=00000236D557A000
PATCH 000002368DF34248 atomicSubU32 address=00000236D5578000
PATCH 000002368DF3E400 segmentBase address=00000236D557B000
PATCH 000002368DF35AF0 allocatorOsDecommit address=00000236D5580000
PATCH 000002368DF11090 clearPageBit address=00000236D5581000
PATCH 000002368DF33A10 atomicSubU64 address=00000236D557F000
PATCH 000002368991D560 unlinkHeap address=00000236D5583000
PATCH 000002368991B480 osFree address=00000236D5584000
PATCH 0000023689693170 setFooterMagic address=00000236D556E000
PATCH 0000023689912C08 retireAllocatorThreadHeap address=00000236D5586000
PATCH 0000023689913440 allocatorThreadHeapFlsId address=00000236D5589000
PATCH 0000023689963170 __hostPageDecommit address=00000236D557E000
PATCH 0000023689913C78 currentAllocatorThreadHeap address=00000236D558B000
PATCH 0000023689914CE8 currentThreadId address=00000236D558F000
PATCH 000002368991BCB8 allocateThreadHeap address=00000236D5590000
PATCH 00000236899144B0 setCurrentAllocatorThreadHeap address=00000236D558D000
PATCH 000002368DF352B8 allocatorOsCommit address=00000236D5595000
PATCH 000002368DF36328 allocatorNextKey address=00000236D5596000
PATCH 0000023689957BD8 __hostCurrentThreadId address=00000236D558E000
PATCH 000002368DF34A80 osReserve address=00000236D559A000
PATCH 0000023689916A88 classUnitShift address=00000236D5593000
PATCH 000002368DF13170 allocatorAcquireSegment address=00000236D559D000
PATCH 000002368991C4F0 threadHeap address=00000236D5591000
PATCH 0000023689695250 unlinkAllocated address=00000236D55A6000
PATCH 0000023689692938 footerMagic address=00000236D55A4000
PATCH 0000023689697B68 freeHeaderBlock address=00000236D55AA000
PATCH 000002368DF386D0 encode address=00000236D55AC000
PATCH 00000236896B1090 alloc address=00000236D55A2000
PATCH 000002368DF139A8 allocatorReleaseSegment address=00000236D55B6000
PATCH 000002368DF3C058 pushRemote address=00000236D55B0000
PATCH 00000236896B2938 freeAll address=00000236D55B8000
PATCH 000002368DF3D0C8 holdsFreeBlock address=00000236D55B9000
PATCH 00000236896B2100 free address=00000236D55B4000
PATCH 00000236896B3170 assertAllocated address=00000236D55BB000
PATCH 00000236896B18C8 realloc address=00000236D55B3000
PATCH 000002368DE81F10 __concreteAlias address=00000236D55BE000
PATCH 000002368DEBB4E8 Swag.stringCmp address=00000236D55C0000
PATCH 000002368DE82F80 Swag.typeAs address=00000236D55C2000
PATCH 000002368DEF76F0 __tlsGetPtr address=00000236D55BD000
PATCH 000002368DEB9408 __printU64 address=00000236D55C4000
PATCH 000002368DEB7B60 __itoa address=00000236D55C6000
PATCH 000002368DEB8BD0 __ftoa address=00000236D55C8000
PATCH 000002368DF118C8 isEmpty address=00000236D55B5000
PATCH 000002368DEBA478 __printF64 address=00000236D55C9000
PATCH 000002368DEB9C40 __printS64 address=00000236D55C7000
PATCH 0000023689930020 __hostImageBaseForAddress address=00000236D55CB000
PATCH 0000023689930858 __peU16 address=00000236D55CE000
PATCH 0000023689932938 __hostReleaseDecodedDebugSection address=00000236D55CC000
PATCH 0000023689931090 __peU32 address=00000236D55CD000
PATCH 000002368DEBD208 __dbgU32 address=00000236D55D1000
PATCH 000002368DEBDA40 __dbgFindSection address=00000236D55D2000
PATCH 000002368DEB8398 __utoa address=00000236D55C5000
PATCH 000002368DEBF2E8 __hasStackTraceSymbols address=00000236D55D5000
PATCH 000002368994A480 __exitError address=00000236D55D8000
PATCH 000002368DE86320 Swag.jit address=00000236D55DB000
PATCH 00000236897AAE08 Swag.safetyPanic address=00000236D55DC000
PATCH 0000023689932100 __hostDecodeDebugSection address=00000236D55D0000
PATCH 00000236897FBF58 __run_expr_1 address=00000236D55DD000
PATCH 00000236857862F0 swagLifecycleInitWrapper address=00000236D55DE000
PATCH 000002368DEF5E48 __tlsAlloc address=00000236D55DA000
PATCH 0000023689954A88 __hostTlsGet address=00000236D554E000
PATCH 000002368969CD98 releaseAll address=00000236D55B7000
PATCH 00000236897A0790 __bootstrapRoundedSize address=00000236D5552000
PATCH 00000236897ACA98 __memoryCopyForward address=00000236D5554000
PATCH 00000236899552C0 __hostTlsSet address=00000236D5556000
PATCH 000002368991F640 acquireBlockSlow address=00000236D559F000
PATCH 0000023689948BD8 __raiseException666 address=00000236D555D000
PATCH 00000236897AE340 Swag.memcpy address=00000236D5555000
PATCH 0000023689916250 sizeClass address=00000236D5563000
PATCH 00000236899172C0 memAlign address=00000236D5565000
PATCH 0000023689915A18 classSize address=00000236D5566000
PATCH 000002368991AC48 osAllocGuarded address=00000236D5568000
PATCH 00000236896962C0 popCachedBlock address=00000236D5569000
PATCH 00000236897ADB08 Swag.memset address=00000236D556F000
PATCH 000002368994F0C8 __captureStack address=00000236D5570000
PATCH 0000023689691090 headerOf address=00000236D556B000
PATCH 0000023689697330 allocateHeaderBlock address=00000236D5572000
PATCH 000002368DF3EC38 pageCommitStart address=00000236D557C000
PATCH 000002368DF3B820 collectRemote address=00000236D5579000
PATCH 000002368DF3F470 pageCommitEnd address=00000236D557D000
PATCH 000002368DF10858 releasePage address=00000236D5582000
PATCH 000002368991CD28 retireThreadHeap address=00000236D5585000
PATCH 0000023689955AF8 __hostThreadStorageAlloc address=00000236D5587000
PATCH 0000023689699C48 checkPageAddress address=00000236D55AB000
PATCH 0000023689956330 __hostThreadStorageFree address=00000236D5588000
PATCH 0000023689956B68 __hostThreadStorageGet address=00000236D558A000
PATCH 00000236899573A0 __hostThreadStorageSet address=00000236D558C000
PATCH 000002368991DD98 linkPage address=00000236D5594000
PATCH 000002368DF3C890 acquireBlock address=00000236D5592000
PATCH 000002368DF37660 setupBlockDivision address=00000236D5597000
PATCH 000002368DF36E28 setup address=00000236D5598000
PATCH 000002368DF12100 allocatorAddArena address=00000236D559B000
PATCH 000002368DF10020 acquirePage address=00000236D5599000
PATCH 000002368DF12938 allocatorCreateSegment address=00000236D559C000
PATCH 000002368991EE08 acquirePageForClass address=00000236D559E000
PATCH 0000023689690020 acquireBlock address=00000236D55A0000
PATCH 0000023689698BD8 allocate address=00000236D55A1000
PATCH 000002368DF141E0 allocatorPageOf address=00000236D55A3000
PATCH 00000236896941E0 checkAllocated address=00000236D55A5000
PATCH 00000236896939A8 checkFree address=00000236D55A7000
PATCH 0000023689695A88 quarantine address=00000236D55A9000
PATCH 0000023689696AF8 cacheFreedBlock address=00000236D55A8000
PATCH 000002368DF3D900 releaseBlock address=00000236D55AD000
PATCH 0000023689690858 retirePage address=00000236D55AF000
PATCH 000002368991E5D0 unlinkPage address=00000236D55AE000
PATCH 0000023689699410 reallocate address=00000236D55B1000
PATCH 000002368969A480 freeBlock address=00000236D55B2000
DEFER 000002368C6C9718 swagLifecycleInitWrapper shard=0 offset=4616 address=0000000000000000
DEFER 000002368969EE78 opDrop shard=0 offset=4624 address=0000000000000000
PATCH 000002368969ACB8 assertIsAllocated address=00000236D55BA000
PATCH 000002368DE837B8 Swag.typeCmp address=00000236D55C1000
DEFER 000002368DF50700 swagLifecycleInitWrapper shard=0 offset=7136 address=0000000000000000
DEFER 000002368CAD5E80 swagLifecycleInitWrapper shard=0 offset=7824 address=0000000000000000
PATCH 00000236897AF5F0 Swag.memcmp address=00000236D55BF000
PATCH 00000236899483A0 __printString address=00000236D55C3000
DEFER 000002368CAD5380 swagLifecycleInitWrapper shard=0 offset=8920 address=0000000000000000
DEFER 000002368DEFA290 swagLifecycleInitWrapper shard=0 offset=10664 address=0000000000000000
DEFER 00000236896C61D8 swagLifecycleInitWrapper shard=0 offset=11488 address=0000000000000000
PATCH 00000236899318C8 __hostDebugSection address=00000236D55CF000
PATCH 000002368DEBE278 __dbgStr address=00000236D55D3000
DEFER 000002368579E0A8 swagLifecycleInitWrapper shard=0 offset=12576 address=0000000000000000
DEFER 000002368DF490C0 swagLifecycleInitWrapper shard=0 offset=13776 address=0000000000000000
DEFER 00000236897831A8 swagLifecycleInitWrapper shard=0 offset=14384 address=0000000000000000
PATCH 000002368DEBEAB0 __symbolize address=00000236D55D4000
PATCH 000002368DEF0020 __logStackTrace address=00000236D55D6000
PATCH 00000236897AA5D0 Swag.panic address=00000236D55D9000
PATCH 00000236897A9D98 __printPanicReport address=00000236D55D7000
PATCH 000002368DEBACB0 Swag.print address=00000236D55CA000
PATCH 000002368DE86B58 __runtimeAllocator address=00000236D55BC000
PATCH 000002368D573DD8 __tlsGetValue address=00000236D5676000
PATCH 000002368DFD7BD8 __hostTlsAlloc address=00000236D5674000
PATCH 000002368D5311E0 __bootstrapAlloc address=00000236D567B000
PATCH 000002368DF87330 __hostPageRelease address=00000236D567A000
PATCH 000002368DF862C0 __hostPageCommit address=00000236D5679000
PATCH 000002368D531A18 __bootstrapFree address=00000236D567F000
PATCH 000002368D574610 __tlsSetValue address=00000236D5680000
PATCH 000002368DF85A88 __hostPageReserve address=00000236D5678000
PATCH 000002368CA893A0 installed address=00000236D5683000
PATCH 000002368CAF39A8 defaultAllocator address=00000236D5682000
PATCH 000002368CA88B68 configure address=00000236D5684000
PATCH 000002368DFD8C48 __hostTlsSet address=00000236D567E000
PATCH 000002368DF88B50 unlock address=00000236D568A000
PATCH 000002368CA88330 setup address=00000236D5685000
PATCH 000002368CAF0858 unlockDiagnostic address=00000236D568B000
PATCH 000002368CA89BD8 diagnosticMode address=00000236D5687000
PATCH 000002368CA983A0 usesHeaderPath address=00000236D568D000
PATCH 000002368CAF0020 lockDiagnostic address=00000236D5689000
PATCH 00000236897731D8 atomicAddU64 address=00000236D5690000
PATCH 000002368CA85A18 classSize address=00000236D568F000
PATCH 000002368DF88318 lock address=00000236D5688000
PATCH 000002368CA8AC48 osAllocGuarded address=00000236D5691000
PATCH 000002368CA872C0 memAlign address=00000236D568E000
PATCH 000002368CA91090 headerOf address=00000236D5694000
PATCH 000002368CA918C8 userAddress address=00000236D5695000
PATCH 000002368CA8A410 osAlloc address=00000236D5693000
PATCH 000002368CA93170 setFooterMagic address=00000236D5697000
PATCH 000002368DFC8AA8 Swag.memset address=00000236D5698000
PATCH 000002368CA962C0 popCachedBlock address=00000236D5692000
PATCH 000002368CAA2AD0 __captureStack address=00000236D5699000
PATCH 000002368CA92100 footer address=00000236D5696000
PATCH 000002368CA94A18 linkAllocated address=00000236D569A000
PATCH 000002368977A7B0 lockRemote address=00000236D569D000
PATCH 000002368977AFE8 unlockRemote address=00000236D569E000
PATCH 000002368CA97330 allocateHeaderBlock address=00000236D569B000
PATCH 0000023689777E98 isBlockAddress address=00000236D56A0000
PATCH 0000023689774248 atomicSubU32 address=00000236D56A1000
PATCH 00000236897729A0 atomicGet address=00000236D569C000
PATCH 0000023689704A18 allocatorSegmentOf address=00000236D56A3000
PATCH 000002368CA86250 sizeClass address=00000236D568C000
PATCH 000002368977E400 segmentBase address=00000236D56A4000
PATCH 0000023689778F08 decode address=00000236D569F000
PATCH 0000023689773A10 atomicSubU64 address=00000236D56A6000
PATCH 000002368977EC38 pageCommitStart address=00000236D56A5000
PATCH 0000023689701090 clearPageBit address=00000236D56A9000
PATCH 000002368CA8D560 unlinkHeap address=00000236D56AC000
PATCH 000002368977F470 pageCommitEnd address=00000236D56A7000
PATCH 000002368DF86AF8 __hostPageDecommit address=00000236D56AA000
PATCH 000002368CA8B480 osFree address=00000236D56AD000
PATCH 000002368CA8CD28 retireThreadHeap address=00000236D56AE000
PATCH 000002368DFD9480 __hostThreadStorageAlloc address=00000236D56B0000
PATCH 0000023689700858 releasePage address=00000236D56AB000
PATCH 000002368DFD9CB8 __hostThreadStorageFree address=00000236D56B1000
PATCH 000002368CA83440 allocatorThreadHeapFlsId address=00000236D56B2000
PATCH 000002368CA83C78 currentAllocatorThreadHeap address=00000236D56B4000
PATCH 000002368DFDAD28 __hostThreadStorageSet address=00000236D56B5000
PATCH 000002368CA844B0 setCurrentAllocatorThreadHeap address=00000236D56B6000
PATCH 000002368CA84CE8 currentThreadId address=00000236D56B8000
PATCH 000002368DFDB560 __hostCurrentThreadId address=00000236D56B7000
PATCH 000002368DFDA4F0 __hostThreadStorageGet address=00000236D56B3000
PATCH 000002368CA86A88 classUnitShift address=00000236D56BC000
PATCH 000002368CA82C08 retireAllocatorThreadHeap address=00000236D56AF000
PATCH 000002368CA8DD98 linkPage address=00000236D56BD000
PATCH 00000236897752B8 allocatorOsCommit address=00000236D56BE000
PATCH 0000023689776328 allocatorNextKey address=00000236D56BF000
PATCH 000002368CA8BCB8 allocateThreadHeap address=00000236D56B9000
PATCH 0000023689777660 setupBlockDivision address=00000236D56C0000
PATCH 000002368CA8C4F0 threadHeap address=00000236D56BA000
PATCH 0000023689700020 acquirePage address=00000236D56C2000
PATCH 0000023689776E28 setup address=00000236D56C1000
PATCH 0000023689774A80 osReserve address=00000236D56C3000
PATCH 0000023689703170 allocatorAcquireSegment address=00000236D56C6000
PATCH 0000023689702100 allocatorAddArena address=00000236D56C5000
PATCH 000002368CA8EE08 acquirePageForClass address=00000236D56C7000
PATCH 000002368CA90020 acquireBlock address=00000236D56C9000
PATCH 000002368CA98BD8 allocate address=00000236D56CA000
PATCH 000002368CA8F640 acquireBlockSlow address=00000236D56C8000
PATCH 00000236897041E0 allocatorPageOf address=00000236D56CD000
PATCH 000002368CA95250 unlinkAllocated address=00000236D56CF000
PATCH 000002368CA92938 footerMagic address=00000236D56CC000
PATCH 000002368CA97B68 freeHeaderBlock address=00000236D56D3000
PATCH 000002368CA96AF8 cacheFreedBlock address=00000236D56D2000
PATCH 000002368CAF1090 alloc address=00000236D56CB000
PATCH 000002368CA8E5D0 unlinkPage address=00000236D56D6000
PATCH 000002368977D900 releaseBlock address=00000236D56D5000
PATCH 000002368CA95A88 quarantine address=00000236D56D1000
PATCH 000002368977C058 pushRemote address=00000236D56D9000
PATCH 00000236897786D0 encode address=00000236D56D8000
PATCH 000002368CA99410 reallocate address=00000236D56DA000
PATCH 000002368CAF18C8 realloc address=00000236D56DC000
PATCH 00000236897018C8 isEmpty address=00000236D56DE000
PATCH 000002368CA90858 retirePage address=00000236D56D7000
PATCH 000002368CAF2100 free address=00000236D56DD000
PATCH 000002368977D0C8 holdsFreeBlock address=00000236D56E2000
PATCH 000002368CAF2938 freeAll address=00000236D56E1000
PATCH 00000236897039A8 allocatorReleaseSegment address=00000236D56DF000
PATCH 000002368D680C88 __concreteAlias address=00000236D56E7000
PATCH 000002368CAF3170 assertAllocated address=00000236D56E4000
PATCH 000002368D574E48 __tlsGetPtr address=00000236D56E6000
PATCH 000002368CA9CD98 releaseAll address=00000236D56E0000
PATCH 000002368D68D630 Swag.stringCmp address=00000236D56E9000
PATCH 000002368CADBD28 __printString address=00000236D56EC000
PATCH 000002368D681CF8 Swag.typeAs address=00000236D56EB000
PATCH 000002368DFCA350 Swag.memcmp address=00000236D56E8000
PATCH 000002368D68BD88 __printS64 address=00000236D56F0000
PATCH 000002368D68B550 __printU64 address=00000236D56EE000
PATCH 000002368D682530 Swag.typeCmp address=00000236D56EA000
PATCH 000002368D68C5C0 __printF64 address=00000236D56F2000
PATCH 000002368D68AD18 __ftoa address=00000236D56F1000
PATCH 000002368D68A4E0 __utoa address=00000236D56ED000
PATCH 000002368CAA3308 __hostImageBaseForAddress address=00000236D56F4000
PATCH 000002368CAA4378 __peU32 address=00000236D56F6000
PATCH 000002368CAA5C20 __hostReleaseDecodedDebugSection address=00000236D56F5000
PATCH 000002368D689CA8 __itoa address=00000236D56EF000
PATCH 000002368CAA3B40 __peU16 address=00000236D56F7000
PATCH 000002368D51A670 __dbgU32 address=00000236D56FA000
PATCH 000002368CAA53E8 __hostDecodeDebugSection address=00000236D56F9000
PATCH 000002368CAA4BB0 __hostDebugSection address=00000236D56F8000
PATCH 000002368D51AEA8 __dbgFindSection address=00000236D56FB000
PATCH 000002368D51C750 __hasStackTraceSymbols address=00000236D56FE000
PATCH 000002368D51B6E0 __dbgStr address=00000236D56FC000
PATCH 000002368D51BF18 __symbolize address=00000236D56FD000
PATCH 000002368D53A7E8 Swag.panic address=00000236D5702000
PATCH 000002368CADDE08 __exitError address=00000236D5701000
PATCH 00000236899130E0 swagLifecycleInitWrapper address=00000236D5706000
PATCH 000002368D51CF88 __logStackTrace address=00000236D56FF000
PATCH 000002368D685098 Swag.jit address=00000236D5704000
PATCH 000002368D5735A0 __tlsAlloc address=00000236D5703000
PATCH 000002368D6BAFE0 __run_expr_0 address=00000236D5705000
PATCH 000002368DFD8410 __hostTlsGet address=00000236D5675000
PATCH 000002368DFC92E0 Swag.memcpy address=00000236D567D000
PATCH 000002368D5309A8 __bootstrapRoundedSize address=00000236D5677000
PATCH 000002368DFC7A38 __memoryCopyForward address=00000236D567C000
PATCH 000002368D53B020 Swag.safetyPanic address=00000236D5681000
PATCH 000002368CADC560 __raiseException666 address=00000236D5686000
PATCH 000002368977B820 collectRemote address=00000236D56A2000
PATCH 0000023689775AF0 allocatorOsDecommit address=00000236D56A8000
PATCH 000002368977C890 acquireBlock address=00000236D56BB000
PATCH 0000023689702938 allocatorCreateSegment address=00000236D56C4000
PATCH 000002368CA941E0 checkAllocated address=00000236D56CE000
PATCH 000002368CA939A8 checkFree address=00000236D56D0000
PATCH 000002368CA99C48 checkPageAddress address=00000236D56D4000
PATCH 000002368CA9A480 freeBlock address=00000236D56DB000
DEFER 000002368D69D7B0 swagLifecycleInitWrapper shard=0 offset=4136 address=0000000000000000
PATCH 000002368CA9ACB8 assertIsAllocated address=00000236D56E3000
DEFER 000002368CA9EE78 opDrop shard=0 offset=4144 address=0000000000000000
DEFER 000002368DC0A768 swagLifecycleInitWrapper shard=0 offset=6656 address=0000000000000000
DEFER 000002368C75CF98 swagLifecycleInitWrapper shard=0 offset=7344 address=0000000000000000
DEFER 000002368D4DC908 swagLifecycleInitWrapper shard=0 offset=8440 address=0000000000000000
DEFER 000002368D6E7CA8 swagLifecycleInitWrapper shard=0 offset=10184 address=0000000000000000
PATCH 000002368D539FB0 __printPanicReport address=00000236D5700000
DEFER 000002368C770D48 swagLifecycleInitWrapper shard=0 offset=11008 address=0000000000000000
DEFER 000002368CAA6FC0 swagLifecycleInitWrapper shard=0 offset=12096 address=0000000000000000
PATCH 000002368D68CDF8 Swag.print address=00000236D56F3000
DEFER 000002368D770020 swagLifecycleInitWrapper shard=0 offset=13296 address=0000000000000000
DEFER 000002368D6A5A10 swagLifecycleInitWrapper shard=0 offset=13904 address=0000000000000000
PATCH 000002368D6858D0 __runtimeAllocator address=00000236D56E5000
PATCH 000002368D772530 __tlsGetValue address=00000236D5764000
PATCH 0000023689727B68 __hostPageCommit address=00000236D5767000
PATCH 0000023689769480 __hostTlsAlloc address=00000236D5769000
PATCH 0000023689771A18 __bootstrapFree address=00000236D5770000
PATCH 0000023689728BD8 __hostPageRelease address=00000236D5768000
PATCH 000002368D3B93A0 installed address=00000236D5772000
PATCH 000002368D3B8B68 configure address=00000236D5773000
PATCH 0000023689727330 __hostPageReserve address=00000236D576C000
PATCH 000002368D3B8330 setup address=00000236D5774000
PATCH 000002368D3B9BD8 diagnosticMode address=00000236D5776000
PATCH 000002368D772D68 __tlsSetValue address=00000236D576F000
PATCH 000002368D3C0020 lockDiagnostic address=00000236D5778000
PATCH 000002368972A3F8 unlock address=00000236D5779000
PATCH 000002368D3C0858 unlockDiagnostic address=00000236D577A000
PATCH 000002368D3883A0 usesHeaderPath address=00000236D577C000
PATCH 000002368D3C39A8 defaultAllocator address=00000236D5771000
PATCH 000002368D7331D8 atomicAddU64 address=00000236D577F000
PATCH 000002368D3818C8 userAddress address=00000236D5784000
PATCH 000002368D383170 setFooterMagic address=00000236D5786000
PATCH 000002368D3BA410 osAlloc address=00000236D5782000
PATCH 000002368D384A18 linkAllocated address=00000236D5789000
PATCH 0000023689729BC0 lock address=00000236D5777000
PATCH 000002368D7329A0 atomicGet address=00000236D578B000
PATCH 000002368D7380D8 isBlockAddress address=00000236D578F000
PATCH 000002368D739148 decode address=00000236D578E000
PATCH 000002368D734248 atomicSubU32 address=00000236D5790000
PATCH 000002368D73A9F0 lockRemote address=00000236D578C000
PATCH 000002368D764A18 allocatorSegmentOf address=00000236D5792000
PATCH 000002368D73E640 segmentBase address=00000236D5793000
PATCH 000002368D733A10 atomicSubU64 address=00000236D5795000
PATCH 000002368D73B228 unlockRemote address=00000236D578D000
PATCH 000002368D761090 clearPageBit address=00000236D5798000
PATCH 000002368D3BB480 osFree address=00000236D579B000
PATCH 000002368D3BD560 unlinkHeap address=00000236D579A000
PATCH 000002368D3B2C08 retireAllocatorThreadHeap address=00000236D579E000
PATCH 00000236897283A0 __hostPageDecommit address=00000236D579C000
PATCH 000002368D3B3C78 currentAllocatorThreadHeap address=00000236D57A3000
PATCH 000002368D3B3440 allocatorThreadHeapFlsId address=00000236D57A1000
PATCH 000002368D3B6A88 classUnitShift address=00000236D57A8000
PATCH 000002368D3B44B0 setCurrentAllocatorThreadHeap address=00000236D57A7000
PATCH 000002368D7354F8 allocatorOsCommit address=00000236D57AB000
PATCH 000002368D736568 allocatorNextKey address=00000236D57AC000
PATCH 000002368976CE08 __hostCurrentThreadId address=00000236D57A9000
PATCH 000002368D3B4CE8 currentThreadId address=00000236D57AE000
PATCH 000002368D3BBCB8 allocateThreadHeap address=00000236D57B1000
PATCH 000002368D3C1090 alloc address=00000236D57BA000
PATCH 000002368D382938 footerMagic address=00000236D57BC000
PATCH 000002368D734A80 osReserve address=00000236D57B2000
PATCH 000002368D738910 encode address=00000236D57C4000
PATCH 000002368D387B68 freeHeaderBlock address=00000236D57C2000
PATCH 000002368D763170 allocatorAcquireSegment address=00000236D57B5000
PATCH 000002368D73C298 pushRemote address=00000236D57C8000
PATCH 000002368D385250 unlinkAllocated address=00000236D57BE000
PATCH 000002368D3C2100 free address=00000236D57CC000
PATCH 000002368D3C18C8 realloc address=00000236D57CB000
PATCH 000002368D3C2938 freeAll address=00000236D57D0000
PATCH 000002368D73D308 holdsFreeBlock address=00000236D57D1000
PATCH 000002368D3C3170 assertAllocated address=00000236D57D3000
PATCH 000002368D7639A8 allocatorReleaseSegment address=00000236D57CE000
PATCH 000002368DE50C88 __concreteAlias address=00000236D57D5000
PATCH 000002368DE27CF8 Swag.stringCmp address=00000236D57D7000
PATCH 000002368D7735A0 __tlsGetPtr address=00000236D57D8000
PATCH 000002368DE26450 __printS64 address=00000236D57DF000
PATCH 000002368DE24370 __itoa address=00000236D57DE000
PATCH 000002368DE24BA8 __utoa address=00000236D57DC000
PATCH 000002368DE253E0 __ftoa address=00000236D57E0000
PATCH 000002368D7618C8 isEmpty address=00000236D57CD000
PATCH 000002368DE26C88 __printF64 address=00000236D57E1000
PATCH 0000023689344BB0 __hostImageBaseForAddress address=00000236D57E3000
PATCH 000002368DE51CF8 Swag.typeAs address=00000236D57DA000
PATCH 00000236893453E8 __peU16 address=00000236D57E5000
PATCH 00000236893474C8 __hostReleaseDecodedDebugSection address=00000236D57E4000
PATCH 0000023689345C20 __peU32 address=00000236D57E7000
PATCH 000002368DE29A18 __dbgU32 address=00000236D57E9000
PATCH 000002368DE2A250 __dbgFindSection address=00000236D57EA000
PATCH 000002368DE25C18 __printU64 address=00000236D57DD000
PATCH 000002368DE2BAF8 __hasStackTraceSymbols address=00000236D57ED000
PATCH 000002368971F6B0 __exitError address=00000236D57F0000
PATCH 000002368D771CF8 __tlsAlloc address=00000236D57F2000
PATCH 000002368DE55098 Swag.jit address=00000236D57F3000
PATCH 000002368977A7E8 Swag.panic address=00000236D57F1000
PATCH 000002368E673608 swagLifecycleInitWrapper address=00000236D57F5000
PATCH 0000023689346C90 __hostDecodeDebugSection address=00000236D57E8000
PATCH 000002368977B020 Swag.safetyPanic address=00000236D57F6000
PATCH 000002368971D5D0 __printString address=00000236D57DB000
PATCH 00000236897709A8 __bootstrapRoundedSize address=00000236D5766000
PATCH 000002368DE59E78 __memoryCopyForward address=00000236D576B000
PATCH 0000023689769CB8 __hostTlsGet address=00000236D5765000
PATCH 000002368DE5B720 Swag.memcpy address=00000236D576D000
PATCH 00000236897711E0 __bootstrapAlloc address=00000236D576A000
PATCH 000002368976A4F0 __hostTlsSet address=00000236D576E000
PATCH 000002368971DE08 __raiseException666 address=00000236D5775000
PATCH 000002368D3B72C0 memAlign address=00000236D577D000
PATCH 000002368D3B6250 sizeClass address=00000236D577B000
PATCH 0000023689779FB0 __printPanicReport address=00000236D57EF000
PATCH 000002368D3BAC48 osAllocGuarded address=00000236D5780000
PATCH 000002368D3B5A18 classSize address=00000236D577E000
PATCH 000002368D381090 headerOf address=00000236D5783000
PATCH 000002368D382100 footer address=00000236D5785000
PATCH 000002368D3862C0 popCachedBlock address=00000236D5781000
PATCH 000002368DE5AEE8 Swag.memset address=00000236D5787000
PATCH 0000023689344378 __captureStack address=00000236D5788000
PATCH 000002368D73BA60 collectRemote address=00000236D5791000
PATCH 000002368D387330 allocateHeaderBlock address=00000236D578A000
PATCH 000002368D73EE78 pageCommitStart address=00000236D5794000
PATCH 000002368D735D30 allocatorOsDecommit address=00000236D5797000
PATCH 000002368D73F6B0 pageCommitEnd address=00000236D5796000
PATCH 000002368D760858 releasePage address=00000236D5799000
PATCH 000002368D3BCD28 retireThreadHeap address=00000236D579D000
PATCH 000002368976AD28 __hostThreadStorageAlloc address=00000236D579F000
PATCH 000002368976B560 __hostThreadStorageFree address=00000236D57A0000
PATCH 000002368976BD98 __hostThreadStorageGet address=00000236D57A2000
PATCH 000002368976C5D0 __hostThreadStorageSet address=00000236D57A4000
PATCH 000002368D3BC4F0 threadHeap address=00000236D57A5000
PATCH 000002368D73CAD0 acquireBlock address=00000236D57A6000
PATCH 000002368D3BDD98 linkPage address=00000236D57AA000
PATCH 000002368D7378A0 setupBlockDivision address=00000236D57AD000
PATCH 000002368D385A88 quarantine address=00000236D57C0000
PATCH 000002368D737068 setup address=00000236D57AF000
PATCH 000002368D762100 allocatorAddArena address=00000236D57B3000
PATCH 000002368D3BEE08 acquirePageForClass address=00000236D57B6000
PATCH 000002368D762938 allocatorCreateSegment address=00000236D57B4000
PATCH 000002368D3BF640 acquireBlockSlow address=00000236D57B7000
PATCH 000002368D760020 acquirePage address=00000236D57B0000
PATCH 000002368D380020 acquireBlock address=00000236D57B8000
PATCH 000002368D388BD8 allocate address=00000236D57B9000
PATCH 000002368D3841E0 checkAllocated address=00000236D57BD000
PATCH 000002368D7641E0 allocatorPageOf address=00000236D57BB000
PATCH 000002368D3839A8 checkFree address=00000236D57BF000
PATCH 000002368D389C48 checkPageAddress address=00000236D57C3000
PATCH 000002368D386AF8 cacheFreedBlock address=00000236D57C1000
PATCH 000002368D3BE5D0 unlinkPage address=00000236D57C6000
PATCH 000002368D73DB40 releaseBlock address=00000236D57C5000
PATCH 000002368D380858 retirePage address=00000236D57C7000
PATCH 000002368D38A480 freeBlock address=00000236D57C9000
PATCH 000002368D389410 reallocate address=00000236D57CA000
PATCH 000002368D38CD98 releaseAll address=00000236D57CF000
PATCH 000002368D38ACB8 assertIsAllocated address=00000236D57D2000
DEFER 000002368DE18950 swagLifecycleInitWrapper shard=0 offset=3560 address=0000000000000000
DEFER 000002368D38EE78 opDrop shard=0 offset=3568 address=0000000000000000
DEFER 000002368D6579C0 swagLifecycleInitWrapper shard=0 offset=6096 address=0000000000000000
PATCH 000002368DE52530 Swag.typeCmp address=00000236D57D9000
DEFER 000002368D61F708 swagLifecycleInitWrapper shard=0 offset=6784 address=0000000000000000
DEFER 000002368D72F5D0 swagLifecycleInitWrapper shard=0 offset=7880 address=0000000000000000
PATCH 0000023689346458 __hostDebugSection address=00000236D57E6000
PATCH 000002368DE5C790 Swag.memcmp address=00000236D57D6000
PATCH 000002368DE2B2C0 __symbolize address=00000236D57EC000
PATCH 000002368DE2AA88 __dbgStr address=00000236D57EB000
DEFER 000002368D776CE0 swagLifecycleInitWrapper shard=0 offset=9624 address=0000000000000000
PATCH 000002368DE2C330 __logStackTrace address=00000236D57EE000
PATCH 000002368E634DD0 __run_expr_0 address=00000236D57F4000
DEFER 000002368E633B88 swagLifecycleInitWrapper shard=0 offset=10448 address=0000000000000000
DEFER 000002368D3E27E0 swagLifecycleInitWrapper shard=0 offset=11536 address=0000000000000000
DEFER 000002368991BF68 swagLifecycleInitWrapper shard=0 offset=12736 address=0000000000000000
DEFER 000002368DE30020 swagLifecycleInitWrapper shard=0 offset=13344 address=0000000000000000
PATCH 000002368DE274C0 Swag.print address=00000236D57E2000
PATCH 000002368DE558D0 __runtimeAllocator address=00000236D57D4000
PATCH 000002368D652530 __tlsGetValue address=00000236D5855000
PATCH 000002368D6E39A8 __hostPageRelease address=00000236D5856000
PATCH 000002368EC10FC8 __bootstrapAlloc address=00000236D5857000
PATCH 000002368D652D68 __tlsSetValue address=00000236D585B000
PATCH 000002368EC11800 __bootstrapFree address=00000236D585C000
PATCH 000002368DF939A8 defaultAllocator address=00000236D585D000
PATCH 000002368DF893A0 installed address=00000236D585E000
PATCH 000002368DF88B68 configure address=00000236D585F000
PATCH 000002368D6E2938 __hostPageCommit address=00000236D5854000
PATCH 000002368DF88330 setup address=00000236D5860000
PATCH 000002368DF89BD8 diagnosticMode address=00000236D5862000
PATCH 000002368D6E2100 __hostPageReserve address=00000236D5852000
PATCH 000002368DF90020 lockDiagnostic address=00000236D5864000
PATCH 000002368D6E4990 lock address=00000236D5863000
PATCH 000002368D6E51C8 unlock address=00000236D5865000
PATCH 000002368DFB83A0 usesHeaderPath address=00000236D5868000
PATCH 000002368DEC31D8 atomicAddU64 address=00000236D586B000
PATCH 000002368DF8A410 osAlloc address=00000236D586E000
PATCH 000002368D6A4250 __hostTlsAlloc address=00000236D5850000
PATCH 000002368DFB18C8 userAddress address=00000236D5870000
PATCH 000002368DF90858 unlockDiagnostic address=00000236D5866000
PATCH 000002368DFB3170 setFooterMagic address=00000236D5875000
PATCH 000002368DECB228 unlockRemote address=00000236D5879000
PATCH 000002368DFB4A18 linkAllocated address=00000236D5874000
PATCH 000002368DEC9148 decode address=00000236D587A000
PATCH 000002368DEC80D8 isBlockAddress address=00000236D587B000
PATCH 000002368DEC29A0 atomicGet address=00000236D5877000
PATCH 000002368DEC4248 atomicSubU32 address=00000236D587C000
PATCH 000002368DECA9F0 lockRemote address=00000236D5878000
PATCH 000002368DFB2100 footer address=00000236D5872000
PATCH 000002368DEC5D30 allocatorOsDecommit address=00000236D5884000
PATCH 000002368D6E3170 __hostPageDecommit address=00000236D5882000
PATCH 000002368DE84A18 allocatorSegmentOf address=00000236D587E000
PATCH 000002368DE81090 clearPageBit address=00000236D5885000
PATCH 000002368DEC3A10 atomicSubU64 address=00000236D5883000
PATCH 000002368DF8D560 unlinkHeap address=00000236D5887000
PATCH 000002368DF82C08 retireAllocatorThreadHeap address=00000236D588A000
PATCH 000002368DECE640 segmentBase address=00000236D587F000
PATCH 000002368DF83440 allocatorThreadHeapFlsId address=00000236D588D000
PATCH 000002368DF83C78 currentAllocatorThreadHeap address=00000236D588F000
PATCH 000002368DF8B480 osFree address=00000236D5888000
PATCH 000002368DF8BCB8 allocateThreadHeap address=00000236D5892000
PATCH 000002368DF8C4F0 threadHeap address=00000236D5894000
PATCH 000002368DF86A88 classUnitShift address=00000236D5896000
PATCH 000002368DEC6568 allocatorNextKey address=00000236D589A000
PATCH 000002368D6A7BD8 __hostCurrentThreadId address=00000236D5899000
PATCH 000002368DEC52B8 allocatorOsCommit address=00000236D5898000
PATCH 000002368DEC78A0 setupBlockDivision address=00000236D589C000
PATCH 000002368DEC4A80 osReserve address=00000236D589F000
PATCH 000002368DEC7068 setup address=00000236D589D000
PATCH 000002368DF844B0 setCurrentAllocatorThreadHeap address=00000236D5893000
PATCH 000002368DE80020 acquirePage address=00000236D589E000
PATCH 000002368DE82938 allocatorCreateSegment address=00000236D58A1000
PATCH 000002368DF8F640 acquireBlockSlow address=00000236D58A4000
PATCH 000002368DFB0020 acquireBlock address=00000236D58A5000
PATCH 000002368DF91090 alloc address=00000236D58A7000
PATCH 000002368DFB2938 footerMagic address=00000236D58A9000
PATCH 000002368DE841E0 allocatorPageOf address=00000236D58A8000
PATCH 000002368DF8EE08 acquirePageForClass address=00000236D58A3000
PATCH 000002368DFB5250 unlinkAllocated address=00000236D58AB000
PATCH 000002368DE82100 allocatorAddArena address=00000236D58A0000
PATCH 000002368DFB5A88 quarantine address=00000236D58AD000
PATCH 000002368DFB8BD8 allocate address=00000236D58A6000
PATCH 000002368DE83170 allocatorAcquireSegment address=00000236D58A2000
PATCH 000002368DECDB40 releaseBlock address=00000236D58B1000
PATCH 000002368DEC8910 encode address=00000236D58B3000
PATCH 000002368DFB0858 retirePage address=00000236D58B4000
PATCH 000002368DECC298 pushRemote address=00000236D58B5000
PATCH 000002368DFB7B68 freeHeaderBlock address=00000236D58AF000
PATCH 000002368DF918C8 realloc address=00000236D58B8000
PATCH 000002368DF92100 free address=00000236D58B9000
PATCH 000002368DE818C8 isEmpty address=00000236D58BA000
PATCH 000002368DFB6AF8 cacheFreedBlock address=00000236D58AE000
PATCH 000002368DF92938 freeAll address=00000236D58BD000
PATCH 000002368DECD308 holdsFreeBlock address=00000236D58BE000
PATCH 000002368DFB9410 reallocate address=00000236D58B7000
PATCH 000002368DF93170 assertAllocated address=00000236D58C0000
PATCH 000002368DE839A8 allocatorReleaseSegment address=00000236D58BB000
PATCH 000002368D6535A0 __tlsGetPtr address=00000236D58C3000
PATCH 000002368EC2A7E0 Swag.stringCmp address=00000236D58C5000
PATCH 000002368D662748 Swag.typeCmp address=00000236D58C6000
PATCH 000002368D661F10 Swag.typeAs address=00000236D58C7000
PATCH 000002368EC27690 __utoa address=00000236D58C9000
PATCH 000002368D6C83A0 __printString address=00000236D58C8000
PATCH 000002368EC28700 __printU64 address=00000236D58CA000
PATCH 000002368DFBCD98 releaseAll address=00000236D58BC000
PATCH 000002368EC1F3B0 Swag.memcmp address=00000236D58C4000
PATCH 000002368DF8E5D0 unlinkPage address=00000236D58B2000
PATCH 000002368EC29770 __printF64 address=00000236D58CE000
PATCH 000002368D660EA0 __concreteAlias address=00000236D58C2000
PATCH 000002368D6B2938 __hostReleaseDecodedDebugSection address=00000236D58D1000
PATCH 000002368D6B0020 __hostImageBaseForAddress address=00000236D58D0000
PATCH 000002368EC26E58 __itoa address=00000236D58CB000
PATCH 000002368D6B1090 __peU32 address=00000236D58D2000
PATCH 000002368D6B0858 __peU16 address=00000236D58D3000
PATCH 000002368EC28F38 __printS64 address=00000236D58CC000
PATCH 000002368D6B18C8 __hostDebugSection address=00000236D58D4000
PATCH 000002368D6B2100 __hostDecodeDebugSection address=00000236D58D5000
PATCH 000002368EC2C500 __dbgU32 address=00000236D58D6000
PATCH 000002368EC2D570 __dbgStr address=00000236D58D8000
PATCH 000002368EC2E5E0 __hasStackTraceSymbols address=00000236D58DA000
PATCH 000002368EC27EC8 __ftoa address=00000236D58CD000
PATCH 000002368EC2DDA8 __symbolize address=00000236D58D9000
PATCH 000002368EC2CD38 __dbgFindSection address=00000236D58D7000
PATCH 000002368D651CF8 __tlsAlloc address=00000236D58DF000
PATCH 000002368EC2EE18 __logStackTrace address=00000236D58DB000
PATCH 000002368D6652B0 Swag.jit address=00000236D58E0000
PATCH 000002368970B030 swagLifecycleInitWrapper address=00000236D58E1000
PATCH 000002368D6CA480 __exitError address=00000236D58DD000
PATCH 000002368D6B5040 __run_expr_0 address=00000236D58E2000
PATCH 000002368D6A4A88 __hostTlsGet address=00000236D5853000
PATCH 000002368EC1E340 Swag.memcpy address=00000236D5859000
PATCH 000002368EC1CA98 __memoryCopyForward address=00000236D5858000
PATCH 000002368EC1DB08 Swag.memset address=00000236D5871000
PATCH 000002368EC10790 __bootstrapRoundedSize address=00000236D5851000
PATCH 000002368D6C8BD8 __raiseException666 address=00000236D5861000
PATCH 000002368DF86250 sizeClass address=00000236D5867000
PATCH 000002368DF872C0 memAlign address=00000236D5869000
PATCH 000002368DF8AC48 osAllocGuarded address=00000236D586C000
PATCH 000002368DF85A18 classSize address=00000236D586A000
PATCH 000002368DFB62C0 popCachedBlock address=00000236D586D000
PATCH 000002368DFB1090 headerOf address=00000236D586F000
PATCH 000002368D6CF0C8 __captureStack address=00000236D5873000
PATCH 000002368DFB7330 allocateHeaderBlock address=00000236D5876000
PATCH 000002368DECBA60 collectRemote address=00000236D587D000
PATCH 000002368DECEE78 pageCommitStart address=00000236D5880000
PATCH 000002368DECF6B0 pageCommitEnd address=00000236D5881000
PATCH 000002368DE80858 releasePage address=00000236D5886000
PATCH 000002368DF8CD28 retireThreadHeap address=00000236D5889000
PATCH 000002368D6A5AF8 __hostThreadStorageAlloc address=00000236D588B000
PATCH 000002368D6A6330 __hostThreadStorageFree address=00000236D588C000
PATCH 000002368D6A6B68 __hostThreadStorageGet address=00000236D588E000
PATCH 000002368D6A73A0 __hostThreadStorageSet address=00000236D5890000
PATCH 000002368EC1AE08 Swag.safetyPanic address=00000236D589B000
PATCH 000002368DF84CE8 currentThreadId address=00000236D5891000
PATCH 000002368DF8DD98 linkPage address=00000236D5897000
PATCH 000002368DECCAD0 acquireBlock address=00000236D5895000
PATCH 000002368D6A52C0 __hostTlsSet address=00000236D585A000
PATCH 000002368EC29FA8 Swag.print address=00000236D58CF000
PATCH 000002368DFB41E0 checkAllocated address=00000236D58AA000
PATCH 000002368DFB9C48 checkPageAddress address=00000236D58B0000
PATCH 000002368DFB39A8 checkFree address=00000236D58AC000
PATCH 000002368DFBA480 freeBlock address=00000236D58B6000
PATCH 000002368DFBACB8 assertIsAllocated address=00000236D58BF000
DEFER 000002368CAFE6C0 swagLifecycleInitWrapper shard=8 offset=4424 address=0000000000000000
DEFER 000002368DFBEE78 opDrop shard=8 offset=4432 address=0000000000000000
DEFER 000002368970A3C0 swagLifecycleInitWrapper shard=8 offset=6944 address=0000000000000000
DEFER 000002368DD6B170 swagLifecycleInitWrapper shard=8 offset=7632 address=0000000000000000
DEFER 000002368CAFB050 swagLifecycleInitWrapper shard=8 offset=8728 address=0000000000000000
DEFER 000002368DF9D468 swagLifecycleInitWrapper shard=8 offset=10472 address=0000000000000000
DEFER 000002368DF9C518 swagLifecycleInitWrapper shard=8 offset=11296 address=0000000000000000
DEFER 000002368DFAE7A8 swagLifecycleInitWrapper shard=8 offset=12384 address=0000000000000000
PATCH 000002368EC1A5D0 Swag.panic address=00000236D58DE000
DEFER 000002368EC4A4E0 swagLifecycleInitWrapper shard=8 offset=13584 address=0000000000000000
PATCH 000002368EC19D98 __printPanicReport address=00000236D58DC000
DEFER 000002368D65CC00 swagLifecycleInitWrapper shard=8 offset=14192 address=0000000000000000
PATCH 000002368D665AE8 __runtimeAllocator address=00000236D58C1000
PATCH 000002368E874250 __hostTlsAlloc address=00000236D593C000
PATCH 000002368E620FC8 __bootstrapAlloc address=00000236D5943000
PATCH 000002368E643DD8 __tlsGetValue address=00000236D5940000
PATCH 000002368E621800 __bootstrapFree address=00000236D5948000
PATCH 000002368D3A39A8 defaultAllocator address=00000236D5949000
PATCH 000002368E802938 __hostPageCommit address=00000236D5941000
PATCH 000002368D3893A0 installed address=00000236D594A000
PATCH 000002368D388B68 configure address=00000236D594B000
PATCH 000002368E8039A8 __hostPageRelease address=00000236D5942000
PATCH 000002368D388330 setup address=00000236D594C000
PATCH 000002368D389BD8 diagnosticMode address=00000236D594E000
PATCH 000002368E802100 __hostPageReserve address=00000236D593D000
PATCH 000002368D3A0020 lockDiagnostic address=00000236D5950000
PATCH 000002368E8051C8 unlock address=00000236D5951000
PATCH 000002368D3A0858 unlockDiagnostic address=00000236D5952000
PATCH 000002368E644610 __tlsSetValue address=00000236D5947000
PATCH 000002368ECB31D8 atomicAddU64 address=00000236D5957000
PATCH 000002368E804990 lock address=00000236D594F000
PATCH 000002368D38A410 osAlloc address=00000236D595A000
PATCH 000002368D3983A0 usesHeaderPath address=00000236D5954000
PATCH 000002368D3918C8 userAddress address=00000236D595C000
PATCH 000002368D394A18 linkAllocated address=00000236D5960000
PATCH 000002368ECB29A0 atomicGet address=00000236D5963000
PATCH 000002368ECBAFE8 unlockRemote address=00000236D5965000
PATCH 000002368ECB7E98 isBlockAddress address=00000236D5967000
PATCH 000002368ECB4248 atomicSubU32 address=00000236D5968000
PATCH 000002368ECBA7B0 lockRemote address=00000236D5964000
PATCH 000002368ECF4A18 allocatorSegmentOf address=00000236D596A000
PATCH 000002368ECB8F08 decode address=00000236D5966000
PATCH 000002368ECB3A10 atomicSubU64 address=00000236D596F000
PATCH 000002368E803170 __hostPageDecommit address=00000236D596E000
PATCH 000002368ECB5AF0 allocatorOsDecommit address=00000236D5970000
PATCH 000002368D393170 setFooterMagic address=00000236D5962000
PATCH 000002368ECF1090 clearPageBit address=00000236D5971000
PATCH 000002368ECBE400 segmentBase address=00000236D596B000
PATCH 000002368D38D560 unlinkHeap address=00000236D5973000
PATCH 000002368D38B480 osFree address=00000236D5974000
PATCH 000002368D382C08 retireAllocatorThreadHeap address=00000236D5976000
PATCH 000002368D383440 allocatorThreadHeapFlsId address=00000236D5979000
PATCH 000002368D383C78 currentAllocatorThreadHeap address=00000236D597B000
PATCH 000002368E877BD8 __hostCurrentThreadId address=00000236D597D000
PATCH 000002368D384CE8 currentThreadId address=00000236D597E000
PATCH 000002368D38BCB8 allocateThreadHeap address=00000236D597F000
PATCH 000002368D386A88 classUnitShift address=00000236D5984000
PATCH 000002368E8773A0 __hostThreadStorageSet address=00000236D5981000
PATCH 000002368ECB52B8 allocatorOsCommit address=00000236D5986000
PATCH 000002368D3844B0 setCurrentAllocatorThreadHeap address=00000236D5983000
PATCH 000002368ECB6E28 setup address=00000236D5989000
PATCH 000002368ECB4A80 osReserve address=00000236D598B000
PATCH 000002368ECB6328 allocatorNextKey address=00000236D5987000
PATCH 000002368ECF0020 acquirePage address=00000236D598A000
PATCH 000002368ECF2100 allocatorAddArena address=00000236D598C000
PATCH 000002368ECB7660 setupBlockDivision address=00000236D5988000
PATCH 000002368ECF2938 allocatorCreateSegment address=00000236D598D000
PATCH 000002368D38F640 acquireBlockSlow address=00000236D5990000
PATCH 000002368D38DD98 linkPage address=00000236D5985000
PATCH 000002368D390020 acquireBlock address=00000236D5991000
PATCH 000002368D3A1090 alloc address=00000236D5993000
PATCH 000002368D38EE08 acquirePageForClass address=00000236D598F000
PATCH 000002368D392938 footerMagic address=00000236D5995000
PATCH 000002368D395250 unlinkAllocated address=00000236D5997000
PATCH 000002368ECF41E0 allocatorPageOf address=00000236D5994000
PATCH 000002368ECF3170 allocatorAcquireSegment address=00000236D598E000
PATCH 000002368D395A88 quarantine address=00000236D5999000
PATCH 000002368D397B68 freeHeaderBlock address=00000236D599B000
PATCH 000002368D396AF8 cacheFreedBlock address=00000236D599A000
PATCH 000002368ECB86D0 encode address=00000236D599D000
PATCH 000002368ECBC058 pushRemote address=00000236D59A1000
PATCH 000002368ECBD900 releaseBlock address=00000236D599E000
PATCH 000002368D398BD8 allocate address=00000236D5992000
PATCH 000002368D3A18C8 realloc address=00000236D59A4000
PATCH 000002368D3A2100 free address=00000236D59A5000
PATCH 000002368ECF18C8 isEmpty address=00000236D59A6000
PATCH 000002368ECF39A8 allocatorReleaseSegment address=00000236D59A7000
PATCH 000002368D39CD98 releaseAll address=00000236D59A8000
PATCH 000002368D38E5D0 unlinkPage address=00000236D599F000
PATCH 000002368ECBD0C8 holdsFreeBlock address=00000236D59AA000
PATCH 000002368D399410 reallocate address=00000236D59A3000
PATCH 000002368D3A3170 assertAllocated address=00000236D59AC000
PATCH 0000023689711F10 __concreteAlias address=00000236D59AF000
PATCH 000002368974B728 Swag.stringCmp address=00000236D59B1000
PATCH 000002368D3A2938 freeAll address=00000236D59A9000
PATCH 00000236897137B8 Swag.typeCmp address=00000236D59B2000
PATCH 000002368E62F3B0 Swag.memcmp address=00000236D59B0000
PATCH 000002368D390858 retirePage address=00000236D59A0000
PATCH 000002368DD083A0 __printString address=00000236D59B4000
PATCH 0000023689712F80 Swag.typeAs address=00000236D59B3000
PATCH 0000023689747DA0 __itoa address=00000236D59B7000
PATCH 0000023689749E80 __printS64 address=00000236D59B8000
PATCH 000002368E644E48 __tlsGetPtr address=00000236D59AE000
PATCH 000002368974A6B8 __printF64 address=00000236D59BA000
PATCH 0000023689748E10 __ftoa address=00000236D59B9000
PATCH 0000023689749648 __printU64 address=00000236D59B6000
PATCH 000002368DD60020 __hostImageBaseForAddress address=00000236D59BC000
PATCH 000002368DD62938 __hostReleaseDecodedDebugSection address=00000236D59BD000
PATCH 00000236897485D8 __utoa address=00000236D59B5000
PATCH 000002368DD618C8 __hostDebugSection address=00000236D59C0000
PATCH 000002368DD62100 __hostDecodeDebugSection address=00000236D59C1000
PATCH 000002368D3A5F00 __dbgU32 address=00000236D59C2000
PATCH 000002368D3A6738 __dbgFindSection address=00000236D59C3000
PATCH 000002368DD61090 __peU32 address=00000236D59BE000
PATCH 000002368D3A6F70 __dbgStr address=00000236D59C4000
PATCH 000002368DD60858 __peU16 address=00000236D59BF000
PATCH 000002368D3A7FE0 __hasStackTraceSymbols address=00000236D59C6000
PATCH 000002368D3A77A8 __symbolize address=00000236D59C5000
PATCH 000002368DD0A480 __exitError address=00000236D59C9000
PATCH 000002368D3A8818 __logStackTrace address=00000236D59C7000
PATCH 000002368E6435A0 __tlsAlloc address=00000236D59CB000
PATCH 0000023689716320 Swag.jit address=00000236D59CC000
PATCH 000002368E649470 __run_expr_1 address=00000236D59CE000
PATCH 000002368DED1158 swagLifecycleInitWrapper address=00000236D59CD000
PATCH 000002368E629D98 __printPanicReport address=00000236D59C8000
PATCH 000002368E620790 __bootstrapRoundedSize address=00000236D593E000
PATCH 000002368E62E340 Swag.memcpy address=00000236D5945000
PATCH 000002368E62CA98 __memoryCopyForward address=00000236D5944000
PATCH 000002368E8752C0 __hostTlsSet address=00000236D5946000
PATCH 000002368D386250 sizeClass address=00000236D5953000
PATCH 000002368D3872C0 memAlign address=00000236D5955000
PATCH 000002368E874A88 __hostTlsGet address=00000236D593F000
PATCH 000002368D385A18 classSize address=00000236D5956000
PATCH 000002368D3962C0 popCachedBlock address=00000236D5959000
PATCH 000002368DD08BD8 __raiseException666 address=00000236D594D000
PATCH 000002368D38AC48 osAllocGuarded address=00000236D5958000
PATCH 000002368D392100 footer address=00000236D595E000
PATCH 000002368D391090 headerOf address=00000236D595B000
PATCH 000002368DD0F0C8 __captureStack address=00000236D595F000
PATCH 000002368D397330 allocateHeaderBlock address=00000236D5961000
PATCH 000002368ECBF470 pageCommitEnd address=00000236D596D000
PATCH 000002368ECBEC38 pageCommitStart address=00000236D596C000
PATCH 000002368D38CD28 retireThreadHeap address=00000236D5975000
PATCH 000002368ECBB820 collectRemote address=00000236D5969000
PATCH 000002368E875AF8 __hostThreadStorageAlloc address=00000236D5977000
PATCH 000002368E876330 __hostThreadStorageFree address=00000236D5978000
PATCH 000002368E62DB08 Swag.memset address=00000236D595D000
PATCH 000002368ECF0858 releasePage address=00000236D5972000
PATCH 000002368E62AE08 Swag.safetyPanic address=00000236D597C000
PATCH 000002368E876B68 __hostThreadStorageGet address=00000236D597A000
PATCH 000002368D38C4F0 threadHeap address=00000236D5980000
PATCH 000002368ECBC890 acquireBlock address=00000236D5982000
PATCH 000002368D3941E0 checkAllocated address=00000236D5996000
PATCH 000002368D3939A8 checkFree address=00000236D5998000
PATCH 000002368D399C48 checkPageAddress address=00000236D599C000
PATCH 000002368D39A480 freeBlock address=00000236D59A2000
PATCH 000002368D39ACB8 assertIsAllocated address=00000236D59AB000
DEFER 000002368DFAA550 swagLifecycleInitWrapper shard=0 offset=4592 address=0000000000000000
DEFER 000002368D39EE78 opDrop shard=0 offset=4600 address=0000000000000000
DEFER 000002368DE99850 swagLifecycleInitWrapper shard=0 offset=7112 address=0000000000000000
DEFER 000002368DD2C580 swagLifecycleInitWrapper shard=0 offset=7800 address=0000000000000000
DEFER 000002368DE943D0 swagLifecycleInitWrapper shard=0 offset=8896 address=0000000000000000
DEFER 000002368E648958 swagLifecycleInitWrapper shard=0 offset=10640 address=0000000000000000
DEFER 00000236897036F8 swagLifecycleInitWrapper shard=0 offset=11464 address=0000000000000000
DEFER 000002368E6477F0 swagLifecycleInitWrapper shard=0 offset=12552 address=0000000000000000
PATCH 000002368E62A5D0 Swag.panic address=00000236D59CA000
DEFER 000002368D3DB8F8 swagLifecycleInitWrapper shard=0 offset=13752 address=0000000000000000
DEFER 000002368DD6C8B8 swagLifecycleInitWrapper shard=0 offset=14360 address=0000000000000000
PATCH 0000023689716B58 __runtimeAllocator address=00000236D59AD000
PATCH 000002368974AEF0 Swag.print address=00000236D59BB000
PATCH 000002368EF4AD28 __hostTlsAlloc address=00000236D5A2C000
PATCH 000002368F0E0FC8 __bootstrapAlloc address=00000236D5A33000
PATCH 000002368EF09410 __hostPageCommit address=00000236D5A30000
PATCH 000002368EDB4610 __tlsSetValue address=00000236D5A37000
PATCH 000002368EF0A480 __hostPageRelease address=00000236D5A32000
PATCH 000002368EDB3DD8 __tlsGetValue address=00000236D5A2E000
PATCH 000002368EF08BD8 __hostPageReserve address=00000236D5A31000
PATCH 000002368971F640 configure address=00000236D5A3B000
PATCH 000002368971EE08 setup address=00000236D5A3C000
PATCH 0000023689779F10 defaultAllocator address=00000236D5A39000
PATCH 0000023689776588 lockDiagnostic address=00000236D5A40000
PATCH 0000023689740020 installed address=00000236D5A3A000
PATCH 0000023689776DC0 unlockDiagnostic address=00000236D5A42000
PATCH 0000023689740858 diagnosticMode address=00000236D5A3E000
PATCH 000002368EF0B468 lock address=00000236D5A3F000
PATCH 0000023689754948 atomicAddU64 address=00000236D5A47000
PATCH 000002368F0E1800 __bootstrapFree address=00000236D5A38000
PATCH 000002368EF0BCA0 unlock address=00000236D5A41000
PATCH 00000236897483A0 userAddress address=00000236D5A4C000
PATCH 0000023689749C48 setFooterMagic address=00000236D5A4D000
PATCH 000002368974EE78 usesHeaderPath address=00000236D5A44000
PATCH 000002368975BF20 lockRemote address=00000236D5A54000
PATCH 000002368975C758 unlockRemote address=00000236D5A55000
PATCH 000002368974B4F0 linkAllocated address=00000236D5A51000
PATCH 0000023689754110 atomicGet address=00000236D5A52000
PATCH 000002368975A678 decode address=00000236D5A56000
PATCH 0000023689759608 isBlockAddress address=00000236D5A57000
PATCH 0000023689741090 osAlloc address=00000236D5A4A000
PATCH 00000236897162C0 allocatorSegmentOf address=00000236D5A5A000
PATCH 00000236897559B8 atomicSubU32 address=00000236D5A58000
PATCH 0000023689755180 atomicSubU64 address=00000236D5A5E000
PATCH 0000023689757260 allocatorOsDecommit address=00000236D5A5F000
PATCH 0000023689712938 clearPageBit address=00000236D5A61000
PATCH 0000023689710020 segmentBase address=00000236D5A5B000
PATCH 00000236897441E0 unlinkHeap address=00000236D5A63000
PATCH 0000023689742100 osFree address=00000236D5A64000
PATCH 000002368EF09C48 __hostPageDecommit address=00000236D5A60000
PATCH 00000236897196E0 retireAllocatorThreadHeap address=00000236D5A66000
PATCH 000002368971A750 currentAllocatorThreadHeap address=00000236D5A6B000
PATCH 0000023689719F18 allocatorThreadHeapFlsId address=00000236D5A69000
PATCH 0000023689742938 allocateThreadHeap address=00000236D5A6E000
PATCH 000002368971D560 classUnitShift address=00000236D5A72000
PATCH 0000023689756A28 allocatorOsCommit address=00000236D5A74000
PATCH 000002368EF4E6B0 __hostCurrentThreadId address=00000236D5A71000
PATCH 00000236897561F0 osReserve address=00000236D5A7A000
PATCH 0000023689757A98 allocatorNextKey address=00000236D5A75000
PATCH 0000023689714A18 allocatorAcquireSegment address=00000236D5A7D000
PATCH 000002368971AF88 setCurrentAllocatorThreadHeap address=00000236D5A76000
PATCH 0000023689749410 footerMagic address=00000236D5A84000
PATCH 000002368974BD28 unlinkAllocated address=00000236D5A86000
PATCH 000002368974E640 freeHeaderBlock address=00000236D5A8A000
PATCH 00000236897775F8 alloc address=00000236D5A82000
PATCH 0000023689759E40 encode address=00000236D5A8C000
PATCH 000002368975D7C8 pushRemote address=00000236D5A8E000
PATCH 0000023689713170 isEmpty address=00000236D5A95000
PATCH 0000023689715250 allocatorReleaseSegment address=00000236D5A96000
PATCH 000002368975E838 holdsFreeBlock address=00000236D5A99000
PATCH 0000023689777E30 realloc address=00000236D5A93000
PATCH 00000236897796D8 assertAllocated address=00000236D5A9B000
PATCH 000002368F0E2CA0 __concreteAlias address=00000236D5A9E000
PATCH 0000023689778668 free address=00000236D5A94000
PATCH 000002368F0E3D10 Swag.typeAs address=00000236D5AA2000
PATCH 0000023689778EA0 freeAll address=00000236D5A98000
PATCH 000002368E5C0A70 __utoa address=00000236D5AA4000
PATCH 000002368EDB4E48 __tlsGetPtr address=00000236D5A9D000
PATCH 000002368E5C2318 __printS64 address=00000236D5AA7000
PATCH 000002368E5C2B50 __printF64 address=00000236D5AA9000
PATCH 000002368E5C1AE0 __printU64 address=00000236D5AA5000
PATCH 000002368E5B6510 __hostImageBaseForAddress address=00000236D5AAB000
PATCH 000002368E5C0238 __itoa address=00000236D5AA6000
PATCH 000002368E5B7580 __peU32 address=00000236D5AAD000
PATCH 000002368E5B6D48 __peU16 address=00000236D5AAE000
PATCH 000002368E5C3BC0 Swag.stringCmp address=00000236D5AA0000
PATCH 000002368E5C58E0 __dbgU32 address=00000236D5AB1000
PATCH 000002368E5B85F0 __hostDecodeDebugSection address=00000236D5AB0000
PATCH 000002368E5C6118 __dbgFindSection address=00000236D5AB2000
PATCH 000002368E5C79C0 __hasStackTraceSymbols address=00000236D5AB5000
PATCH 000002368E5C81F8 __logStackTrace address=00000236D5AB7000
PATCH 000002368E5B1090 __exitError address=00000236D5AB9000
PATCH 000002368EDB35A0 __tlsAlloc address=00000236D5ABB000
PATCH 000002368E5C12A8 __ftoa address=00000236D5AA8000
PATCH 000002368F0E70B0 Swag.jit address=00000236D5ABC000
PATCH 000002368E5B8E28 __hostReleaseDecodedDebugSection address=00000236D5AAC000
PATCH 000002368F0FEB10 swagLifecycleInitWrapper address=00000236D5ABE000
PATCH 000002368EDB9CA8 __run_expr_3 address=00000236D5ABD000
PATCH 000002368EF4B560 __hostTlsGet address=00000236D5A2D000
PATCH 000002368EF6AA80 __memoryCopyForward address=00000236D5A34000
PATCH 000002368EF6C328 Swag.memcpy address=00000236D5A35000
PATCH 000002368F0E0790 __bootstrapRoundedSize address=00000236D5A2F000
PATCH 000002368EF4BD98 __hostTlsSet address=00000236D5A36000
PATCH 000002368971DD98 memAlign address=00000236D5A45000
PATCH 000002368EF7F6B0 __raiseException666 address=00000236D5A3D000
PATCH 00000236897418C8 osAllocGuarded address=00000236D5A48000
PATCH 000002368971C4F0 classSize address=00000236D5A46000
PATCH 000002368974CD98 popCachedBlock address=00000236D5A49000
PATCH 000002368971CD28 sizeClass address=00000236D5A43000
PATCH 000002368971B7C0 currentThreadId address=00000236D5A6D000
PATCH 000002368EF6BAF0 Swag.memset address=00000236D5A4F000
PATCH 0000023689747B68 headerOf address=00000236D5A4B000
PATCH 000002368E5B5CD8 __captureStack address=00000236D5A50000
PATCH 000002368974DE08 allocateHeaderBlock address=00000236D5A53000
PATCH 0000023689748BD8 footer address=00000236D5A4E000
PATCH 0000023689711090 pageCommitEnd address=00000236D5A5D000
PATCH 0000023689710858 pageCommitStart address=00000236D5A5C000
PATCH 00000236897439A8 retireThreadHeap address=00000236D5A65000
PATCH 000002368EF4C5D0 __hostThreadStorageAlloc address=00000236D5A67000
PATCH 0000023689712100 releasePage address=00000236D5A62000
PATCH 000002368EF4DE78 __hostThreadStorageSet address=00000236D5A6C000
PATCH 000002368975CF90 collectRemote address=00000236D5A59000
PATCH 000002368EF4CE08 __hostThreadStorageFree address=00000236D5A68000
PATCH 0000023689744A18 linkPage address=00000236D5A73000
PATCH 000002368EF4D640 __hostThreadStorageGet address=00000236D5A6A000
PATCH 0000023689743170 threadHeap address=00000236D5A6F000
PATCH 0000023689758598 setup address=00000236D5A78000
PATCH 0000023689758DD0 setupBlockDivision address=00000236D5A77000
PATCH 00000236897139A8 allocatorAddArena address=00000236D5A7B000
PATCH 00000236897118C8 acquirePage address=00000236D5A79000
PATCH 0000023689745A88 acquirePageForClass address=00000236D5A7E000
PATCH 00000236897141E0 allocatorCreateSegment address=00000236D5A7C000
PATCH 00000236897462C0 acquireBlockSlow address=00000236D5A7F000
PATCH 0000023689746AF8 acquireBlock address=00000236D5A80000
PATCH 000002368975E000 acquireBlock address=00000236D5A70000
PATCH 000002368974ACB8 checkAllocated address=00000236D5A85000
PATCH 0000023689715A88 allocatorPageOf address=00000236D5A83000
PATCH 000002368974A480 checkFree address=00000236D5A87000
PATCH 000002368974D5D0 cacheFreedBlock address=00000236D5A89000
PATCH 0000023689770858 checkPageAddress address=00000236D5A8B000
PATCH 000002368974C560 quarantine address=00000236D5A88000
PATCH 0000023689745250 unlinkPage address=00000236D5A92000
PATCH 0000023689747330 retirePage address=00000236D5A8D000
PATCH 000002368975F070 releaseBlock address=00000236D5A8F000
PATCH 0000023689771090 freeBlock address=00000236D5A90000
PATCH 0000023689770020 reallocate address=00000236D5A91000
PATCH 000002368EF7EE78 __printString address=00000236D5AA3000
PATCH 00000236897739A8 releaseAll address=00000236D5A97000
PATCH 00000236897718C8 assertIsAllocated address=00000236D5A9A000
DEFER 000002368E863138 swagLifecycleInitWrapper shard=8 offset=3808 address=0000000000000000
PATCH 000002368F0E4548 Swag.typeCmp address=00000236D5AA1000
DEFER 0000023689775A88 opDrop shard=8 offset=3816 address=0000000000000000
PATCH 000002368974F6B0 allocate address=00000236D5A81000
PATCH 000002368E5B7DB8 __hostDebugSection address=00000236D5AAF000
PATCH 000002368EF6D398 Swag.memcmp address=00000236D5A9F000
DEFER 000002368EDDB788 swagLifecycleInitWrapper shard=8 offset=6344 address=0000000000000000
PATCH 000002368EF68DF0 Swag.safetyPanic address=00000236D5AB6000
PATCH 000002368E5C6950 __dbgStr address=00000236D5AB3000
PATCH 000002368E5C7188 __symbolize address=00000236D5AB4000
DEFER 000002368E8121E8 swagLifecycleInitWrapper shard=8 offset=7032 address=0000000000000000
PATCH 000002368EF685B8 Swag.panic address=00000236D5ABA000
DEFER 000002368E8612D0 swagLifecycleInitWrapper shard=8 offset=8128 address=0000000000000000
PATCH 000002368EF67D80 __printPanicReport address=00000236D5AB8000
DEFER 000002368D3D8398 swagLifecycleInitWrapper shard=8 offset=9872 address=0000000000000000
DEFER 000002368F0ED438 swagLifecycleInitWrapper shard=8 offset=10696 address=0000000000000000
PATCH 000002368E5C3388 Swag.print address=00000236D5AAA000
DEFER 000002368C74C808 swagLifecycleInitWrapper shard=8 offset=11784 address=0000000000000000
DEFER 000002368CC1B260 swagLifecycleInitWrapper shard=8 offset=12984 address=0000000000000000
DEFER 000002368D3C4410 swagLifecycleInitWrapper shard=8 offset=13592 address=0000000000000000
PATCH 000002368F0E78E8 __runtimeAllocator address=00000236D5A9C000
PATCH 000002368E800FC8 __bootstrapAlloc address=00000236D5B27000
PATCH 0000023689757330 __hostPageReserve address=00000236D5B23000
PATCH 000002368E801800 __bootstrapFree address=00000236D5B2C000
PATCH 0000023689757B68 __hostPageCommit address=00000236D5B24000
PATCH 000002368ED139A8 defaultAllocator address=00000236D5B2D000
PATCH 0000023689758BD8 __hostPageRelease address=00000236D5B26000
PATCH 000002368E862D68 __tlsSetValue address=00000236D5B2B000
PATCH 000002368ED78B68 configure address=00000236D5B2F000
PATCH 000002368ED79BD8 diagnosticMode address=00000236D5B31000
PATCH 0000023689729480 __hostTlsAlloc address=00000236D5B20000
PATCH 0000023689759BC0 lock address=00000236D5B32000
PATCH 000002368ED10020 lockDiagnostic address=00000236D5B34000
PATCH 000002368975A3F8 unlock address=00000236D5B35000
PATCH 000002368ED10858 unlockDiagnostic address=00000236D5B36000
PATCH 000002368ED78330 setup address=00000236D5B30000
PATCH 000002368ED793A0 installed address=00000236D5B2E000
PATCH 000002368ED383A0 usesHeaderPath address=00000236D5B38000
PATCH 000002368FE931D8 atomicAddU64 address=00000236D5B3B000
PATCH 000002368ED7A410 osAlloc address=00000236D5B3E000
PATCH 000002368ED318C8 userAddress address=00000236D5B40000
PATCH 000002368ED34A18 linkAllocated address=00000236D5B44000
PATCH 000002368FE99148 decode address=00000236D5B4A000
PATCH 000002368FE929A0 atomicGet address=00000236D5B47000
PATCH 000002368FE94248 atomicSubU32 address=00000236D5B4C000
PATCH 000002368FE9A9F0 lockRemote address=00000236D5B48000
PATCH 000002368FEC4A18 allocatorSegmentOf address=00000236D5B4E000
PATCH 000002368ED33170 setFooterMagic address=00000236D5B42000
PATCH 000002368FE93A10 atomicSubU64 address=00000236D5B53000
PATCH 000002368FE980D8 isBlockAddress address=00000236D5B4B000
PATCH 000002368FEC1090 clearPageBit address=00000236D5B55000
PATCH 000002368FE9B228 unlockRemote address=00000236D5B49000
PATCH 000002368ED7D560 unlinkHeap address=00000236D5B57000
PATCH 000002368FE9E640 segmentBase address=00000236D5B4F000
PATCH 000002368FE95AF0 allocatorOsDecommit address=00000236D5B54000
PATCH 000002368ED72C08 retireAllocatorThreadHeap address=00000236D5B5A000
PATCH 00000236897583A0 __hostPageDecommit address=00000236D5B52000
PATCH 000002368ED73C78 currentAllocatorThreadHeap address=00000236D5B5F000
PATCH 000002368ED7B480 osFree address=00000236D5B58000
PATCH 000002368ED73440 allocatorThreadHeapFlsId address=00000236D5B5D000
PATCH 000002368ED7BCB8 allocateThreadHeap address=00000236D5B64000
PATCH 000002368ED74CE8 currentThreadId address=00000236D5B63000
PATCH 000002368ED7C4F0 threadHeap address=00000236D5B65000
PATCH 000002368ED76A88 classUnitShift address=00000236D5B67000
PATCH 000002368972CE08 __hostCurrentThreadId address=00000236D5B61000
PATCH 000002368ED744B0 setCurrentAllocatorThreadHeap address=00000236D5B62000
PATCH 000002368FE94A80 osReserve address=00000236D5B6E000
PATCH 000002368FEC3170 allocatorAcquireSegment address=00000236D5B71000
PATCH 000002368FE96568 allocatorNextKey address=00000236D5B6A000
PATCH 000002368ED32938 footerMagic address=00000236D5B78000
PATCH 000002368ED35250 unlinkAllocated address=00000236D5B7A000
PATCH 000002368ED11090 alloc address=00000236D5B76000
PATCH 000002368FE952B8 allocatorOsCommit address=00000236D5B69000
PATCH 000002368FE98910 encode address=00000236D5B80000
PATCH 000002368FE9C298 pushRemote address=00000236D5B83000
PATCH 000002368ED37B68 freeHeaderBlock address=00000236D5B7E000
PATCH 000002368ED118C8 realloc address=00000236D5B87000
PATCH 000002368FEC39A8 allocatorReleaseSegment address=00000236D5B8A000
PATCH 000002368ED12938 freeAll address=00000236D5B8C000
PATCH 000002368FE9D308 holdsFreeBlock address=00000236D5B8D000
PATCH 000002368E8635A0 __tlsGetPtr address=00000236D5B91000
PATCH 000002368EA91790 __concreteAlias address=00000236D5B92000
PATCH 000002368FEC18C8 isEmpty address=00000236D5B89000
PATCH 000002368EAEB000 Swag.stringCmp address=00000236D5B94000
PATCH 000002368ED13170 assertAllocated address=00000236D5B8F000
PATCH 000002368EA92800 Swag.typeAs address=00000236D5B96000
PATCH 000002368EAE7EB0 __utoa address=00000236D5B98000
PATCH 000002368ED12100 free address=00000236D5B88000
PATCH 000002368EAE86E8 __ftoa address=00000236D5B9C000
PATCH 000002368EAE7678 __itoa address=00000236D5B9A000
PATCH 000002368EAE9F90 __printF64 address=00000236D5B9D000
PATCH 000002368EAE8F20 __printU64 address=00000236D5B99000
PATCH 0000023689774BB0 __hostImageBaseForAddress address=00000236D5B9F000
PATCH 00000236897753E8 __peU16 address=00000236D5BA2000
PATCH 0000023689775C20 __peU32 address=00000236D5BA1000
PATCH 000002368EAECD20 __dbgU32 address=00000236D5BA5000
PATCH 00000236897774C8 __hostReleaseDecodedDebugSection address=00000236D5BA0000
PATCH 000002368EAEEE00 __hasStackTraceSymbols address=00000236D5BA9000
PATCH 000002368EAE9758 __printS64 address=00000236D5B9B000
PATCH 000002368E861CF8 __tlsAlloc address=00000236D5BAE000
PATCH 000002368EA95BA0 Swag.jit address=00000236D5BAF000
PATCH 000002368EAED558 __dbgFindSection address=00000236D5BA6000
PATCH 000002368E80AE08 Swag.safetyPanic address=00000236D5BB0000
PATCH 0000023689776C90 __hostDecodeDebugSection address=00000236D5BA4000
PATCH 000002368977A558 __run_expr_1 address=00000236D5BB1000
PATCH 000002368974F6B0 __exitError address=00000236D5BAC000
PATCH 000002368EAFEA58 swagLifecycleInitWrapper address=00000236D5BB2000
PATCH 000002368E862530 __tlsGetValue address=00000236D5B21000
PATCH 000002368ED7CD28 retireThreadHeap address=00000236D5B59000
PATCH 0000023689729CB8 __hostTlsGet address=00000236D5B25000
PATCH 000002368C9792E0 Swag.memcpy address=00000236D5B29000
PATCH 000002368972A4F0 __hostTlsSet address=00000236D5B2A000
PATCH 000002368E800790 __bootstrapRoundedSize address=00000236D5B22000
PATCH 000002368C977A38 __memoryCopyForward address=00000236D5B28000
PATCH 000002368974DE08 __raiseException666 address=00000236D5B33000
PATCH 000002368ED772C0 memAlign address=00000236D5B39000
PATCH 000002368ED76250 sizeClass address=00000236D5B37000
PATCH 000002368ED75A18 classSize address=00000236D5B3A000
PATCH 000002368ED7AC48 osAllocGuarded address=00000236D5B3C000
PATCH 000002368ED362C0 popCachedBlock address=00000236D5B3D000
PATCH 000002368ED31090 headerOf address=00000236D5B3F000
PATCH 000002368ED32100 footer address=00000236D5B41000
PATCH 0000023689774378 __captureStack address=00000236D5B43000
PATCH 000002368C978AA8 Swag.memset address=00000236D5B46000
PATCH 000002368972BD98 __hostThreadStorageGet address=00000236D5B5E000
PATCH 000002368ED37330 allocateHeaderBlock address=00000236D5B45000
PATCH 000002368FE9BA60 collectRemote address=00000236D5B4D000
PATCH 000002368FE9EE78 pageCommitStart address=00000236D5B50000
PATCH 000002368ED35A88 quarantine address=00000236D5B7C000
PATCH 000002368FE9F6B0 pageCommitEnd address=00000236D5B51000
PATCH 000002368972AD28 __hostThreadStorageAlloc address=00000236D5B5C000
PATCH 000002368FEC0858 releasePage address=00000236D5B56000
PATCH 000002368972B560 __hostThreadStorageFree address=00000236D5B5B000
PATCH 000002368972C5D0 __hostThreadStorageSet address=00000236D5B60000
PATCH 000002368ED7DD98 linkPage address=00000236D5B68000
PATCH 000002368FE9CAD0 acquireBlock address=00000236D5B66000
PATCH 000002368FE978A0 setupBlockDivision address=00000236D5B6B000
PATCH 000002368FEC0020 acquirePage address=00000236D5B6D000
PATCH 000002368FEC2100 allocatorAddArena address=00000236D5B6F000
PATCH 000002368ED7F640 acquireBlockSlow address=00000236D5B73000
PATCH 000002368FE97068 setup address=00000236D5B6C000
PATCH 000002368ED38BD8 allocate address=00000236D5B75000
PATCH 000002368ED7EE08 acquirePageForClass address=00000236D5B72000
PATCH 000002368ED30020 acquireBlock address=00000236D5B74000
PATCH 000002368FEC2938 allocatorCreateSegment address=00000236D5B70000
PATCH 000002368FEC41E0 allocatorPageOf address=00000236D5B77000
PATCH 000002368ED341E0 checkAllocated address=00000236D5B79000
PATCH 000002368ED339A8 checkFree address=00000236D5B7B000
PATCH 000002368ED36AF8 cacheFreedBlock address=00000236D5B7D000
PATCH 000002368ED7E5D0 unlinkPage address=00000236D5B84000
PATCH 000002368FE9DB40 releaseBlock address=00000236D5B82000
PATCH 000002368ED30858 retirePage address=00000236D5B81000
PATCH 000002368ED3A480 freeBlock address=00000236D5B85000
PATCH 000002368ED39C48 checkPageAddress address=00000236D5B7F000
PATCH 000002368ED39410 reallocate address=00000236D5B86000
PATCH 000002368ED3CD98 releaseAll address=00000236D5B8B000
PATCH 000002368ED3ACB8 assertIsAllocated address=00000236D5B8E000
PATCH 000002368EA93038 Swag.typeCmp address=00000236D5B95000
DEFER 000002368EFF82C0 swagLifecycleInitWrapper shard=8 offset=4896 address=0000000000000000
PATCH 0000023689776458 __hostDebugSection address=00000236D5BA3000
PATCH 000002368C97A350 Swag.memcmp address=00000236D5B93000
PATCH 000002368974D5D0 __printString address=00000236D5B97000
PATCH 000002368EAEDD90 __dbgStr address=00000236D5BA7000
DEFER 000002368ED3EE78 opDrop shard=8 offset=4904 address=0000000000000000
PATCH 000002368EAEE5C8 __symbolize address=00000236D5BA8000
PATCH 000002368EAEF638 __logStackTrace address=00000236D5BAA000
DEFER 000002368EA81970 swagLifecycleInitWrapper shard=8 offset=7432 address=0000000000000000
PATCH 000002368E80A5D0 Swag.panic address=00000236D5BAD000
PATCH 000002368E809D98 __printPanicReport address=00000236D5BAB000
DEFER 000002368D40AB28 swagLifecycleInitWrapper shard=8 offset=8304 address=0000000000000000
PATCH 000002368EAEA7C8 Swag.print address=00000236D5B9E000
DEFER 000002368EAAA6A8 swagLifecycleInitWrapper shard=8 offset=9400 address=0000000000000000
DEFER 000002368D3BE220 swagLifecycleInitWrapper shard=8 offset=11144 address=0000000000000000
DEFER 000002368ED62DE8 swagLifecycleInitWrapper shard=8 offset=11968 address=0000000000000000
DEFER 0000023689779258 swagLifecycleInitWrapper shard=8 offset=13056 address=0000000000000000
DEFER 000002368D441FF8 swagLifecycleInitWrapper shard=8 offset=14256 address=0000000000000000
DEFER 000002368E86BC20 swagLifecycleInitWrapper shard=8 offset=14864 address=0000000000000000
PATCH 000002368EA963D8 __runtimeAllocator address=00000236D5B90000
onSortKeepsCompositeKeysAcrossFiles  ok (127 us)
  Test-Compiler_AstVisitKeepsDepthFirstOrderWithPendingSiblings  ok (129 us)
  Test-Compiler_AutoInlineBlockedCallsUseDirectEdgesAndOriginalNameScopes  ok (1 ms)
  Test-SymbolMap_ConcurrentShardsPreserveCountAndTraversal  fail (63 ms)
  Test-Compiler_SilentJobFailureAfterMainDeclarationFailsTheDriver  fail (386 ms)
  Test-Compiler_ExpectedSourceDiagnosticDoesNotBecomeSilentJobFailure  ok (372 ms)
  Test-Compiler_MessagePassSkipsWithoutListeners  ok (913 us)
  Test-Compiler_MessagePassQueuesOnlyOncePerListener  ok (788 us)
  Test-Compiler_MessageAliasPayloadUsesUnderlyingType  ok (6 us)
  Test-Compiler_DiagnosticWarningSeverityColorIsMagenta  ok (5 us)
  Test-Compiler_DiagnosticCatalogFollowsSwagMessageStyle  ok (1 ms)
  Test-Compiler_AssertDiagnosticPreservesLiteralSuffixQuotes  ok (58 us)
  Test-Compiler_DiagnosticEscapesQuotedArgumentTicks  ok (30 us)
  Test-Compiler_DiagnosticArgumentCountDoesNotRepeatUnit  ok (203 us)
  Test-Compiler_DiagnosticRemovesUnexpandedWordPlaceholders  ok (30 us)
  Test-Compiler_NativeExitCodeDiagnosticShowsDecimalAndHex  ok (25 us)
  Test-Compiler_DiagnosticEscapesQuotedArgumentWithoutBreakingHelpSplit  ok (29 us)
  Test-NodePayload_ConcurrentUpdatesPreserveDisjointState  ok (27 ms)
  Test-NodePayload_MutableAndConstSymbolListsPreserveFlagsAndOrder  ok (180 us)
  Test-Compiler_CommandLineTagsReachSema  ok (364 ms)
  Test-Compiler_InternalTagPrecedesUserOverride  ok (374 ms)
  Test-Compiler_TestCommandEnablesSourceDrivenModeWhenParsed  ok (343 us)
  Test-Compiler_DebugOptionEnablesDebugInformation  ok (173 us)
  Test-Compiler_ReleaseBuildDoesNotEnableDebugInformation  ok (122 us)
  Test-Compiler_TestCommandRegistersSwagTestCompilerTag  ok (421 ms)
  Test-Compiler_UnittestCommandKeepsSourceDrivenModeDisabledWhenParsed  ok (140 us)
  Test-Compiler_RunCommandParsesRunArgs  ok (90 us)
  Test-Compiler_TestCommandForcesSwagTestRunArg  ok (79 us)
  Test-Compiler_TestCommandDoesNotDuplicateSwagTestRunArg  ok (4 us)
  Test-Compiler_TestCommandKeepsExplicitSandboxRoot  ok (6 us)
  Test-Compiler_TestCommandGrantsTheModuleAsCorpus  ok (22 us)
  Test-Compiler_TestCommandGrantsTheWorkspaceWithoutAModule  ok (8 us)
  Test-Compiler_SmokeCommandGrantsNoCorpus  ok (5 us)
  Test-DebugInfo_EmitsWindowsSymbolAndTypeRecords  ok (278 us)
  Test-DebugInfo_PdbInfoEmitsWindowsBuildInfo  ok (58 us)
  Test-DebugInfo_EmitsWindowsVariableAndConstantRecords  ok (110 us)
  Test-DebugInfo_UsesPerVariableBaseRegistersForRegRelativeSymbols  ok (55 us)
  Test-DebugInfo_CollapsesConsecutiveSameLineEntries  ok (163 us)
  Test-DebugInfo_SkipsNoStepLineEntries  ok (107 us)
  Test-DebugInfo_FirstLineCoversEntry  ok (87 us)
  Test-DebugInfo_ResolvesNoStepBackendSourceInfo  ok (25 us)
  Test-DebugInfo_UsesOwnerSourceFileForGeneratedViews  ok (113 us)
  Test-DebugInfo_UsesDebugSourceCodeRefForGeneratedViewLines  ok (462 us)
  Test-DebugInfo_CompilerTestFunctionsPreserveStackDebugMetadata  ok (575 ms)
  Test-DebugInfo_RuntimeStorageLocalsStayOutOfCodeView  ok (1 s 36 ms)
  Test-DebugInfo_CompilerPrivateGlobalsReachCodeViewDataSymbols  ok (647 ms)
  Test-DebugInfo_EmitsWindowsSourceChecksums  ok (209 us)
  Test-EncodeX64_Flow         ok (1 ms)
  Test-EncodeX64_Load         ok (2 ms)
  Test-EncodeX64_CmpAndCond   ok (651 us)
  Test-EncodeX64_VecPackedOps  ok (4 ms)
  Test-EncodeX64_LegalizeLargeCmpRegImmPreservesLhs  ok (110 us)
  Test-EncodeX64_UnaryOps     ok (181 us)
  Test-EncodeX64_BinaryRegRegOps  ok (1 ms)
  Test-EncodeX64_BinaryRegMemOps  ok (151 us)
  Test-EncodeX64_BinaryMemRegOps  ok (317 us)
  Test-EncodeX64_BinaryImmOps  ok (1 ms)
  Test-EncodeX64_TernaryAndConvert  ok (304 us)
  Test-EncodeX64_UnwindFromMicro  ok (81 us)
  Test-EncodeX64_UnwindFramePointerSetupAfterStackShape  ok (49 us)
  Test-EncodeX64_UnwindStopsBeforeStackStoreBody  ok (69 us)
  Test-EncodeX64_UnwindUpdatesFramePointerWhenAssignedTwice  ok (45 us)
  Test-EncodeX64_UnwindLocalStackBaseIsNotAFrameRegister  ok (43 us)
  Test-EncodeX64_UnwindStopsAfterBodyStart  ok (34 us)
  Test-FormatAlign_ConsecutiveAssignments  ok (888 us)
  Test-FormatAlign_ConsecutiveAliases  ok (703 us)
  Test-FormatAlign_AliasesAcrossAttributesAndBlankLines  ok (485 us)
  Test-FormatAlign_AssignmentsBreakOnIndentation  ok (615 us)
  Test-FormatAlign_AssignmentsBreakOnBlankLine  ok (486 us)
  Test-FormatAlign_AssignmentsAcrossBlanks  ok (470 us)
  Test-FormatAlign_ConsecutiveDeclarations  ok (431 us)
  Test-FormatAlign_ControlDeclarationsBreakDeclarationGroups  ok (630 us)
  Test-FormatAlign_ConsecutiveConstants  ok (374 us)
  Test-FormatAlign_StructFields  ok (397 us)
  Test-FormatAlign_EnumValues  ok (381 us)
  Test-FormatAlign_NoneRemovesAlignment  ok (324 us)
  Test-FormatAlign_TrailingComments  ok (524 us)
  Test-FormatAlign_TrailingCommentsBreakOnIndentation  ok (663 us)
  Test-FormatAlign_TrailingCommentsNormalized  ok (457 us)
  Test-FormatAlign_FatArrowsConsecutive  ok (503 us)
  Test-FormatAlign_FatArrowsBreakOnPlainFunction  ok (517 us)
  Test-FormatAlign_SingletonTightensStalePadding  ok (425 us)
  Test-FormatAlign_StructFieldsWithTypeQualifiers  ok (540 us)
  Test-FormatAlign_StructFieldGridMixed  ok (555 us)
  Test-FormatAlign_StructFieldGridOffKeepsSingleColumn  ok (652 us)
  Test-FormatAlign_DeclarationGridInitializers  ok (492 us)
  Test-FormatAlign_ConstantGridTypes  ok (399 us)
  Test-FormatAlign_QualifiedConstantGridTypes  ok (477 us)
  Test-FormatAlign_QualifiedDeclarationPrefixes  ok (775 us)
  Test-FormatAlign_CaseBodiesConsecutive  ok (578 us)
  Test-FormatAlign_ArrayColumns  ok (449 us)
  Test-FormatAlign_ArrayColumnsSkipsRaggedRows  ok (338 us)
  Test-FormatAlign_HangingLineFollowsAlignedAnchor  ok (549 us)
  Test-FormatAlign_AfterOpenBracketUsesLiteralBrace  ok (478 us)
  Test-FormatAlign_AfterOpenBracketKeepsDataTableRows  ok (411 us)
  Test-FormatAlign_OperandsInsideBracketAnchorOnBracket  ok (2 ms)
  Test-FormatAlign_OperandsOutsideBracketAnchorOnStatement  ok (472 us)
  Test-FormatAlign_OutlierGapLeavesLongLineAlone  ok (606 us)
  Test-FormatAlign_OutlierGapKeepsGradedTable  ok (456 us)
  Test-FormatAlign_OutlierGapDropsBothEnds  ok (454 us)
  Test-FormatAlign_AcrossBlanksReadsTheCappedBlankCount  ok (375 us)
  Test-FormatAlign_AccessModifierLineDoesNotBreakTheGroup  ok (533 us)
  Test-FormatAlign_WrappedArgumentsFollowTheAlignedHead  ok (682 us)
  Test-FormatAttributes_OwnLine  ok (477 us)
  Test-FormatAttributes_Inline  ok (395 us)
  Test-FormatAttributes_BreakAfterAttribute  ok (443 us)
  Test-FormatAttributes_Grouped  ok (404 us)
  Test-FormatAttributes_SortArguments  ok (564 us)
  Test-FormatAttributes_SortArgumentsWithDifferentPieceCounts  ok (410 us)
  Test-FormatAttributes_SpaceAfterAttributeComma  ok (563 us)
  Test-FormatBlanks_MaxConsecutiveEmptyLinesUnlimited  ok (315 us)
  Test-FormatBlanks_MaxConsecutiveEmptyLinesCollapses  ok (230 us)
  Test-FormatBlanks_MaxConsecutiveEmptyLinesOne  ok (217 us)
  Test-FormatBlanks_AfterOpeningBraceNever  ok (210 us)
  Test-FormatBlanks_AfterOpeningBracePreserve  ok (199 us)
  Test-FormatBlanks_AfterOpeningBraceAlways  ok (500 us)
  Test-FormatBlanks_BeforeClosingBraceNever  ok (247 us)
  Test-FormatBlanks_BeforeClosingBracePreserve  ok (431 us)
  Test-FormatBlanks_BeforeClosingBraceAlways  ok (205 us)
  Test-FormatBlanks_AroundAccessBlocksAlways  ok (314 us)
  Test-FormatBlanks_AroundAccessBlocksNever  ok (287 us)
  Test-FormatBlanks_AroundAccessBlocksPreserve  ok (230 us)
  Test-FormatBlanks_TrimTrailingNewlinesCollapsesToOne  ok (341 us)
  Test-FormatBlanks_TrimTrailingNewlinesDisabled  ok (206 us)
  Test-FormatBlanks_CombinedBlockEdges  ok (232 us)
  Test-FormatBlanks_BeforeFunctionAlways  ok (262 us)
  Test-FormatBlanks_BeforeFunctionKeepsDocCommentAttached  ok (307 us)
  Test-FormatBlanks_BeforeFunctionKeepsShortFormsStacked  ok (365 us)
  Test-FormatBlanks_BeforeTypeAlways  ok (278 us)
  Test-FormatBlanks_BeforeCommentBlockAlways  ok (235 us)
  Test-FormatBlanks_BeforeCommentBlockKeepsBlockStartAndRuns  ok (217 us)
  Test-FormatBlanks_BeforeCommentBlockKeepsInlineBodyStart  ok (251 us)
  Test-FormatBlanks_AfterGlobalBlockInsertsBlank  ok (206 us)
  Test-FormatBlanks_AfterGlobalThenUsingBlocks  ok (220 us)
  Test-FormatBlanks_BetweenCasesMultiLine  ok (621 us)
  Test-FormatBlanks_BetweenCasesNeverRemovesBlanks  ok (394 us)
  Test-FormatBlanks_AfterStandaloneClosingBraceAlways  ok (283 us)
  Test-FormatBlanks_AfterStandaloneClosingBraceNever  ok (267 us)
  Test-FormatBlanks_AfterStandaloneClosingBracePreserve  ok (315 us)
  Test-FormatBlanks_AfterStandaloneClosingBraceKeepsElseAttached  ok (538 us)
  Test-FormatBraces_AllmanMovesBraceToOwnLine  ok (341 us)
  Test-FormatStatements_OneStatementPerLine  ok (348 us)
  Test-FormatStatements_UsingFieldPrefixStaysTogether  ok (263 us)
  Test-FormatStatements_OneEnumValuePerLine  ok (221 us)
  Test-FormatBraces_ShortInlineDoBodiesSplit  ok (559 us)
  Test-FormatBraces_DestructuringPatternsStayInlineAndIndentAsStatements  ok (512 us)
  Test-FormatBraces_AttachJoinsBrace  ok (214 us)
  Test-FormatBraces_AllmanOnControlBlocks  ok (238 us)
  Test-FormatBraces_BreakBeforeElse  ok (242 us)
  Test-FormatBraces_JoinElseToBrace  ok (234 us)
  Test-FormatBraces_CompactEmptyBraces  ok (184 us)
  Test-FormatBraces_ShortFunctionsNeverSplits  ok (264 us)
  Test-FormatBraces_ShortFunctionsNeverKeepsEmpty  ok (180 us)
  Test-FormatBraces_SourceSelectsDefinitionLayout  ok (587 us)
  Test-FormatBraces_ShortBlocksInlineJoins  ok (282 us)
  Test-FormatBraces_ShortIfNeverSplits  ok (255 us)
  Test-FormatBraces_ShortLoopsJoin  ok (418 us)
  Test-FormatBraces_ShortEnumsSplit  ok (194 us)
  Test-FormatBraces_ShortCaseSplits  ok (316 us)
  Test-FormatBraces_ShortCaseJoins  ok (313 us)
  Test-FormatBraces_CaseUniformJoinsJumpTable  ok (358 us)
  Test-FormatBraces_CaseUniformExpandsMixedSwitch  ok (384 us)
  Test-FormatBraces_StaticIfChainAlignsAndBreaks  ok (469 us)
  Test-FormatBraces_StaticControl  ok (599 us)
  Test-FormatBraces_StaticIfSingleLineChainStaysInline  ok (283 us)
  Test-FormatBraces_MultiLineBlockContentLeavesBraceLines  ok (361 us)
  Test-FormatBraces_AllmanOnStaticIfBlocks  ok (237 us)
  Test-FormatBraces_ShortStructsKeepTupleTypes  ok (343 us)
  Test-FormatBraces_ShortStructsStillSplitDeclarations  ok (221 us)
  Test-FormatBraces_ShortFunctionsKeepClosureArguments  ok (563 us)
  Test-FormatBraces_ShortBlocksKeepInitializerLiterals  ok (412 us)
  Test-FormatBraces_ShortFunctionsInlineKeepsClosureBodies  ok (326 us)
  Test-FormatStatements_RemoveRedundantSemicolons  ok (365 us)
  Test-FormatStatements_RemoveConditionParentheses  ok (286 us)
  Test-FormatBraces_BreakBeforeWhere  ok (250 us)
  Test-FormatBraces_ShortClosuresNeverSplits  ok (301 us)
  Test-FormatBraces_UniformKeepsArmsWhoseCallIsWrapped  ok (423 us)
  Test-FormatBraces_UniformExpandsWhenAnArmCarriesABlock  ok (403 us)
  Test-FormatBraces_SemicolonPushedToEndOfLineByWrappingIsRemoved  ok (429 us)
  Test-FormatBraces_AnonymousStructTypeKeepsItsShape  ok (863 us)
  Test-FormatComments_SpaceAfterLineCommentPrefix  ok (485 us)
  Test-FormatComments_NormalizeSectionSeparators  ok (631 us)
  Test-FormatComments_ReflowParagraph  ok (477 us)
  Test-FormatComments_ReflowJoinsShortLines  ok (634 us)
  Test-FormatComments_NormalizeMode  ok (359 us)
  Test-FormatComments_LastInBlockKeepsBlockIndent  ok (477 us)
  Test-FormatComments_LastInNestedBlockKeepsBlockIndent  ok (628 us)
  Test-FormatComments_LastInSwitchKeepsArmIndent  ok (622 us)
  Test-FormatComments_BeforeCaseLabelKeepsLabelIndent  ok (554 us)
  Test-FormatComments_InsideABracketSettleInOnePass  ok (754 us)
  Test-FormatFile_InlineBodyOwnsNestedBraceIndent  ok (674 us)
  Test-FormatFile_InlineIfBranchStopsBeforeElse  ok (827 us)
  Test-FormatFile_CatchHandlerAlignsAndIndents  ok (625 us)
  Test-FormatFile_InlineDestructuringIsNotABlock  ok (804 us)
  Test-FormatFile_InsertFinalNewline  ok (331 us)
  Test-FormatFile_TrimLeadingBlankLines  ok (491 us)
  Test-FormatFile_TrimLeadingBlankLinesDisabled  ok (414 us)
  Test-FormatFile_ReservedIdentifiersAreFormattable  ok (376 us)
  Test-FormatFile_IndentInsideParensEnforcesContinuation  ok (540 us)
  Test-FormatFile_AlignOperandsOnWrappedCondition  ok (642 us)
  Test-FormatFile_WhereClauseIndent  ok (545 us)
  Test-FormatFile_WhereBlockIndent  ok (544 us)
  Test-FormatFile_EndOfLineStyleLf  ok (458 us)
  Test-FormatFile_EndOfLineStyleCrLf  ok (478 us)
  Test-FormatFile_TrimTrailingWhitespace  ok (323 us)
  Test-FormatFile_BlankLineAfterUsingBlock  ok (367 us)
  Test-FormatFile_BlankLineBeforeFunctionDefinition  ok (647 us)
  Test-FormatFile_IndentStyleSpacesNormalizesTabs  ok (615 us)
  Test-FormatFile_IndentStyleTabs  ok (355 us)
  Test-FormatFile_ReindentFixesBadIndent  ok (489 us)
  Test-FormatFile_ElseBeforeNestedIfAligns  ok (668 us)
  Test-FormatFile_IndentNamespaceBodyOff  ok (415 us)
  Test-FormatFile_IndentCaseLabels  ok (966 us)
  Test-FormatLiteral_PreserveLeavesNumericLiteralsUntouched  ok (514 us)
  Test-FormatLiteral_PreserveCharacterTypeSuffix  ok (342 us)
  Test-FormatLiteral_HexDigitCaseUpperAndLower  ok (444 us)
  Test-FormatLiteral_HexPrefixCaseUpperAndLower  ok (339 us)
  Test-FormatLiteral_FloatExponentCaseUpperAndLower  ok (334 us)
  Test-FormatLiteral_NormalizeHexDigitSeparators  ok (205 us)
  Test-FormatLiteral_NormalizeBinaryDigitSeparators  ok (208 us)
  Test-FormatLiteral_NormalizeDecimalDigitSeparators  ok (169 us)
  Test-FormatLiteral_NormalizeFloatDigitSeparators  ok (168 us)
  Test-FormatLiteral_CombinedHexCaseAndNormalization  ok (190 us)
  Test-FormatOff_LineCommentDisablesNumberFormatting  ok (216 us)
  Test-FormatOff_NoOnComment_RestOfFileRaw  ok (188 us)
  Test-FormatOff_MultipleRegions  ok (241 us)
  Test-FormatOff_BlockComment  ok (217 us)
  Test-FormatOff_CustomMarkers  ok (244 us)
  Test-FormatOff_EolNotRewrittenInDisabledRegion  ok (196 us)
  Test-FormatSpacing_SpaceAfterComma  ok (329 us)
  Test-FormatSpacing_NormalizeHorizontalWhitespace  ok (276 us)
  Test-FormatSpacing_NamedArgumentColons  ok (277 us)
  Test-FormatSpacing_TrueOptionsKeepManualAlignment  ok (453 us)
  Test-FormatSpacing_NoSpaceAfterComma  ok (269 us)
  Test-FormatSpacing_SpaceAroundAssignment  ok (282 us)
  Test-FormatSpacing_NoSpaceAroundAssignment  ok (189 us)
  Test-FormatSpacing_SpaceAroundBinaryOperators  ok (205 us)
  Test-FormatSpacing_NoSpaceAroundBinaryOperators  ok (172 us)
  Test-FormatSpacing_SpaceAroundArrow  ok (363 us)
  Test-FormatSpacing_FatArrow  ok (358 us)
  Test-FormatSpacing_ColonInDeclarations  ok (210 us)
  Test-FormatSpacing_ColonInBaseClause  ok (200 us)
  Test-FormatSpacing_InsideParentheses  ok (442 us)
  Test-FormatSpacing_InEmptyParentheses  ok (320 us)
  Test-FormatSpacing_InsideBrackets  ok (442 us)
  Test-FormatSpacing_AfterCast  ok (420 us)
  Test-FormatSpacing_AfterKeyword  ok (429 us)
  Test-FormatSpacing_AfterUnaryOperator  ok (241 us)
  Test-FormatSpacing_PostfixDereference  ok (248 us)
  Test-FormatSpacing_BeforeParenthesesControl  ok (388 us)
  Test-FormatSpacing_InsideBracesOfLiterals  ok (327 us)
  Test-FormatSpacing_FailClosesAFunctionTypeNotAnOperand  ok (241 us)
  Test-FormatStyle_PreserveNormalizesNothing  ok (347 us)
  Test-FormatStyle_DefaultOptionsArePreserve  ok (1 ms)
  Test-FormatStyle_SwagIsTheCanonicalLayout  ok (739 us)
  Test-FormatStyle_SwagIntrinsicCallsStayStable  ok (1 ms)
  Test-FormatStyle_SwagKeepsAccessModifiersWithTheirDeclarations  ok (786 us)
  Test-FormatStyle_SwagKeepsStorageAndAccessModifierOrders  ok (21 ms)
  Test-FormatStyle_SwagSeparatesAccessBlocks  ok (717 us)
  Test-FormatStyle_SwagLeavesLineEndingsAndColumnsAlone  ok (389 us)
  Test-FormatStyle_DescribeRendersEveryOption  ok (528 us)
  Test-FormatUsing_SortAscending  ok (488 us)
  Test-FormatUsing_SortCaseInsensitive  ok (329 us)
  Test-FormatUsing_BlankLineSplitsRuns  ok (303 us)
  Test-FormatUsing_Merge      ok (295 us)
  Test-FormatUsing_SortAndMerge  ok (296 us)
  Test-FormatWrap_BreaksAfterComma  ok (542 us)
  Test-FormatWrap_ForceSingleLineLists  ok (535 us)
  Test-FormatWrap_FormatterSelectsListLineMode  ok (675 us)
  Test-FormatWrap_SourceSelectsSingleLineLists  ok (454 us)
  Test-FormatWrap_SourceSelectsNestedSingleLineLists  ok (632 us)
  Test-FormatWrap_HangingIndentLists  ok (432 us)
  Test-FormatWrap_HangingAlignLists  ok (521 us)
  Test-FormatWrap_VerticalLists  ok (406 us)
  Test-FormatWrap_BlockLists  ok (495 us)
  Test-FormatWrap_ForceSingleLineLogicalExpressions  ok (475 us)
  Test-FormatWrap_SourceSelectsSingleLineLogicalExpressions  ok (424 us)
  Test-FormatWrap_LogicalOperatorsAfter  ok (398 us)
  Test-FormatWrap_LogicalOperatorsBefore  ok (429 us)
  Test-FormatWrap_LogicalOperandsOnePerLine  ok (393 us)
  Test-FormatWrap_LogicalHangingIndent  ok (354 us)
  Test-FormatWrap_LogicalOperandsPack  ok (338 us)
  Test-FormatWrap_FormatterSelectsLogicalExpressionLineMode  ok (494 us)
  Test-FormatWrap_NestedLogicalExpressions  ok (482 us)
  Test-FormatWrap_NormalizesAdversarialLists  ok (811 us)
  Test-FormatWrap_NormalizesAdversarialLogicalExpression  ok (488 us)
  Test-FormatWrap_AlignsMultilineArgumentContents  ok (604 us)
  Test-FormatWrap_ClosureCapturesStayInsideArgument  ok (797 us)
  Test-FormatWrap_NoWrapWhenDisabled  ok (432 us)
  Test-FormatWrap_BreakBeforeBinaryOperators  ok (668 us)
  Test-FormatWrap_BinPackLists  ok (587 us)
  Test-FormatWrap_BinPackParametersOnePerLine  ok (415 us)
  Test-FormatWrap_BinPackArgumentsOnePerLine  ok (541 us)
  Test-FormatWrap_NoColumnLimitNeverMovesAStatementBreak  ok (796 us)
  Test-FormatWrap_ColumnLimitBreaksHighestInTheExpression  ok (578 us)
  Test-FormatWrap_ColumnLimitAlignsNewOperandLinesInOnePass  ok (635 us)
  Test-FormatWrap_ColumnLimitBreaksAtTheLoosestOperator  ok (609 us)
  Test-FormatWrap_ColumnLimitKeepsOneIndentPerStatement  ok (547 us)
  Test-FormatWrap_ContinuationOutsideBracketsTakesCanonicalIndent  ok (463 us)
  Test-FormatWrap_ContinuationInsideBracketsKeepsRelativeIndent  ok (454 us)
  Test-FormatWrap_WrappedCaseValuesAlignUnderTheFirstValue  ok (600 us)
  Test-FormatWrap_SourceSelectsLiteralLayout  ok (635 us)
  Test-FormatWrap_HugTrailingTableArgument  ok (597 us)
  Test-FormatWrap_HugTrailingClosureArgument  ok (749 us)
  Test-FormatWrap_HugTrailingBlockLiteralItem  ok (922 us)
  Test-FormatWrap_HugSkipsEarlierMultilineArgument  ok (664 us)
  Test-JIT_Return42           ok (219 us)
  Test-JIT_RegAllocAvoidsFutureConcreteClobber  ok (174 us)
  Test-JIT_128BitStackCopy    ok (467 us)
  Test-JIT_PointerSpillRoundTrip  ok (415 us)
  Test-JIT_B32LoadAndZeroExtendKeepsUpperBitsClear  ok (237 us)
  Test-JIT_PackedIntegerOps   ok (129 us)
  Test-JIT_VecCodecOps        ok (349 us)
  Test-JIT_VecFloatOps        ok (125 us)
  Test-JIT_SlpVectorizedLanes  ok (2 ms)
  Test-JIT_ConstantDivisionBaseline  ok (6 ms)
  Test-JIT_ConstantDivisionStrengthReduced  ok (26 ms)
  Test-JIT_PersistentRegPreservedAcrossCall  ok (254 us)
  Test-BranchSimplify_ErasesJumpToImmediateLabel  ok (155 us)
  Test-BranchSimplify_ThreadsJumpThroughEmptyBlock  ok (225 us)
  Test-BranchSimplify_FoldsKnownTrueBranch  ok (136 us)
  Test-BranchSimplify_FoldsKnownFalseBranch  ok (128 us)
  Test-BranchSimplify_KeepsDynamicBranchAcrossFloatClear  ok (256 us)
  Test-BranchSimplify_FoldsKnownBranchAfterIntegerClear  ok (126 us)
  Test-BranchSimplify_FoldsKnownSignedLessBranch  ok (119 us)
  Test-BranchSimplify_FoldsKnownUnsignedBelowBranch  ok (173 us)
  Test-BranchSimplify_ErasesDeadTailAfterRet  ok (80 us)
  Test-BranchSimplify_ConvertsMinPatternToCmov  ok (109 us)
  Test-BranchSimplify_ConvertsConditionalConstantToCmov  ok (84 us)
  Test-BranchSimplify_KeepsMultiInstructionBranchBody  ok (90 us)
  Test-BranchSimplify_ThreadsShortCircuitExit  ok (143 us)
  Test-BranchSimplify_KeepsReferencedLabel  ok (78 us)
  Test-BranchSimplify_KeepsByteSelectBranch  ok (71 us)
  Test-BranchSimplify_ConvertsDiamondSelectToCmov  ok (147 us)
  Test-BranchSimplify_ConvertsDiamondConstantsToCmov  ok (107 us)
  Test-BranchSimplify_SinksCompareBelowFlagWritingArm  ok (124 us)
  Test-BranchSimplify_KeepsDiamondWithFlagReadAfterBitwiseNot  ok (114 us)
  Test-BranchSimplify_KeepsEarlyReturnWithFlagReadAfterBitwiseNot  ok (95 us)
  Test-BranchSimplify_KeepsDiamondWithGuardedLoad  ok (91 us)
  Test-BranchSimplify_KeepsDiamondWithSharedArmLabel  ok (109 us)
  Test-BranchSimplify_KeepsDiamondWhenArmReadsResultFirst  ok (95 us)
  Test-BranchSimplify_KeepsDiamondWhenArmClobbersCompareInput  ok (124 us)
  Test-BranchSimplify_KeepsByteDiamond  ok (109 us)
  Test-BranchSimplify_ConvertsEarlyReturnToCmov  ok (81 us)
  Test-BranchSimplify_ConvertsEarlyReturnChainToCmovs  ok (178 us)
  Test-BranchSimplify_KeepsEarlyReturnWithGuardedLoad  ok (60 us)
  Test-BranchSimplify_SinksCompareBelowFlagWritingEarlyReturn  ok (82 us)
  Test-BranchSimplify_EarlyReturnChecksBothCompareInputs  ok (215 us)
  Test-BranchSimplify_InvertsJumpPairAfterImmediateJumpErasure  ok (80 us)
  Test-BranchSimplify_TriangleScratchPreservesAcceptedPlanOrder  ok (219 us)
  Test-ConstantFolding_FoldBinaryRegImm  ok (88 us)
  Test-ConstantFolding_FoldCopyFromKnown  ok (41 us)
  Test-ConstantFolding_ChainedFold  ok (47 us)
  Test-ConstantFolding_FoldFromClearReg  ok (37 us)
  Test-ConstantFolding_FoldAcrossJoinSameConstant  ok (63 us)
  Test-ConstantFolding_BinaryRequiresKnownInputsAndDeadFlags  ok (353 us)
  Test-ConstantFolding_RegImmResultsKeepWidthsFailuresAndFlags  ok (386 us)
  Test-ConstantFolding_RegRegResultsKeepAliasesWidthsAndUnknownInputs  ok (623 us)
  Test-ConstantFolding_ExtendResultsKeepSignWidthAndAliases  ok (1 ms)
  Test-ConstantFolding_PropagatesInDominatorOrderWithoutPhis  ok (74 us)
  Test-ConstantFolding_LazyAddressesKeepFilteredRelocationOrder  ok (196 us)
  Test-CopyElim_SelfCopy_Erased  ok (46 us)
  Test-CopyElim_ChainedCopies_CanonicalizesSource  ok (56 us)
  Test-CopyElim_RewritesPureUseAcrossJoin  ok (89 us)
  Test-CopyElim_DoesNotPropagatePastSourceRedefinition  ok (46 us)
  Test-CopyElim_TransfersForbiddenPhysRegsToCanonicalSource  ok (55 us)
  Test-CopyElim_DoesNotRewriteUseDefOperand  ok (47 us)
  Test-CopyElim_PropagatesInDominatorOrderWithoutPhis  ok (90 us)
  Test-DeadCodeElimination_RemovesEntireDeadChain  ok (1 ms)
  Test-DeadCodeElimination_JoinTracksSurvivingConsumers  ok (206 us)
  Test-DeadCodeElimination_PhiCyclesNeedAnInstructionConsumer  ok (268 us)
  Test-DeadCodeElimination_DeadFlagConsumerExposesArithmetic  ok (153 us)
  Test-DeadCodeElimination_PreservesStreamsWithoutVirtualDefinitions  ok (52 us)
  Test-DeadCodeElimination_FanOutSkipsRemovedReadersAfterItsWitness  ok (149 us)
  Test-DeadCodeElimination_DeferredFlagConsumerKeepsSweepsRunning  ok (103 us)
  Test-InductionVariable_CountsDefinitionsAndUsesForCarriedSums  ok (279 us)
  Test-InductionVariable_ProductsKeepPriorityWhenCarrierIsRejected  ok (235 us)
  Test-InductionVariable_CopyThenOpUsesLiveLayoutAdjacency  ok (102 us)
  Test-InstCombine_Identity_AddZero_Erased  ok (105 us)
  Test-InstCombine_ConstantAddressLoad_FoldsToRip  ok (106 us)
  Test-InstCombine_RelocatedLoad_UsesExactTargetAndLiveMemory  ok (1 ms)
  Test-InstCombine_ForwardingCacheKeepsClaimedLoadsOut  ok (64 us)
  Test-InstCombine_ForwardingCacheKeepsSurvivingProducers  ok (288 us)
  Test-InstCombine_RipForwardingInitializesBeforeFirstMatchedRelocation  ok (80 us)
  Test-InstCombine_Absorbing_AndZero_BecomesClear  ok (54 us)
  Test-InstCombine_Absorbing_OrAllOnes_BecomesLoadImm  ok (47 us)
  Test-InstCombine_Reassociate_AddAdd  ok (77 us)
  Test-InstCombine_Reassociate_AddSub_PicksAdd  ok (54 us)
  Test-InstCombine_Reassociate_ShiftLeftChain  ok (53 us)
  Test-InstCombine_Reassociate_ShiftOverflow_NotFolded  ok (48 us)
  Test-InstCombine_RegReg_XorSelf_BecomesClear  ok (48 us)
  Test-InstCombine_RegReg_SubSelf_BecomesClear  ok (42 us)
  Test-InstCombine_RegReg_AndSelf_DeadErased  ok (44 us)
  Test-InstCombine_Reassociate_MulMulSigned  ok (59 us)
  Test-InstCombine_Reassociate_OrOr  ok (52 us)
  Test-InstCombine_MemFold_Imm_Consecutive  ok (94 us)
  Test-InstCombine_MemFold_Reg_Consecutive  ok (67 us)
  Test-InstCombine_MemFold_NonConsecutive  ok (62 us)
  Test-InstCombine_MemFold_VtReadAfterStore_NotFolded  ok (64 us)
  Test-InstCombine_MaskBeforeLeftShift_DroppedDirect  ok (77 us)
  Test-InstCombine_MaskBeforeLeftShift_DroppedThroughCopies  ok (106 us)
  Test-InstCombine_MaskBeforeLeftShift_KeptWhenMaskTooNarrow  ok (49 us)
  Test-InstCombine_MaskBeforeRightShift_Kept  ok (45 us)
  Test-InstCombine_ZeroExtendOfDwordLoad_BecomesCopy  ok (281 us)
  Test-InstCombine_ZeroExtendOfQwordLoad_Kept  ok (68 us)
  Test-InstCombine_MaskedAddOfZeroExtendedWords_NarrowsToDword  ok (110 us)
  Test-InstCombine_MaskedAddWithQwordReader_Kept  ok (79 us)
  Test-InstCombine_MaskedShift_Kept  ok (68 us)
  Test-InstCombine_MemoryFoldTriple_InsideLoop  ok (167 us)
  Test-InstCombine_MemoryFoldTriple_LeavesLoopFrameSlot  ok (131 us)
  Test-InstCombine_MemoryFoldTriple_FrameWithoutBackEdgesKeepsCfgGuards  ok (199 us)
  Test-InstCombine_ZeroExtendOfDwordPhi_BecomesCopy  ok (131 us)
  Test-InstCombine_MultiplyAdd_BecomesTwoAddresses  ok (2 ms)
  Test-InstCombine_MultiplyAdd_PreservesObservedValuesAndFlags  ok (330 us)
  Test-InstCombine_AddressCopy_DefinesAccumulatorDirectly  ok (80 us)
  Test-InstCombine_FloatResultCopy_DefinesAccumulatorDirectly  ok (312 us)
  Test-InstCombine_SqrtResultCopy_PreservesPackedDestination  ok (113 us)
  Test-InstCombine_SqrtResultCopy_ReusesGlobalReadCheckByWidth  ok (454 us)
  Test-InstCombine_SqrtResultCopy_KeepsOtherUses  ok (78 us)
  Test-InstCombine_SharedAndInputs_PreservesValuesAndFlags  ok (1 ms)
  Test-InstructionCombine_FoldsBooleanSelect  ok (212 us)
  Test-InstructionCombine_KeepsUnsafeBooleanSelect  ok (433 us)
  Test-InstCombine_RangeProvedCompare_ClampErased  ok (107 us)
  Test-InstCombine_RangeProvedCompare_WideMaskKept  ok (80 us)
  Test-InstCombine_RangeProvedCompare_NarrowWriteKept  ok (70 us)
  Test-InstCombine_CompareRereadsKeepOriginalAddressValues  ok (149 us)
  Test-InstCombine_LoadFoldWindowStartsAfterAnchor  ok (204 us)
  Test-InstCombine_InPlaceWindowIncludesAnchor  ok (219 us)
  Test-InstCombine_VectorPlans_KeepFreshRegistersAcrossRollback  ok (319 us)
  Test-MicroDominators_MatchReachabilityWithANodeRemoved  ok (78 us)
  Test-LICM_RetargetsDuplicateRelocationsAndKeepsUnhoistedOnes  ok (198 us)
  Test-LICM_FramePrivacyResolvesBackwardLayoutChainsBeforeEscapeChecks  ok (307 us)
  Test-LICM_HoistsInvariantLoad  ok (134 us)
  Test-LICM_HoistsSingleUseLaneBroadcast  ok (157 us)
  Test-LICM_KeepsVolatileLoadInLoop  ok (82 us)
  Test-LICM_HoistsFloatConversionAcrossCallWithLiveIntegerFlags  ok (357 us)
  Test-LICM_KeepsIntegerClearWhenFlagsAreLiveAtEitherSite  ok (159 us)
  Test-LICM_HoistsScalarLiteralLoadsButKeepsZeroLocal  ok (457 us)
  Test-MicroDomTree_MatchesPathsThroughDiamondAndLoop  ok (418 us)
  Test-NaturalLoop_CollectBody_CountsMembersOnceAcrossTailsAndRebuilds  ok (24 us)
  Test-LoopUnroll_MultipleLoops_RebuildsIncomingJumpRanges  ok (147 us)
  Test-LoopUnroll_OutsideReadsAndCarriedValuesKeepTheirNames  ok (194 us)
  Test-LoopUnroll_FreshRegisterFilesRespectRenamingEligibility  ok (227 us)
  Test-LoopUnroll_MultipleIncomingJumps_PreservesLoop  ok (40 us)
  Test-LoopUnroll_ExternalJumpToBody_PreservesLoop  ok (51 us)
  Test-LoopUnroll_RejectedCandidateKeepsRelocationsForFollowingLoop  ok (79 us)
  Test-MemToReg_PlainSlot_Promotes  ok (53 us)
  Test-MemToReg_MixedSlotsKeepDistinctFreshRegisters  ok (70 us)
  Test-MemToReg_RedefinedAddressRegister_BailsFunction  ok (87 us)
  Test-MemToReg_UnwrittenWideAccess_BlocksOverlapButNotAdjacentSlot  ok (79 us)
  Test-MemToReg_WrappingWideAccess_KeepsNarrowOverlap  ok (41 us)
  Test-MemToReg_WidestAccessRespectsEscapedVariableExtents  ok (121 us)
  Test-MicroPassManager_PostRa_RechecksSuffixAfterEachMutation  ok (27 us)
  Test-MicroPassManager_PostRa_RechecksSuffixWhenFirstSweepPolicyChanges  ok (25 us)
  Test-MicroBuilder_PruneRelocationsBeforeRecyclingSlots  ok (36 us)
  Test-MicroControlFlowGraph_KeepsEdgeOrderAcrossRebuilds  ok (70 us)
  Test-PostRADeadCodeElim_PreservesAbiLiveOut  ok (72 us)
  Test-PostRADeadCodeElim_UnusedReturnRegistersAreDead  ok (36 us)
  Test-PostRADeadCodeElim_LoopBackEdgeKeepsCarriedDefinition  ok (43 us)
  Test-PostRALoopHoist_InvariantReload_MovesToPreheader  ok (151 us)
  Test-PostRALoopHoist_SlotWrittenInBody_Blocks  ok (68 us)
  Test-PostRALoopHoist_OpaqueStoreInBody_Blocks  ok (64 us)
  Test-PostRALoopHoist_OpaqueStoreOverPrivateFrame_Hoists  ok (89 us)
  Test-PostRALoopHoist_SecondReload_BecomesCopy  ok (92 us)
  Test-PostRALoopHoist_DestinationLiveAtPreheader_Blocks  ok (62 us)
  Test-PostRALoopHoist_CarriedSlot_LeavesTheLoop  ok (120 us)
  Test-PostRALoopHoist_CarriedRegisterReusedElsewhere_Blocks  ok (138 us)
  Test-PostRALoopHoist_SecondDefinitionOfDestinationBlocks  ok (60 us)
  Test-PostRALoopRotate_IndependentHeadersRotate  ok (86 us)
  Test-PostRALoopRotate_SecondIncomingJumpBlocks  ok (42 us)
  Test-PostRALoopRotate_ConditionalBackEdgeBlocks  ok (34 us)
  Test-PostRAPeephole_Nop_Erased  ok (57 us)
  Test-PostRAPeephole_DoesNotForwardFromStoreClaimedByImmediateFold  ok (56 us)
  Test-PostRAPeephole_CopyForward_DoesNotCrossClaimedStoreReload  ok (40 us)
  Test-PostRAPeephole_ErasesStoreOverwrittenBeforeMemoryAccess  ok (46 us)
  Test-PostRAPeephole_DoesNotEraseOverwrittenNonFrameStore  ok (30 us)
  Test-PostRAPeephole_ErasesOwnStoreReloadOnConditionalFallthrough  ok (38 us)
  Test-PostRAPeephole_ForwardsStoredValueToReload  ok (33 us)
  Test-PostRAPeephole_CopyForward_StopsAtEncoderImplicitDef  ok (52 us)
  Test-MicroPassHelpers_PhysicalLivenessReuseReplacesInstructionEffectsAndExitRoots  ok (172 us)
  Test-MicroPassHelpers_CombinedFreshIndicesMatchSingleClassBounds  ok (25 us)
  Test-Legalize_LateMixedIssuesPreserveScratchNames  ok (176 us)
  Test-Legalize_ScratchExcludesFirstReadsInAbiOrder  ok (51 us)
  Test-Legalize_ScratchExclusionsStopBeforeBarrierUses  ok (111 us)
  Test-Legalize_DoesNotPreserveDeadShiftRegisterAcrossJump  ok (49 us)
  Test-Legalize_RewritesB8SignedMultiplyRegMemToRax  ok (42 us)
  Test-Legalize_ClearsPositiveFloatZero  ok (108 us)
  Test-Legalize_KeepsNonzeroFloatBitsAndAddresses  ok (158 us)
  Test-Legalize_KeepsMemoryDestinationAdd  ok (25 us)
  Test-Legalize_KeepsMemoryExchange  ok (25 us)
  Test-PostRAPeephole_DoesNotForwardB8SignedMultiplyImmediate  ok (27 us)
  Test-PostRAPeephole_FoldsIntegerReloadIntoBinary  ok (39 us)
  Test-PostRAPeephole_KeepsIntegerReloadReadAfterConsumer  ok (79 us)
  Test-PostRAPeephole_FoldsIntegerReloadIntoCompare  ok (41 us)
  Test-PostRAPeephole_KeepsByteMultiplyReload  ok (32 us)
  Test-PostRAPeephole_SelfCopy_B64_Erased  ok (26 us)
  Test-PostRAPeephole_SelfCopy_IntB32_Preserved  ok (24 us)
  Test-PostRAPeephole_FallthroughJumpSkipsTrivialGap  ok (35 us)
  Test-PostRAPeephole_DeadCompareBeforeRet_Erased  ok (25 us)
  Test-PostRAPeephole_DeadCompareAfterRedundantJump_Erased  ok (31 us)
  Test-PostRAPeephole_LiveCompareForBranch_Preserved  ok (29 us)
  Test-PostRAPeephole_LoadCondRegRegKeepsCopyBecauseDestinationIsUseDef  ok (40 us)
  Test-PostRAPeephole_FlagReuse_SubThenCompareZero_CompareErased  ok (31 us)
  Test-PostRAPeephole_FlagReuse_UnsafeCondition_ComparePreserved  ok (30 us)
  Test-PostRAPeephole_FlagReuse_NonFlagProducer_ComparePreserved  ok (29 us)
  Test-PostRAPeephole_ZeroToClear_LiveFlagsDead_Converted  ok (29 us)
  Test-PostRAPeephole_ZeroToClear_DeadReg_NotConverted  ok (25 us)
  Test-PostRAPeephole_ZeroToClear_FlagsLive_NotConverted  ok (28 us)
  Test-PostRAPeephole_SelfOperand_FoldsWhenDestinationHoldsTheSlot  ok (28 us)
  Test-PostRAPeephole_SelfOperand_KeepsMemoryOperandWhenWindowExhausted  ok (48 us)
  Test-PreRAPeephole_FloatBinary_DefinesIndependentResult  ok (243 us)
  Test-PreRAPeephole_FloatBinary_PreservesCopiedSecondOperand  ok (63 us)
  Test-PreRAPeephole_ForwardsLoadImmIntoStore  ok (36 us)
  Test-PreRAPeephole_ForwardsLoadImmIntoCmpMem  ok (63 us)
  Test-PreRAPeephole_ForwardsLoadImmIntoMemBinary  ok (30 us)
  Test-PreRAPeephole_ForwardsCopyIntoNextUseOnlySlots  ok (34 us)
  Test-PreRAPeephole_TransfersForbiddenPhysRegsAcrossCopyForward  ok (36 us)
  Test-PreRAPeephole_DoesNotRewriteExchangeUseDefConsumer  ok (33 us)
  Test-PreRAPeephole_ForwardsLoadImmIntoAmcStore  ok (36 us)
  Test-PreRAPeephole_ForwardsClearRegIntoImmediateCompare  ok (33 us)
  Test-PreRAPeephole_FoldsExtendOfImmediate  ok (29 us)
  Test-PreRAPeephole_FoldsPointerImmediateIntoAddress  ok (29 us)
  Test-PreRAPeephole_CombinesAdjacentRegImmAdd  ok (40 us)
  Test-PreRAPeephole_KeepsAdjacentRegImmAddWhenFlagsAreLive  ok (37 us)
  Test-PreRAPeephole_FoldsCopyAddIntoLoadAddress  ok (33 us)
  Test-PreRAPeephole_FoldsCopyAddIntoLoadAddressDespiteMismatchedForbiddenRegs  ok (31 us)
  Test-PreRAPeephole_KeepsCopyAddWhenFlagsAreLive  ok (38 us)
  Test-PreRAPeephole_FoldsAmcIndexImmediateIntoSimpleLoad  ok (34 us)
  Test-PreRAPeephole_FoldsAddressBaseIntoAmcStore  ok (37 us)
  Test-PreRAPeephole_FoldsAmcAddressIntoStore  ok (39 us)
  Test-MicroPrologEpilog_FirstDefinitionsPreserveSaveOrderAcrossRegisterClasses  ok (100 us)
  Test-MicroPrologEpilog_RestoresEveryReturnFromOriginalAnchors  ok (42 us)
  Test-MicroPrologEpilogSanitize_MergesAdjacentStackAdjustments  ok (67 us)
  Test-MicroPrologEpilogSanitize_DoesNotMergeOutsideEntryExitRegions  ok (40 us)
  Test-MicroPrologEpilogSanitize_ExpandsLargeWindowsStackAdjustIntoPageProbes  ok (32 us)
  Test-MicroPrologEpilogSanitize_KeepsOnlyLastFramePointerSetupInEntryProlog  ok (35 us)
  Test-MicroPrologEpilogSanitize_ReinsertsForcedFramePointerSetupWhenMissing  ok (31 us)
  Test-MicroPrologEpilogSanitize_DoesNotTouchFramePointerSetupAfterBodyStarts  ok (31 us)
  Test-MicroPrologEpilogSanitize_MergesMultipleReturnSuffixesAfterRejectedPairs  ok (49 us)
  Test-MicroReg_SameClassMatchesVirtualAndPhysicalRegisters  ok (16 us)
  Test-RegAlloc_UsesDedicatedLocalStackBaseRegister  ok (638 us)
  Test-RegAlloc_PersistentAcross  ok (835 us)
  Test-RegAlloc_NoCalls       ok (360 us)
  Test-RegAlloc_MixedIntFloat  ok (614 us)
  Test-RegAlloc_LotsOfVirtualRegs  ok (10 ms)
  Test-RegAlloc_PreservePersistentRegs_Enabled  ok (283 us)
  Test-RegAlloc_PreservePersistentRegs_Disabled  ok (171 us)
  Test-RegAlloc_PreservePersistentRegs_NoNeed  ok (129 us)
  Test-RegAlloc_LeafRemapPreservesFramePriorityAndDistinctReplacements  ok (100 us)
  Test-RegAlloc_LeafRemapUsesFirstInstructionReadBeforeWrite  ok (47 us)
  Test-RegAlloc_PrologRetainsEntryBoundaryAfterLongStackRelease  ok (152 us)
  Test-RegAlloc_BorrowRestoresKeepOrderAfterMiddleRequestExpires  ok (97 us)
  Test-RegAlloc_ReusedPassRebuildsConcreteClaimsForChangedLiveRanges  ok (213 us)
  Test-RegAlloc_ReusedPassBorrowsCurrentCfgAcrossDifferentControlFlow  ok (5 ms)
  Test-RegAlloc_Spill_IntPressureAcrossCall  ok (826 us)
  Test-RegAlloc_Spill_FloatAcrossCall_NoPersistent  ok (661 us)
  Test-RegAlloc_VirtualRegForbiddenPhysRegs  ok (210 us)
  Test-RegAlloc_Spill_BalancedControlFlow  ok (1 ms)
  Test-RegAlloc_KnownComputedJumpKeepsIntervalAllocation  ok (1 ms)
  Test-RegAlloc_LoadBaseAddressAcrossCall  ok (629 us)
  Test-RegAlloc_ConcreteLoadDestAcrossCall  ok (511 us)
  Test-RegAlloc_VirtualDefAvoidsLiveConcreteReg  ok (197 us)
  Test-RegAlloc_UsesPersistentFallbackWhenTransientPoolExhausted  ok (157 us)
  Test-RegAlloc_CoalescesLinearVirtualCopies  ok (138 us)
  Test-RegAlloc_TransfersDeadCopySourcesAcrossBarriers  ok (202 us)
  Test-RegAlloc_RematerializesImmediateReloads  ok (161 us)
  Test-MicroInstr_FloatToIntReplacesItsDestination  ok (57 us)
  Test-MicroInstr_SqrtReplacesItsDestination  ok (18 us)
  Test-MicroInstr_SqrtDropsOnlyOverwrittenInitialization  ok (114 us)
  Test-MicroInstr_FloatToIntKeepsOnlyLiveFlagInitialization  ok (63 us)
  Test-RegAlloc_LiveIntervalAccessSearchBoundaries  ok (6 us)
  Test-RegAlloc_LiveIntervalEmptyAndSingleAccess  ok (1 us)
  Test-RegAlloc_LiveIntervalRangeStartSearchBoundaries  ok (1 us)
  Test-MicroSanity_RejectsStackAddressReturnedAsPointer  ok (102 us)
  Test-MicroSanity_AllowsKnownNonStackPointer  ok (41 us)
  Test-MicroSanity_IgnoresStackAddressReturnedAsInteger  ok (39 us)
  Test-SinkToUse_MovesDefinitionToItsConsumer  ok (44 us)
  Test-SinkToUse_LoadCannotCrossBaseRedefinition  ok (21 us)
  Test-SinkToUse_LoadCannotCrossMemoryWrite  ok (20 us)
  Test-SinkToUse_ChainKeepsProducerOrderAcrossRounds  ok (61 us)
  Test-SinkToUse_OperandClusterKeepsStableOrder  ok (67 us)
  Test-SlpVectorize_UnpackableStores_DoesNotBuildSsa  ok (55 us)
  Test-SlpVectorize_KeepsSeedOrderAcrossRejectedMiddleGroup  ok (179 us)
  Test-SlpVectorize_PermutationsKeepTheFirstMaterializedTuple  ok (142 us)
  Test-SlpVectorize_PermutedLeafLoadsKeepCanonicalLaneOrder  ok (163 us)
  Test-SlpVectorize_StackAndOneParameterAreTheRootLimit  ok (147 us)
  Test-SlpVectorize_SurvivingStoresRespectPackedLoadInsertion  ok (190 us)
  Test-SlpVectorize_RejectedBlockKeepsFollowingBlockVectorizable  ok (325 us)
  Test-SlpVectorize_MultipleBlocks_PreservesSnapshotAndFreshRegisters  ok (147 us)
  Test-MicroSsa_PhiAtJoin     ok (62 us)
  Test-MicroSsa_Dominators_HandleEntryAndDescendantJoin  ok (33 us)
  Test-MicroSsa_ForkWithoutJoinKeepsSiblingAndRootScopes  ok (38 us)
  Test-MicroSsa_ReachingDef_BeforeWritesAndAtNonUses  ok (27 us)
  Test-MicroSsa_ReachingDef_DominatorSiblings  ok (37 us)
  Test-MicroSsa_ReachingDef_LoopAndUnreachableRoot  ok (28 us)
  Test-MicroSsa_PhiAtJoinWithSharedPredecessorDominator  ok (32 us)
  Test-MicroSsa_PhiInputsFollowManyPredecessors  ok (191 us)
  Test-MicroSsa_RebuildAddsFrontierAfterLinearBlocks  ok (57 us)
  Test-MicroSsa_RebuildForgetsErasedAndRecycledSlots  ok (36 us)
  Test-MicroSsa_PhiPropagationThroughNestedJoins  ok (39 us)
  Test-MicroSsa_RepeatedDefinitionsRestoreBlockEntryValues  ok (60 us)
  Test-MicroSsa_FinalBlockKeepsRepeatedDefinitionsAndBackedgeInputs  ok (186 us)
  Test-MicroSsa_RebuildWithOnlyPhysicalDefinitions  ok (37 us)
  Test-MicroSsa_DirectUseCountsAfterPhiRebuild  ok (35 us)
  Test-MicroSsa_IndirectTargetsKeepDistinctAdjacentBlocks  ok (35 us)
  Test-MicroSsa_ForwardOnlyRootsKeepComponentDominatorsSeparate  ok (34 us)
  Test-MicroStackAdjustNormalize_RemovesBodyAdjustsAndRebasesOffsets  ok (63 us)
  Test-MicroStackAdjustNormalize_HandlesBranchingDepths  ok (38 us)
  Test-MicroStorage_InsertedInstructionsUseExplicitDebugInsertionKinds  ok (1 us)
  Test-MicroStorage_InsertBeforePreservesExplicitNoStepWhenSourceIsInherited  ok (1 us)
  Test-MicroStackAdjustNormalize_SkipsCallsBelowMaxDepth  ok (26 us)
  Test-MicroStackAdjustNormalize_RebasesAdjacentCopiesWithRecycledRefs  ok (27 us)
  Test-MicroStackAdjustNormalize_HandlesMaximumDepthWithAndWithoutCalls  ok (40 us)
  Test-MicroStackAdjustNormalize_RestoresEveryReturnInOriginalOrder  ok (26 us)
  Test-StrengthReduction_MultiplyPowerOfTwo  ok (32 us)
  Test-StrengthReduction_MultiplyPowerOfTwoKeepsLiveFlags  ok (18 us)
  Test-StrengthReduction_MultiplyByZero  ok (15 us)
  Test-StrengthReduction_MultiplyByOne  ok (14 us)
  Test-StrengthReduction_MultiplyNonPowerOfTwoUnchanged  ok (14 us)
  Test-StrengthReduction_UnsignedDivideMagicNoFixup  ok (23 us)
  Test-StrengthReduction_UnsignedDivideMagicFixup  ok (26 us)
  Test-StrengthReduction_SignedDividePow2  ok (22 us)
  Test-StrengthReduction_SignedDivideMagic  ok (22 us)
  Test-StrengthReduction_UnsignedModuloMagic  ok (24 us)
  Test-StrengthReduction_SignedDivideNegativeConstantUnchanged  ok (15 us)
  Test-StrengthReduction_DivideByZeroUnchanged  ok (35 us)
  Test-StrengthReduction_NarrowDivideUnchanged  ok (14 us)
  Test-StrengthReduction_RemoveAddZeroDeadAcrossJoin  ok (46 us)
  Test-StrengthReduction_UnsignedMultiplyRequiresLocalFlagRedefinition  ok (118 us)
  Test-StrengthReduction_UnsignedPowerOfTwoKeepsBothFlagPolicies  ok (59 us)
  Test-StrengthReduction_AddSubZeroPreservesLiveResultsAndFlags  ok (156 us)
  Test-ValueNumbering_DedupIdenticalCompute  ok (71 us)
  Test-ValueNumbering_KeepsDifferentInputs  ok (43 us)
  Test-ValueNumbering_KeepsComputeWithLiveFlags  ok (43 us)
  Test-ValueNumbering_DedupLoadAddress  ok (35 us)
  Test-ValueNumbering_KeepsComputeWhenSourceClobbered  ok (35 us)
  Test-ValueNumbering_DedupRepeatedLoad  ok (44 us)
  Test-ValueNumbering_DedupRepeatedFieldLoad  ok (37 us)
  Test-ValueNumbering_KeepsLoadAcrossStore  ok (42 us)
  Test-ValueNumbering_KeepsLoadAcrossLabel  ok (53 us)
  Test-ValueNumbering_DedupLoadAcrossFallthroughBranch  ok (53 us)
  Test-ValueNumbering_DedupPlainLoadAfterExtendingLoad  ok (41 us)
  Test-ValueNumbering_ExtendsEarlierPlainLoad  ok (38 us)
  Test-ValueNumbering_KeepsFrameLoadsForMemToReg  ok (32 us)
  Test-ValueNumbering_PhysicalBasesStayOpaqueBeforeVirtualLoads  ok (53 us)
  Test-ValueNumbering_AddressWidthsStayDistinctBeforeAcceptedLoads  ok (45 us)
  Test-ValueNumbering_FrameClassificationIncludesLaterDefinitions  ok (81 us)
  Test-ValueNumbering_SharesScalarFloatLiteralBits  ok (PATCH 000002368EFB7B68 __hostPageCommit address=00000236D5C7B000
PATCH 000002368EFB8BD8 __hostPageRelease address=00000236D5C7E000
PATCH 000002368F040FC8 __bootstrapAlloc address=00000236D5C7F000
PATCH 000002368F00ED68 __tlsSetValue address=00000236D5C83000
PATCH 000002368F041800 __bootstrapFree address=00000236D5C84000
PATCH 000002368EFB7330 __hostPageReserve address=00000236D5C7D000
PATCH 00000236850A8330 setup address=00000236D5C88000
PATCH 000002368EFA9480 __hostTlsAlloc address=00000236D5C79000
PATCH 00000236850A9BD8 diagnosticMode address=00000236D5C8B000
PATCH 00000236850A93A0 installed address=00000236D5C85000
PATCH 00000236850D0020 lockDiagnostic address=00000236D5C8D000
PATCH 000002368EFB9BC0 lock address=00000236D5C8C000
PATCH 00000236850D0858 unlockDiagnostic address=00000236D5C8F000
PATCH 00000236850D39A8 defaultAllocator address=00000236D5C86000
PATCH 00000236850C83A0 usesHeaderPath address=00000236D5C91000
PATCH 00000236850A6250 sizeClass address=00000236D5C90000
PATCH 00000236850A72C0 memAlign address=00000236D5C92000
PATCH 00000236850A5A18 classSize address=00000236D5C93000
PATCH 000002368EDE31D8 atomicAddU64 address=00000236D5C94000
PATCH 00000236850C62C0 popCachedBlock address=00000236D5C96000
PATCH 00000236850AAC48 osAllocGuarded address=00000236D5C95000
PATCH 00000236850C18C8 userAddress address=00000236D5C99000
PATCH 00000236850C1090 headerOf address=00000236D5C98000
PATCH 00000236850AA410 osAlloc address=00000236D5C97000
PATCH 00000236850C3170 setFooterMagic address=00000236D5C9B000
PATCH 000002368975B9F0 Swag.memset address=00000236D5C9C000
PATCH 000002368EFBA3F8 unlock address=00000236D5C8E000
PATCH 000002368EF94378 __captureStack address=00000236D5C9D000
PATCH 000002368EDE29A0 atomicGet address=00000236D5CA0000
PATCH 00000236850C4A18 linkAllocated address=00000236D5C9E000
PATCH 000002368EDEA9F0 lockRemote address=00000236D5CA1000
PATCH 00000236850A8B68 configure address=00000236D5C87000
PATCH 00000236850C7330 allocateHeaderBlock address=00000236D5C9F000
PATCH 000002368EDEB228 unlockRemote address=00000236D5CA2000
PATCH 00000236850C2100 footer address=00000236D5C9A000
PATCH 000002368EDE9148 decode address=00000236D5CA4000
PATCH 000002368EDF4A18 allocatorSegmentOf address=00000236D5CA7000
PATCH 000002368EDE80D8 isBlockAddress address=00000236D5CA6000
PATCH 000002368EDEE640 segmentBase address=00000236D5CA8000
PATCH 000002368EDEF6B0 pageCommitEnd address=00000236D5CA9000
PATCH 000002368EDE3A10 atomicSubU64 address=00000236D5CAC000
PATCH 000002368EFB83A0 __hostPageDecommit address=00000236D5CAA000
PATCH 000002368EDE5D30 allocatorOsDecommit address=00000236D5CAD000
PATCH 000002368EDF0858 releasePage address=00000236D5CAF000
PATCH 000002368EDE4248 atomicSubU32 address=00000236D5CA3000
PATCH 00000236850AD560 unlinkHeap address=00000236D5CB0000
PATCH 00000236850AB480 osFree address=00000236D5CB1000
PATCH 00000236850ACD28 retireThreadHeap address=00000236D5CB2000
PATCH 000002368EDF1090 clearPageBit address=00000236D5CAE000
PATCH 00000236850A2C08 retireAllocatorThreadHeap address=00000236D5CB3000
PATCH 000002368EDEEE78 pageCommitStart address=00000236D5CAB000
PATCH 00000236850A3440 allocatorThreadHeapFlsId address=00000236D5CB6000
PATCH 000002368EFABD98 __hostThreadStorageGet address=00000236D5CB7000
PATCH 000002368EFAAD28 __hostThreadStorageAlloc address=00000236D5CB4000
PATCH 00000236850A3C78 currentAllocatorThreadHeap address=00000236D5CB8000
PATCH 000002368EFACE08 __hostCurrentThreadId address=00000236D5CBB000
PATCH 000002368EFAB560 __hostThreadStorageFree address=00000236D5CB5000
PATCH 00000236850ABCB8 allocateThreadHeap address=00000236D5CBD000
PATCH 00000236850AC4F0 threadHeap address=00000236D5CBE000
PATCH 00000236850A4CE8 currentThreadId address=00000236D5CBC000
PATCH 00000236850A6A88 classUnitShift address=00000236D5CBF000
PATCH 000002368EFAC5D0 __hostThreadStorageSet address=00000236D5CB9000
PATCH 00000236850ADD98 linkPage address=00000236D5CC1000
PATCH 000002368EDE78A0 setupBlockDivision address=00000236D5CC4000
PATCH 00000236850A44B0 setCurrentAllocatorThreadHeap address=00000236D5CBA000
PATCH 000002368EDE4CC0 osReserve address=00000236D5CC7000
PATCH 000002368EDF0020 acquirePage address=00000236D5CC6000
PATCH 000002368EDE7068 setup address=00000236D5CC5000
PATCH 000002368EDE54F8 allocatorOsCommit address=00000236D5CC2000
PATCH 000002368EDF2100 allocatorAddArena address=00000236D5CC8000
PATCH 00000236850AF640 acquireBlockSlow address=00000236D5CCB000
PATCH 000002368EDF2938 allocatorCreateSegment address=00000236D5CC9000
PATCH 000002368EDF3170 allocatorAcquireSegment address=00000236D5CCC000
PATCH 00000236850C8BD8 allocate address=00000236D5CCE000
PATCH 000002368EDF41E0 allocatorPageOf address=00000236D5CD0000
PATCH 00000236850C2938 footerMagic address=00000236D5CD1000
PATCH 000002368EDE6568 allocatorNextKey address=00000236D5CC3000
PATCH 00000236850C5250 unlinkAllocated address=00000236D5CD3000
PATCH 00000236850D1090 alloc address=00000236D5CCF000
PATCH 00000236850C5A88 quarantine address=00000236D5CD5000
PATCH 00000236850C7B68 freeHeaderBlock address=00000236D5CD7000
PATCH 000002368EDE8910 encode address=00000236D5CD9000
PATCH 00000236850C0020 acquireBlock address=00000236D5CCD000
PATCH 00000236850C0858 retirePage address=00000236D5CDC000
PATCH 000002368EDEC298 pushRemote address=00000236D5CDD000
PATCH 00000236850C6AF8 cacheFreedBlock address=00000236D5CD6000
PATCH 00000236850D18C8 realloc address=00000236D5CE0000
PATCH 00000236850D2100 free address=00000236D5CE1000
PATCH 000002368EDF18C8 isEmpty address=00000236D5CE2000
PATCH 00000236850AE5D0 unlinkPage address=00000236D5CDB000
PATCH 000002368EDF39A8 allocatorReleaseSegment address=00000236D5CE3000
PATCH 00000236850C9410 reallocate address=00000236D5CDF000
PATCH 000002368EDED308 holdsFreeBlock address=00000236D5CE6000
PATCH 00000236850D2938 freeAll address=00000236D5CE5000
PATCH 00000236850CCD98 releaseAll address=00000236D5CE4000
PATCH 000002368EDEDB40 releaseBlock address=00000236D5CDA000
PATCH 0000023689751790 __concreteAlias address=00000236D5CEB000
PATCH 00000236850D3170 assertAllocated address=00000236D5CE8000
PATCH 000002368F00F5A0 __tlsGetPtr address=00000236D5CEA000
PATCH 0000023689752800 Swag.typeAs address=00000236D5CEF000
PATCH 000002368975D298 Swag.memcmp address=00000236D5CEC000
PATCH 000002368EFDD5D0 __printString address=00000236D5CF0000
PATCH 00000236850D6D10 __printU64 address=00000236D5CF2000
PATCH 00000236850D5468 __itoa address=00000236D5CF3000
PATCH 0000023689753038 Swag.typeCmp address=00000236D5CEE000
PATCH 00000236850D64D8 __ftoa address=00000236D5CF5000
PATCH 00000236850D5CA0 __utoa address=00000236D5CF1000
PATCH 00000236850D7D80 __printF64 address=00000236D5CF6000
PATCH 000002368EF94BB0 __hostImageBaseForAddress address=00000236D5CF8000
PATCH 00000236850D8DF0 Swag.stringCmp address=00000236D5CED000
PATCH 000002368EF974C8 __hostReleaseDecodedDebugSection address=00000236D5CF9000
PATCH 000002368EF95C20 __peU32 address=00000236D5CFA000
PATCH 000002368EF953E8 __peU16 address=00000236D5CFB000
PATCH 00000236850D7548 __printS64 address=00000236D5CF4000
PATCH 000002368F0055B8 __dbgU32 address=00000236D5CFE000
PATCH 000002368F005DF0 __dbgFindSection address=00000236D5CFF000
PATCH 000002368EF96C90 __hostDecodeDebugSection address=00000236D5CFD000
PATCH 000002368EF96458 __hostDebugSection address=00000236D5CFC000
PATCH 000002368F006628 __dbgStr address=00000236D5D00000
PATCH 000002368F006E60 __symbolize address=00000236D5D01000
PATCH 000002368F007ED0 __logStackTrace address=00000236D5D03000
PATCH 000002368EFDF6B0 __exitError address=00000236D5D05000
PATCH 000002368F007698 __hasStackTraceSymbols address=00000236D5D02000
PATCH 000002368F00DCF8 __tlsAlloc address=00000236D5D07000
PATCH 000002368EDB55F0 swagLifecycleInitWrapper address=00000236D5D0A000
PATCH 0000023689755BA0 Swag.jit address=00000236D5D08000
PATCH 000002368EF9A530 __run_expr_2 address=00000236D5D09000
PATCH 000002368F00E530 __tlsGetValue address=00000236D5C78000
PATCH 000002368F040790 __bootstrapRoundedSize address=00000236D5C7A000
PATCH 000002368EFA9CB8 __hostTlsGet address=00000236D5C7C000
PATCH 000002368975C228 Swag.memcpy address=00000236D5C81000
PATCH 000002368F04AE08 Swag.safetyPanic address=00000236D5C89000
PATCH 000002368EFAA4F0 __hostTlsSet address=00000236D5C82000
PATCH 000002368EFDDE08 __raiseException666 address=00000236D5C8A000
PATCH 000002368975A980 __memoryCopyForward address=00000236D5C80000
PATCH 000002368EDEBA60 collectRemote address=00000236D5CA5000
PATCH 000002368EDECAD0 acquireBlock address=00000236D5CC0000
PATCH 00000236850AEE08 acquirePageForClass address=00000236D5CCA000
PATCH 00000236850C41E0 checkAllocated address=00000236D5CD2000
PATCH 00000236850C9C48 checkPageAddress address=00000236D5CD8000
PATCH 00000236850C39A8 checkFree address=00000236D5CD4000
PATCH 00000236850CA480 freeBlock address=00000236D5CDE000
DEFER 000002368F0DBA80 swagLifecycleInitWrapper shard=8 offset=5096 address=0000000000000000
DEFER 00000236850CEE78 opDrop shard=8 offset=5104 address=0000000000000000
PATCH 00000236850CACB8 assertIsAllocated address=00000236D5CE7000
DEFER 000002368DE7DBA0 swagLifecycleInitWrapper shard=8 offset=7632 address=0000000000000000
DEFER 000002368DDAD3A0 swagLifecycleInitWrapper shard=8 offset=8320 address=0000000000000000
DEFER 000002368DE75B08 swagLifecycleInitWrapper shard=8 offset=9416 address=0000000000000000
DEFER 0000023685CD2098 swagLifecycleInitWrapper shard=8 offset=11160 address=0000000000000000
PATCH 000002368F04A5D0 Swag.panic address=00000236D5D06000
DEFER 000002368ED81BE8 swagLifecycleInitWrapper shard=8 offset=11984 address=0000000000000000
PATCH 000002368F049D98 __printPanicReport address=00000236D5D04000
DEFER 0000023689746108 swagLifecycleInitWrapper shard=8 offset=13072 address=0000000000000000
DEFER 000002368D525460 swagLifecycleInitWrapper shard=8 offset=14272 address=0000000000000000
DEFER 000002368F029100 swagLifecycleInitWrapper shard=8 offset=14880 address=0000000000000000
PATCH 00000236897563D8 __runtimeAllocator address=00000236D5CE9000
PATCH 00000236850D85B8 Swag.print address=00000236D5CF7000
PATCH 0000023689756C10 __ensureRuntimeAllocator address=00000236D5D0B000
PATCH 000002368971B2A0 assertAllocated address=00000236D5D12000
PATCH 0000023689759D60 __dropGlobalVariables address=00000236D5D14000
PATCH 000002368F00D4C0 __releaseTlsVar address=00000236D5D0E000
PATCH 000002368F046C48 __clearErr address=00000236D5D0C000
PATCH 000002368EF98CC0 swagLifecycleInitWrapper address=00000236D5D15000
PATCH 000002368EDE2168 atomicGet address=00000236D5D0F000
PATCH 000002368ED81BE8 swagLifecycleInitWrapper address=00000236D5D1D000
PATCH 00000236850FB2D0 swagLifecycleInitWrapper address=00000236D5D1E000
PATCH 0000023689746108 swagLifecycleInitWrapper address=00000236D5D17000
PATCH 0000023685CD47F8 swagLifecycleInitWrapper address=00000236D5D21000
PATCH 000002368ED85310 swagLifecycleInitWrapper address=00000236D5D22000
PATCH 000002368EF9E160 swagLifecycleInitWrapper address=00000236D5D24000
PATCH 00000236850F9748 swagLifecycleInitWrapper address=00000236D5D1C000
PATCH 00000236850E0020 opEquals address=00000236D5D25000
PATCH 00000236850E0C90 swagLifecycleInitWrapper address=00000236D5D26000
PATCH 0000023685CD2098 swagLifecycleInitWrapper address=00000236D5D1F000
PATCH 00000236850FEFD0 swagLifecycleInitWrapper address=00000236D5D29000
PATCH 000002368F024BC0 swagLifecycleInitWrapper address=00000236D5D2B000
PATCH 00000236850F8518 swagLifecycleInitWrapper address=00000236D5D16000
PATCH 000002368974AC68 swagLifecycleInitWrapper address=00000236D5D2D000
PATCH 000002368F026840 swagLifecycleInitWrapper address=00000236D5D2F000
PATCH 00000236850E2B50 swagLifecycleInitWrapper address=00000236D5D2E000
PATCH 0000023685CD7868 swagLifecycleInitWrapper address=00000236D5D2C000
PATCH 000002368974B768 opEquals address=00000236D5D31000
PATCH 000002368974DE70 swagLifecycleInitWrapper address=00000236D5D32000
PATCH 00000236850E3650 opEquals address=00000236D5D35000
PATCH 000002368ED8AA18 opEquals address=00000236D5D34000
PATCH 000002368F029100 swagLifecycleInitWrapper address=00000236D5D36000
PATCH 0000023685CDB650 swagLifecycleInitWrapper address=00000236D5D38000
PATCH 000002368ED89F18 swagLifecycleInitWrapper address=00000236D5D30000
PATCH 000002368F048D28 Swag.compilerError address=00000236D5D39000
PATCH 000002368ED8C8C8 swagLifecycleInitWrapper address=00000236D5D37000
PATCH 0000023685CDC150 opEquals address=00000236D5D3D000
PATCH 000002368F049560 Swag.compilerWarning address=00000236D5D3C000
PATCH 00000236897502F0 __test_0 address=00000236D5D3A000
PATCH 000002368F029C00 opEquals address=00000236D5D3E000
PATCH 000002368EFE65B8 load address=00000236D5D40000
PATCH 000002368EFE7628 exchange address=00000236D5D42000
PATCH 000002368EFE6DF0 store address=00000236D5D41000
PATCH 000002368974E970 opEquals address=00000236D5D46000
PATCH 000002368EDF8318 workerCount address=00000236D5D48000
PATCH 000002368EFE8698 add address=00000236D5D47000
PATCH 000002368EFE8ED0 sub address=00000236D5D49000
PATCH 000002368EFEB278 swagLifecycleInitWrapper address=00000236D5D4A000
PATCH 0000023689776938 load address=00000236D5D4B000
PATCH 000002368EF85DA8 raise address=00000236D5D44000
PATCH 000002368977B5F8 swagLifecycleInitWrapper address=00000236D5D4C000
PATCH 000002368EDB6AF0 __lambda_100 address=00000236D5D3F000
PATCH 000002368EFCE640 Swag.tan address=00000236D5D51000
PATCH 000002368EFCCD98 Swag.cos address=00000236D5D4E000
PATCH 000002368EFCC560 Swag.sin address=00000236D5D4D000
PATCH 000002368EFCD5D0 Swag.cos address=00000236D5D50000
PATCH 000002368EFCBD28 Swag.sin address=00000236D5D4F000
PATCH 000002368EFCDE08 Swag.tan address=00000236D5D52000
PATCH 000002368EFCEE78 Swag.sinh address=00000236D5D53000
PATCH 000002368EFD0020 Swag.cosh address=00000236D5D55000
PATCH 000002368EFCF6B0 Swag.sinh address=00000236D5D57000
PATCH 000002368EFD2938 Swag.asin address=00000236D5D58000
PATCH 000002368EFD18C8 Swag.tanh address=00000236D5D56000
PATCH 000002368EFD3170 Swag.acos address=00000236D5D59000
PATCH 000002368EFD5250 Swag.log address=00000236D5D5E000
PATCH 000002368EFD39A8 Swag.acos address=00000236D5D5B000
PATCH 000002368EFD1090 Swag.tanh address=00000236D5D60000
PATCH 000002368EFD2100 Swag.asin address=00000236D5D5A000
PATCH 000002368EFD5A88 Swag.log address=00000236D5D61000
PATCH 000002368EFD0858 Swag.cosh address=00000236D5D5C000
PATCH 000002368EFD6AF8 Swag.log2 address=00000236D5D62000
PATCH 000002368EFD41E0 Swag.atan address=00000236D5D5D000
PATCH 000002368EFD62C0 Swag.log2 address=00000236D5D64000
PATCH 000002368EFD7330 Swag.log10 address=00000236D5D63000
PATCH 000002368EFD4A18 Swag.atan address=00000236D5D5F000
PATCH 000002368EFD8BD8 Swag.exp address=00000236D5D67000
PATCH 000002368EFD9410 Swag.exp2 address=00000236D5D66000
PATCH 000002368EFDA480 Swag.pow address=00000236D5D69000
PATCH 000002368EFD7B68 Swag.log10 address=00000236D5D68000
PATCH 000002368EFD9C48 Swag.exp2 address=00000236D5D65000
PATCH 000002368EFDACB8 Swag.pow address=00000236D5D6C000
PATCH 000002368EFDB4F0 Swag.atan2 address=00000236D5D6D000
PATCH 000002368DE64268 swagLifecycleInitWrapper address=00000236D5D6E000
PATCH 00000236850EA658 swagLifecycleInitWrapper address=00000236D5D6F000
PATCH 000002368EDD59E8 swagLifecycleInitWrapper address=00000236D5D70000
PATCH 000002368EFDBD28 Swag.atan2 address=00000236D5D6B000
PATCH 000002368EFEBD78 swagLifecycleInitWrapper address=00000236D5D71000
PATCH 000002368EFD83A0 Swag.exp address=00000236D5D6A000
PATCH 000002368977C268 swagLifecycleInitWrapper address=00000236D5D74000
PATCH 000002368EDF6A70 hasSerialWorkerPool address=00000236D5D75000
PATCH 000002368EF93B40 __hostTestRestoreHardwareFilter address=00000236D5D7B000
PATCH 000002368EFDEE78 __exit address=00000236D5D7C000
PATCH 000002368EFDE640 __loaddll address=00000236D5D7E000
PATCH 000002368EFDCD98 __hostHasAvx2 address=00000236D5D82000
PATCH 000002368EFAEEE8 __hostThreadSleep address=00000236D5D84000
PATCH 000002368EFAE6B0 __hostThreadYield address=00000236D5D83000
PATCH 000002368EFB1090 __hostLockExclusive address=00000236D5D7F000
PATCH 000002368EFB18C8 __hostUnlockExclusive address=00000236D5D80000
PATCH 000002368EF91090 __hostTestAbort address=00000236D5D81000
PATCH 000002368EFAD640 __hostThreadCreate address=00000236D5D85000
PATCH 000002368EFB3170 __hostUnlockShared address=00000236D5D88000
PATCH 000002368EFAF720 __hostProcessorCount address=00000236D5D86000
PATCH 000002368EFB2938 __hostLockShared address=00000236D5D87000
PATCH 000002368EFADE78 __hostThreadJoin address=00000236D5D8A000
PATCH 000002368EDDA508 swagLifecycleInitWrapper address=00000236D5D8D000
PATCH 000002368EFB39A8 __hostTryLockShared address=00000236D5D8C000
PATCH 000002368EFB2100 __hostTryLockExclusive address=00000236D5D89000
PATCH 000002368EFB41E0 __hostConditionInit address=00000236D5D8B000
PATCH 000002368EFB4A18 __hostConditionWake address=00000236D5D8E000
PATCH 000002368EFB5A88 __hostConditionWait address=00000236D5D90000
PATCH 000002368EDAAA90 swagLifecycleInitWrapper address=00000236D5D93000
PATCH 000002368F03BB70 swagLifecycleInitWrapper address=00000236D5D91000
PATCH 0000023685096788 swagLifecycleInitWrapper address=00000236D5D92000
PATCH 0000023685099470 swagLifecycleInitWrapper address=00000236D5D94000
PATCH 00000236850DB2E8 unlock address=00000236D5D96000
PATCH 000002368EFB5250 __hostConditionWakeAll address=00000236D5D8F000
PATCH 00000236850DE3B0 lockShared address=00000236D5D99000
PATCH 00000236850DEBE8 unlockShared address=00000236D5D9A000
PATCH 00000236850DD340 unlock address=00000236D5D97000
PATCH 00000236850F2078 wakeAll address=00000236D5D9C000
PATCH 00000236850DCB08 lock address=00000236D5D95000
PATCH 000002368DDD6868 swagLifecycleInitWrapper address=00000236D5D9D000
PATCH 00000236850DAAB0 lock address=00000236D5D98000
PATCH 000002368EDB60F0 opEquals address=00000236D5DA0000
PATCH 000002368EDFC4D8 wakeWorkObservers address=00000236D5DA1000
PATCH 000002368EDFCD10 popWork address=00000236D5DA5000
PATCH 00000236850F1840 wake address=00000236D5D9B000
PATCH 000002368DDD7368 opEquals address=00000236D5DA6000
PATCH 000002368ED80020 drainWork address=00000236D5DA3000
PATCH 000002368F04BE78 __compilerError address=00000236D5DA9000
PATCH 000002368F054300 __lambda_186 address=00000236D5DAB000
PATCH 000002368EF865E0 isRaised address=00000236D5DA7000
PATCH 000002368EF86E18 reset address=00000236D5DA8000
PATCH 000002368D529898 __lambda_189 address=00000236D5DAD000
PATCH 000002368F00C858 __testsDone address=00000236D5DAC000
PATCH 000002368971AA68 freeAll address=00000236D5DB0000
PATCH 0000023689717E88 setCapacity address=00000236D5DAF000
PATCH 00000236850F58F0 setParticipants address=00000236D5DB5000
PATCH 000002368971DF60 isDone address=00000236D5DB6000
PATCH 000002368F008ED0 resumeFailedTest address=00000236D5DBB000
PATCH 00000236850F3060 setPermits address=00000236D5DB4000
PATCH 0000023689753870 Swag.tableOf address=00000236D5DBE000
PATCH 000002368975E558 parallelProfile address=00000236D5DBF000
PATCH 00000236897781E0 compareExchange address=00000236D5DBD000
PATCH 000002368971C6B8 opDrop address=00000236D5DC2000
PATCH 000002368F04B640 __panic address=00000236D5DC3000
PATCH 0000023689777170 store address=00000236D5DC4000
PATCH 000002368F042250 __dropErr address=00000236D5DC0000
PATCH 0000023689751FC8 Swag.typeIs address=00000236D5DC1000
PATCH 000002368F009F40 __testHardwareException address=00000236D5DBC000
PATCH 0000023689779A88 bitAnd address=00000236D5DC7000
PATCH 0000023689711008 record address=00000236D5DC5000
PATCH 000002368EDFBCA0 releaseObserverSlot address=00000236D5DC8000
PATCH 000002368975CA60 Swag.memmove address=00000236D5DC9000
PATCH 000002368975B1B8 __memoryCopyBackward address=00000236D5DCB000
PATCH 0000023689754288 __convertArgcArgv address=00000236D5DCA000
PATCH 00000236850D9628 __sliceCmp address=00000236D5DCE000
PATCH 000002368977A2C0 bitOr address=00000236D5DD0000
PATCH 000002368F020020 __tlsVarPtr address=00000236D5DC6000
PATCH 000002368EDFEDF0 waitWork address=00000236D5DCF000
PATCH 000002368EFDC560 __osCommandLine address=00000236D5DCC000
PATCH 000002368EDFB468 claimObserverSlot address=00000236D5DD1000
PATCH 000002368F00B7E8 __isTestTagSelected address=00000236D5DD2000
PATCH 000002368F00AFB0 __isTestFileSelected address=00000236D5DD3000
PATCH 000002368EDEA1B8 capacityBytes address=00000236D5DD5000
PATCH 000002368EDE9980 liveCount address=00000236D5DD6000
PATCH 0000023689715570 align address=00000236D5DD7000
PATCH 00000236850F4908 release address=00000236D5DDC000
PATCH 000002368EFB0858 __hostMonotonicFrequency address=00000236D5DDD000
PATCH 0000023689715DA8 freeMem address=00000236D5DD8000
PATCH 000002368EFB0020 __hostMonotonicTicks address=00000236D5DDE000
PATCH 000002368EDFAC30 hasWorkObserver address=00000236D5DDF000
PATCH 00000236897165E0 alloc address=00000236D5DDB000
PATCH 0000023689718988 free address=00000236D5DE1000
PATCH 00000236897130E8 dispatchParallelRange address=00000236D5DE0000
PATCH 00000236850F3898 acquire address=00000236D5DDA000
PATCH 00000236850F6128 arrive address=00000236D5DE2000
PATCH 000002368D525460 swagLifecycleInitWrapper address=00000236D5DE5000
PATCH 000002368E890020 swagLifecycleInitWrapper address=00000236D5DE6000
PATCH 00000236850A7AF8 printDisplaySize address=00000236D5DE4000
PATCH 000002368DE76AD8 swagLifecycleInitWrapper address=00000236D5DE8000
PATCH 000002368F051F68 opEquals address=00000236D5DEB000
PATCH 000002368ED97E10 swagLifecycleInitWrapper address=00000236D5DEC000
PATCH 000002368DE75B08 swagLifecycleInitWrapper address=00000236D5DE7000
PATCH 000002368DE77690 swagLifecycleInitWrapper address=00000236D5DED000
PATCH 000002368E890B20 opEquals address=00000236D5DEE000
PATCH 000002368D525F60 opEquals address=00000236D5DE9000
PATCH 000002368D526DF0 swagLifecycleInitWrapper address=00000236D5DF2000
PATCH 000002368E8916D8 opEquals address=00000236D5DF3000
PATCH 0000023691CC8220 symbol address=00000236D5DEA000
PATCH 000002368E892290 swagLifecycleInitWrapper address=00000236D5DF4000
PATCH 000002368DE78190 opEquals address=00000236D5DF0000
PATCH 000002368D5278F0 opEquals address=00000236D5DF6000
PATCH 000002368DE78C90 swagLifecycleInitWrapper address=00000236D5DF1000
PATCH 000002368DE79848 opEquals address=00000236D5DF7000
PATCH 000002368ED994C8 opEquals address=00000236D5DF9000
PATCH 000002368F052BD8 opEquals address=00000236D5DF8000
PATCH 00000236897191C0 allocBlock address=00000236D5DEF000
PATCH 000002368D5283F0 swagLifecycleInitWrapper address=00000236D5DFB000
PATCH 000002368DDE8EF0 opEquals address=00000236D5DF5000
PATCH 000002368DDECA38 swagLifecycleInitWrapper address=00000236D5DFC000
PATCH 000002368D528EF0 opEquals address=00000236D5DFE000
PATCH 000002368DE7A570 swagLifecycleInitWrapper address=00000236D5DFA000
PATCH 000002368ED9BEC0 swagLifecycleInitWrapper address=00000236D5DFF000
PATCH 000002368ED98910 opEquals address=00000236D5DFD000
PATCH 000002368DE7DBA0 swagLifecycleInitWrapper address=00000236D5E03000
PATCH 000002368DE7D0A0 swagLifecycleInitWrapper address=00000236D5E04000
PATCH 000002368E892D90 opEquals address=00000236D5E00000
PATCH 000002368ED9A080 opEquals address=00000236D5E01000
PATCH 000002368ED9D018 swagLifecycleInitWrapper address=00000236D5E05000
PATCH 000002368E894230 swagLifecycleInitWrapper address=00000236D5E02000
PATCH 000002368F053848 opEquals address=00000236D5E08000
PATCH 000002368DE7B070 opEquals address=00000236D5E09000
PATCH 000002368DDED538 opEquals address=00000236D5E0A000
PATCH 000002368F055B70 swagLifecycleInitWrapper address=00000236D5E06000
PATCH 000002368D52BAC0 swagLifecycleInitWrapper address=00000236D5E07000
PATCH 000002368F0040D0 reversed address=00000236D5E0B000
PATCH 0000023689742B28 wait address=00000236D5E0C000
PATCH 000002368971D728 isPending address=00000236D5E0E000
PATCH 000002368D562628 __lambda_420 address=00000236D5E0F000
PATCH 00000236850CE640 release address=00000236D5E13000
PATCH 00000236850CD5D0 checkAllMemory address=00000236D5E14000
PATCH 0000023689743360 cancel address=00000236D5E16000
PATCH 0000023689743B98 isCancelled address=00000236D5E18000
PATCH 0000023689755368 Swag.runtimeFlags address=00000236D5E1C000
PATCH 00000236850D41E0 releaseAllocatorThreadCache address=00000236D5E1D000
PATCH 00000236850F40D0 tryAcquire address=00000236D5E0D000
PATCH 0000023689757448 __resetRuntimeContext address=00000236D5E1E000
PATCH 0000023689741AB8 opDrop address=00000236D5E1B000
PATCH 000002368F043AF8 __hasErr address=00000236D5E20000
PATCH 00000236897443D0 reserveChild address=00000236D5E21000
PATCH 000002368F044330 __isErrContext address=00000236D5E24000
PATCH 000002368F046410 __bindErr address=00000236D5E23000
PATCH 000002368F047480 __catchErr address=00000236D5E25000
PATCH 000002368F045BD8 __endErr address=00000236D5E22000
PATCH 000002368F0484F0 __stackTrace address=00000236D5E27000
PATCH 000002368F044B68 __pushErr address=00000236D5E26000
PATCH 000002368ED80858 __shutdownScheduler address=00000236D5E2B000
PATCH 0000023689740020 runTaskBody address=00000236D5E28000
PATCH 000002368DDAD3A0 swagLifecycleInitWrapper address=00000236D5E2D000
PATCH 000002368F009708 __testPanicHandler address=00000236D5E29000
PATCH 000002368F0DBA80 swagLifecycleInitWrapper address=00000236D5E2E000
PATCH 000002368E8A5308 swagLifecycleInitWrapper address=00000236D5E2F000
PATCH 000002368DDAF1E0 swagLifecycleInitWrapper address=00000236D5E30000
PATCH 000002368F0453A0 __popErr address=00000236D5E2A000
PATCH 00000236850CB4F0 stats address=00000236D5E31000
PATCH 000002368F047CB8 __failedExpect address=00000236D5E2C000
PATCH 000002368E8A5E08 opEquals address=00000236D5E33000
PATCH 00000236850CEE78 opDrop address=00000236D5E36000
PATCH 00000236850CC560 releaseEmptySegments address=00000236D5E37000
PATCH 00000236897584B8 __setupRuntime address=00000236D5E39000
PATCH 000002368EDFDD80 schedulerWorkerEntry address=00000236D5E3A000
PATCH 000002368EF90020 __hostTestResumeContext address=00000236D5E3B000
PATCH 000002368EF92AD0 __hostTestUnhandledFilter address=00000236D5E3C000
PATCH 000002368CEEE028 __closure_adapter_582 address=00000236D5E3D000
PATCH 000002368C9C8A40 __closure_adapter_581 address=00000236D5E3E000
PATCH 000002368EFB6AF8 __hostAppendHex address=00000236D5E3F000
PATCH 000002368F00A778 __isTestRun address=00000236D5D0D000
PATCH 000002368F0432C0 __setErr address=00000236D5D10000
PATCH 000002368EDF7AE0 startWorkers address=00000236D5D11000
PATCH 000002368ED85E10 opEquals address=00000236D5D28000
PATCH 000002368EDFD548 runPendingWork address=00000236D5D13000
PATCH 0000023685CD8368 opEquals address=00000236D5D33000
PATCH 0000023685CD52F8 opEquals address=00000236D5D27000
PATCH 000002368F042A88 __setErrRaw address=00000236D5D43000
PATCH 0000023689710020 __parallelRange address=00000236D5D20000
PATCH 0000023689757C80 __checkCpuBaseline address=00000236D5D23000
PATCH 000002368EDF72A8 schedulerInstance address=00000236D5D54000
PATCH 00000236850DDB78 tryLock address=00000236D5D73000
PATCH 000002368EF90858 __hostTestResume address=00000236D5D76000
PATCH 00000236850DBB20 tryLock address=00000236D5D72000
PATCH 00000236850DF420 tryLockShared address=00000236D5D78000
PATCH 000002368EF918C8 __hostTestCall address=00000236D5D77000
PATCH 00000236850F1008 waitFor address=00000236D5D79000
PATCH 0000023689754AC0 Swag.args address=00000236D5D2A000
PATCH 00000236850F07D0 wait address=00000236D5D7A000
PATCH 000002368EDF9388 activeScheduler address=00000236D5D45000
PATCH 000002368EDFE5B8 submitWork address=00000236D5D9E000
PATCH 0000023689759528 __closeRuntime address=00000236D5D3B000
PATCH 000002368EDF8B50 setWorkerCount address=00000236D5D9F000
PATCH 000002368EDFF628 parkWorkObserver address=00000236D5DA2000
PATCH 000002368EDFA3F8 runWork address=00000236D5DA4000
PATCH 000002368EF93308 __hostTestInstallHardwareFilter address=00000236D5D7D000
PATCH 0000023689744C08 groupChildEntry address=00000236D5DAE000
PATCH 0000023689716E18 release address=00000236D5DB1000
PATCH 0000023689713920 parallelChunkEntry address=00000236D5DAA000
PATCH 0000023689717650 releaseAll address=00000236D5DB2000
PATCH 00000236897199F8 alloc address=00000236D5DB3000
PATCH 0000023689711840 opDrop address=00000236D5DB8000
PATCH 000002368971CEF0 submit address=00000236D5DB9000
PATCH 000002368971E798 wait address=00000236D5DB7000
PATCH 000002368975ED90 recordParallelCost address=00000236D5DCD000
PATCH 000002368971A230 realloc address=00000236D5DBA000
PATCH 0000023689714158 runParallelChunk address=00000236D5DD9000
PATCH 000002368971EFD0 taskEntry address=00000236D5E10000
PATCH 00000236897128B0 parallelRange address=00000236D5DD4000
PATCH 00000236850CBD28 trim address=00000236D5E11000
PATCH 000002368F06A810 __closure_466 address=00000236D5E15000
PATCH 00000236897422F0 spawn address=00000236D5E17000
PATCH 00000236850CDE08 printLeaks address=00000236D5E12000
PATCH 0000023689712078 __parallelRangeFallible address=00000236D5E19000
PATCH 000002368EFB62C0 __hostProcessSingleton address=00000236D5DE3000
PATCH 000002368EDF9BC0 startWorkers address=00000236D5E38000
PATCH 0000023689758CF0 __releaseRuntime address=00000236D5E1F000
PATCH 000002368DDB0020 opEquals address=00000236D5E32000
PATCH 000002368F00C020 __runTest address=00000236D5E1A000
PATCH 00000236850D4A18 installAllocator address=00000236D5E35000
PATCH 000002368FE1AD28 __hostTlsAlloc address=00000236D5E98000
PATCH 0000023689757760 __tlsGetValue address=00000236D5E9A000
PATCH 000002368FE38BD8 __hostPageReserve address=00000236D5E9D000
PATCH 000002368FE39410 __hostPageCommit address=00000236D5E9E000
PATCH 000002368F0F0FC8 __bootstrapAlloc address=00000236D5EA0000
PATCH 000002368FE3A480 __hostPageRelease address=00000236D5E9F000
PATCH 000002368F0FBE90 __memoryCopyForward address=00000236D5EA1000
PATCH 000002368F0FD738 Swag.memcpy address=00000236D5EA2000
PATCH 0000023689757F98 __tlsSetValue address=00000236D5EA4000
PATCH 000002368F0F0790 __bootstrapRoundedSize address=00000236D5E9C000
PATCH 000002368F0F1800 __bootstrapFree address=00000236D5EA5000
PATCH 000002368FBD8B68 configure address=00000236D5EA8000
PATCH 000002368FBF39A8 defaultAllocator address=00000236D5EA6000
PATCH 000002368FBD8330 setup address=00000236D5EA9000
PATCH 000002368FBF0020 lockDiagnostic address=00000236D5EAE000
PATCH 000002368FBD93A0 installed address=00000236D5EA7000
PATCH 000002368FE3BCA0 unlock address=00000236D5EAF000
PATCH 000002368FBF0858 unlockDiagnostic address=00000236D5EB0000
PATCH 000002368FBD9BD8 diagnosticMode address=00000236D5EAB000
PATCH 000002368FBE83A0 usesHeaderPath address=00000236D5EB2000
PATCH 000002368FBD6250 sizeClass address=00000236D5EB1000
PATCH 000002368FE1BD98 __hostTlsSet address=00000236D5EA3000
PATCH 000002368FBD72C0 memAlign address=00000236D5EB3000
PATCH 00000236897231D8 atomicAddU64 address=00000236D5EB5000
PATCH 000002368FBDAC48 osAllocGuarded address=00000236D5EB6000
PATCH 000002368FE3B468 lock address=00000236D5EAD000
PATCH 000002368FBE62C0 popCachedBlock address=00000236D5EB7000
PATCH 000002368FBD5A18 classSize address=00000236D5EB4000
PATCH 000002368FBE3170 setFooterMagic address=00000236D5EBA000
PATCH 000002368FBDA410 osAlloc address=00000236D5EB8000
PATCH 000002368FBE4A18 linkAllocated address=00000236D5EBE000
PATCH 000002368F0FCF00 Swag.memset address=00000236D5EBB000
PATCH 000002368FBE18C8 userAddress address=00000236D5EBF000
PATCH 000002368FBE7330 allocateHeaderBlock address=00000236D5EC0000
PATCH 000002368FE45CD8 __captureStack address=00000236D5EBC000
PATCH 000002368972B228 unlockRemote address=00000236D5EC3000
PATCH 000002368FBE1090 headerOf address=00000236D5EBD000
PATCH 00000236897280D8 isBlockAddress address=00000236D5EC5000
PATCH 0000023689724248 atomicSubU32 address=00000236D5EC6000
PATCH 00000236897229A0 atomicGet address=00000236D5EC1000
PATCH 000002368972A9F0 lockRemote address=00000236D5EC2000
PATCH 000002368972E640 segmentBase address=00000236D5EC9000
PATCH 000002368972F6B0 pageCommitEnd address=00000236D5ECA000
PATCH 000002368972EE78 pageCommitStart address=00000236D5ECB000
PATCH 000002368FE39C48 __hostPageDecommit address=00000236D5ECC000
PATCH 0000023689723A10 atomicSubU64 address=00000236D5ECD000
PATCH 0000023689725D30 allocatorOsDecommit address=00000236D5ECE000
PATCH 000002368FBDD560 unlinkHeap address=00000236D5ED1000
PATCH 0000023689764A18 allocatorSegmentOf address=00000236D5EC8000
PATCH 0000023689761090 clearPageBit address=00000236D5ECF000
PATCH 0000023689729148 decode address=00000236D5EC4000
PATCH 0000023689760858 releasePage address=00000236D5ED0000
PATCH 000002368FE1C5D0 __hostThreadStorageAlloc address=00000236D5ED5000
PATCH 000002368FE1CE08 __hostThreadStorageFree address=00000236D5ED6000
PATCH 000002368FBD3440 allocatorThreadHeapFlsId address=00000236D5ED7000
PATCH 000002368FBD2C08 retireAllocatorThreadHeap address=00000236D5ED4000
PATCH 000002368FBD3C78 currentAllocatorThreadHeap address=00000236D5EDA000
PATCH 000002368FE1DE78 __hostThreadStorageSet address=00000236D5ED9000
PATCH 000002368FE1D640 __hostThreadStorageGet address=00000236D5ED8000
PATCH 000002368FBD4CE8 currentThreadId address=00000236D5EDD000
PATCH 000002368FBDBCB8 allocateThreadHeap address=00000236D5EDE000
PATCH 000002368FBDB480 osFree address=00000236D5ED2000
PATCH 000002368FBDC4F0 threadHeap address=00000236D5EDF000
PATCH 000002368FBD44B0 setCurrentAllocatorThreadHeap address=00000236D5EDB000
PATCH 000002368FBD6A88 classUnitShift address=00000236D5EE1000
PATCH 000002368FBDCD28 retireThreadHeap address=00000236D5ED3000
PATCH 000002368FBDDD98 linkPage address=00000236D5EE2000
PATCH 0000023689726568 allocatorNextKey address=00000236D5EE4000
PATCH 00000236897252B8 allocatorOsCommit address=00000236D5EE3000
PATCH 00000236897278A0 setupBlockDivision address=00000236D5EE5000
PATCH 000002368FE1E6B0 __hostCurrentThreadId address=00000236D5EDC000
PATCH 0000023689760020 acquirePage address=00000236D5EE7000
PATCH 0000023689724A80 osReserve address=00000236D5EE8000
PATCH 0000023689762100 allocatorAddArena address=00000236D5EE9000
PATCH 0000023689763170 allocatorAcquireSegment address=00000236D5EEB000
PATCH 0000023689727068 setup address=00000236D5EE6000
PATCH 000002368FBDEE08 acquirePageForClass address=00000236D5EED000
PATCH 000002368FBF1090 alloc address=00000236D5EF0000
PATCH 000002368FBDF640 acquireBlockSlow address=00000236D5EEC000
PATCH 000002368FBE2938 footerMagic address=00000236D5EF2000
PATCH 000002368FBE8BD8 allocate address=00000236D5EEF000
PATCH 000002368FBE5250 unlinkAllocated address=00000236D5EF4000
PATCH 000002368FBE5A88 quarantine address=00000236D5EF6000
PATCH 0000023689762938 allocatorCreateSegment address=00000236D5EEA000
PATCH 000002368FBE7B68 freeHeaderBlock address=00000236D5EF8000
PATCH 000002368FBE0020 acquireBlock address=00000236D5EEE000
PATCH 000002368972DB40 releaseBlock address=00000236D5EFB000
PATCH 00000236897641E0 allocatorPageOf address=00000236D5EF1000
PATCH 000002368FBE0858 retirePage address=00000236D5EFD000
PATCH 000002368FBE6AF8 cacheFreedBlock address=00000236D5EF7000
PATCH 0000023689728910 encode address=00000236D5EFA000
PATCH 000002368FBE9410 reallocate address=00000236D5F00000
PATCH 000002368FBF18C8 realloc address=00000236D5F01000
PATCH 000002368972C298 pushRemote address=00000236D5EFE000
PATCH 00000236897639A8 allocatorReleaseSegment address=00000236D5F04000
PATCH 000002368FBECD98 releaseAll address=00000236D5F05000
PATCH 000002368FBDE5D0 unlinkPage address=00000236D5EFC000
PATCH 000002368972D308 holdsFreeBlock address=00000236D5F07000
PATCH 000002368FBF2100 free address=00000236D5F02000
PATCH 00000236897618C8 isEmpty address=00000236D5F03000
PATCH 00000236897587D0 __tlsGetPtr address=00000236D5F0B000
PATCH 000002368F0F2CA0 __concreteAlias address=00000236D5F0C000
PATCH 000002368FBF3170 assertAllocated address=00000236D5F09000
PATCH 0000023689768DF0 Swag.stringCmp address=00000236D5F0E000
PATCH 000002368FBF2938 freeAll address=00000236D5F06000
PATCH 000002368F0F3D10 Swag.typeAs address=00000236D5F10000
PATCH 000002368F0F4548 Swag.typeCmp address=00000236D5F0F000
PATCH 000002368FE2EE78 __printString address=00000236D5F11000
PATCH 0000023689765468 __itoa address=00000236D5F14000
PATCH 0000023689767548 __printS64 address=00000236D5F15000
PATCH 00000236897664D8 __ftoa address=00000236D5F16000
PATCH 000002368F0FE7A8 Swag.memcmp address=00000236D5F0D000
PATCH 0000023689766D10 __printU64 address=00000236D5F13000
PATCH 0000023689765CA0 __utoa address=00000236D5F12000
PATCH 000002368FE47580 __peU32 address=00000236D5F1B000
PATCH 000002368FE46D48 __peU16 address=00000236D5F1C000
PATCH 0000023689767D80 __printF64 address=00000236D5F17000
PATCH 000002368FE48E28 __hostReleaseDecodedDebugSection address=00000236D5F1A000
PATCH 000002368FE46510 __hostImageBaseForAddress address=00000236D5F19000
PATCH 000002368FE47DB8 __hostDebugSection address=00000236D5F1D000
PATCH 000002368FE485F0 __hostDecodeDebugSection address=00000236D5F1E000
PATCH 000002368F0D7080 __dbgU32 address=00000236D5F1F000
PATCH 000002368F0D8928 __symbolize address=00000236D5F22000
PATCH 000002368F0D9160 __hasStackTraceSymbols address=00000236D5F23000
PATCH 000002368F0D80F0 __dbgStr address=00000236D5F21000
PATCH 000002368FE4BA48 __run_expr_5 address=00000236D5F29000
PATCH 000002368F0D78B8 __dbgFindSection address=00000236D5F20000
PATCH 000002368FE41090 __exitError address=00000236D5F26000
PATCH 000002368F0D9998 __logStackTrace address=00000236D5F24000
PATCH 0000023689756F28 __tlsAlloc address=00000236D5F28000
PATCH 000002368DF0D3D0 swagLifecycleInitWrapper address=00000236D5F2A000
PATCH 000002368FE1B560 __hostTlsGet address=00000236D5E99000
PATCH 000002368FE7C288 Swag.safetyPanic address=00000236D5E9B000
PATCH 000002368F0F70B0 Swag.jit address=00000236D5EAC000
PATCH 000002368FE2F6B0 __raiseException666 address=00000236D5EAA000
PATCH 000002368FBE2100 footer address=00000236D5EB9000
PATCH 000002368972BA60 collectRemote address=00000236D5EC7000
PATCH 000002368972CAD0 acquireBlock address=00000236D5EE0000
PATCH 000002368FBE41E0 checkAllocated address=00000236D5EF3000
PATCH 000002368FBE39A8 checkFree address=00000236D5EF5000
PATCH 000002368FBE9C48 checkPageAddress address=00000236D5EF9000
PATCH 000002368FBEA480 freeBlock address=00000236D5EFF000
DEFER 000002368A9712B8 swagLifecycleInitWrapper shard=8 offset=4632 address=0000000000000000
DEFER 000002368FBEEE78 opDrop shard=8 offset=4640 address=0000000000000000
PATCH 000002368FBEACB8 assertIsAllocated address=00000236D5F08000
DEFER 000002368A552EF0 swagLifecycleInitWrapper shard=8 offset=7168 address=0000000000000000
DEFER 000002368A789B90 swagLifecycleInitWrapper shard=8 offset=7856 address=0000000000000000
DEFER 000002368FBAE2C0 swagLifecycleInitWrapper shard=8 offset=8952 address=0000000000000000
DEFER 000002368A632D08 swagLifecycleInitWrapper shard=8 offset=10696 address=0000000000000000
DEFER 000002368975BFC8 swagLifecycleInitWrapper shard=8 offset=11520 address=0000000000000000
DEFER 000002368C98B4F8 swagLifecycleInitWrapper shard=8 offset=12608 address=0000000000000000
DEFER 000002368FBAF0A0 swagLifecycleInitWrapper shard=8 offset=13808 address=0000000000000000
DEFER 000002368CC77D28 swagLifecycleInitWrapper shard=8 offset=14416 address=0000000000000000
PATCH 000002368FE7B218 __printPanicReport address=00000236D5F25000
PATCH 000002368FE7BA50 Swag.panic address=00000236D5F27000
PATCH 000002368F0F78E8 __runtimeAllocator address=00000236D5F0A000
PATCH 00000236897685B8 Swag.print address=00000236D5F18000
PATCH 000002368A602530 __tlsGetValue address=00000236D5F86000
PATCH 000002368A7B7330 __hostPageReserve address=00000236D5F87000
PATCH 000002368A789480 __hostTlsAlloc address=00000236D5F84000
PATCH 000002368A7B8BD8 __hostPageRelease address=00000236D5F8A000
PATCH 000002368A6F9E78 __memoryCopyForward address=00000236D5F8C000
PATCH 000002368A78A4F0 __hostTlsSet address=00000236D5F8F000
PATCH 000002368A602D68 __tlsSetValue address=00000236D5F90000
PATCH 000002368A6FB720 Swag.memcpy address=00000236D5F8E000
PATCH 000002368A641800 __bootstrapFree address=00000236D5F91000
PATCH 000002368A7B7B68 __hostPageCommit address=00000236D5F89000
PATCH 000002368DF793A0 installed address=00000236D5F93000
PATCH 000002368DF78B68 configure address=00000236D5F94000
PATCH 000002368A640FC8 __bootstrapAlloc address=00000236D5F8B000
PATCH 000002368DF79BD8 diagnosticMode address=00000236D5F97000
PATCH 000002368DF78330 setup address=00000236D5F95000
PATCH 000002368A630020 lockDiagnostic address=00000236D5F99000
PATCH 000002368A7B9BC0 lock address=00000236D5F98000
PATCH 000002368A630858 unlockDiagnostic address=00000236D5F9B000
PATCH 000002368A6339A8 defaultAllocator address=00000236D5F92000
PATCH 000002368A7BA3F8 unlock address=00000236D5F9A000
PATCH 000002368DF772C0 memAlign address=00000236D5F9E000
PATCH 000002368DF75A18 classSize address=00000236D5F9F000
PATCH 000002368A8F31D8 atomicAddU64 address=00000236D5FA0000
PATCH 000002368DF7AC48 osAllocGuarded address=00000236D5FA1000
PATCH 000002368A6562C0 popCachedBlock address=00000236D5FA2000
PATCH 000002368DF7A410 osAlloc address=00000236D5FA3000
PATCH 000002368DF76250 sizeClass address=00000236D5F9C000
PATCH 000002368A653170 setFooterMagic address=00000236D5FA7000
PATCH 000002368A6583A0 usesHeaderPath address=00000236D5F9D000
PATCH 000002368A6518C8 userAddress address=00000236D5FA6000
PATCH 000002368A6FAEE8 Swag.memset address=00000236D5FA8000
PATCH 000002368A654A18 linkAllocated address=00000236D5FAA000
PATCH 000002368A7E4378 __captureStack address=00000236D5FA9000
PATCH 000002368A8F29A0 atomicGet address=00000236D5FAB000
PATCH 000002368A8FA7B0 lockRemote address=00000236D5FAD000
PATCH 000002368A651090 headerOf address=00000236D5FA4000
PATCH 000002368A8FAFE8 unlockRemote address=00000236D5FAE000
PATCH 000002368A657330 allocateHeaderBlock address=00000236D5FAC000
PATCH 000002368A652100 footer address=00000236D5FA5000
PATCH 000002368A8F4248 atomicSubU32 address=00000236D5FB1000
PATCH 000002368A894A18 allocatorSegmentOf address=00000236D5FB3000
PATCH 000002368A8F7E98 isBlockAddress address=00000236D5FB0000
PATCH 000002368A8FE400 segmentBase address=00000236D5FB4000
PATCH 000002368A8FF470 pageCommitEnd address=00000236D5FB6000
PATCH 000002368A8F8F08 decode address=00000236D5FAF000
PATCH 000002368A8F3A10 atomicSubU64 address=00000236D5FB8000
PATCH 000002368A8FEC38 pageCommitStart address=00000236D5FB5000
PATCH 000002368A7B83A0 __hostPageDecommit address=00000236D5FB7000
PATCH 000002368A8F5AF0 allocatorOsDecommit address=00000236D5FB9000
PATCH 000002368A891090 clearPageBit address=00000236D5FBA000
PATCH 000002368DF7D560 unlinkHeap address=00000236D5FBC000
PATCH 000002368DF7B480 osFree address=00000236D5FBD000
PATCH 000002368DF72C08 retireAllocatorThreadHeap address=00000236D5FBF000
PATCH 000002368A890858 releasePage address=00000236D5FBB000
PATCH 000002368A78AD28 __hostThreadStorageAlloc address=00000236D5FC0000
PATCH 000002368DF7CD28 retireThreadHeap address=00000236D5FBE000
PATCH 000002368DF73C78 currentAllocatorThreadHeap address=00000236D5FC4000
PATCH 000002368A78B560 __hostThreadStorageFree address=00000236D5FC1000
PATCH 000002368A78C5D0 __hostThreadStorageSet address=00000236D5FC5000
PATCH 000002368DF744B0 setCurrentAllocatorThreadHeap address=00000236D5FC6000
PATCH 000002368DF73440 allocatorThreadHeapFlsId address=00000236D5FC2000
PATCH 000002368DF7BCB8 allocateThreadHeap address=00000236D5FC9000
PATCH 000002368A78CE08 __hostCurrentThreadId address=00000236D5FC7000
PATCH 000002368A78BD98 __hostThreadStorageGet address=00000236D5FC3000
PATCH 000002368DF76A88 classUnitShift address=00000236D5FCC000
PATCH 000002368DF7C4F0 threadHeap address=00000236D5FCA000
PATCH 000002368A8F52B8 allocatorOsCommit address=00000236D5FCE000
PATCH 000002368A8F7660 setupBlockDivision address=00000236D5FD0000
PATCH 000002368DF74CE8 currentThreadId address=00000236D5FC8000
PATCH 000002368A8F6328 allocatorNextKey address=00000236D5FCF000
PATCH 000002368DF7DD98 linkPage address=00000236D5FCD000
PATCH 000002368A8F6E28 setup address=00000236D5FD1000
PATCH 000002368A8F4A80 osReserve address=00000236D5FD3000
PATCH 000002368A890020 acquirePage address=00000236D5FD2000
PATCH 000002368A650020 acquireBlock address=00000236D5FD7000
PATCH 000002368DF7F640 acquireBlockSlow address=00000236D5FD6000
PATCH 000002368A892100 allocatorAddArena address=00000236D5FD4000
PATCH 000002368A631090 alloc address=00000236D5FDA000
PATCH 000002368A652938 footerMagic address=00000236D5FDD000
PATCH 000002368A892938 allocatorCreateSegment address=00000236D5FD8000
PATCH 000002368A658BD8 allocate address=00000236D5FD9000
PATCH 000002368A655250 unlinkAllocated address=00000236D5FDF000
PATCH 000002368A893170 allocatorAcquireSegment address=00000236D5FDB000
PATCH 000002368A657B68 freeHeaderBlock address=00000236D5FE3000
PATCH 000002368A655A88 quarantine address=00000236D5FE1000
PATCH 000002368A8941E0 allocatorPageOf address=00000236D5FDC000
PATCH 000002368A8F86D0 encode address=00000236D5FE5000
PATCH 000002368A650858 retirePage address=00000236D5FE8000
PATCH 000002368DF7E5D0 unlinkPage address=00000236D5FE7000
PATCH 000002368A8FC058 pushRemote address=00000236D5FE9000
PATCH 000002368A656AF8 cacheFreedBlock address=00000236D5FE2000
PATCH 000002368A6318C8 realloc address=00000236D5FEC000
PATCH 000002368A8918C8 isEmpty address=00000236D5FEE000
PATCH 000002368A8FD900 releaseBlock address=00000236D5FE6000
PATCH 000002368A8939A8 allocatorReleaseSegment address=00000236D5FEF000
PATCH 000002368A632938 freeAll address=00000236D5FF1000
PATCH 000002368A659410 reallocate address=00000236D5FEB000
PATCH 000002368A8FD0C8 holdsFreeBlock address=00000236D5FF2000
PATCH 000002368A632100 free address=00000236D5FED000
PATCH 000002368A65CD98 releaseAll address=00000236D5FF0000
PATCH 000002368A6F0C88 __concreteAlias address=00000236D5FF5000
PATCH 000002368A898DF0 Swag.stringCmp address=00000236D5FF8000
PATCH 000002368A6F1CF8 Swag.typeAs address=00000236D5FFA000
PATCH 000002368A6035A0 __tlsGetPtr address=00000236D5FFB000
PATCH 000002368A6F2530 Swag.typeCmp address=00000236D5FF9000
PATCH 000002368A896D10 __printU64 address=00000236D5FFE000
PATCH 000002368A897548 __printS64 address=00000236D6000000
PATCH 000002368A895CA0 __utoa address=00000236D5FFD000
PATCH 000002368A8964D8 __ftoa address=00000236D6001000
PATCH 000002368A897D80 __printF64 address=00000236D6002000
PATCH 000002368A7DD5D0 __printString address=00000236D5FFC000
PATCH 000002368A7E5C20 __peU32 address=00000236D6006000
PATCH 000002368A7E4BB0 __hostImageBaseForAddress address=00000236D6004000
PATCH 000002368A7E74C8 __hostReleaseDecodedDebugSection address=00000236D6005000
PATCH 000002368A895468 __itoa address=00000236D5FFF000
PATCH 000002368A7E6C90 __hostDecodeDebugSection address=00000236D6009000
PATCH 000002368A6FC790 Swag.memcmp address=00000236D5FF6000
PATCH 000002368A89B348 __dbgFindSection address=00000236D600B000
PATCH 000002368A7E6458 __hostDebugSection address=00000236D6008000
PATCH 000002368A7E53E8 __peU16 address=00000236D6007000
PATCH 000002368A89BB80 __dbgStr address=00000236D600C000
PATCH 000002368A89AB10 __dbgU32 address=00000236D600A000
PATCH 000002368A89CBF0 __hasStackTraceSymbols address=00000236D600E000
PATCH 000002368A89C3B8 __symbolize address=00000236D600D000
PATCH 000002368A7DF6B0 __exitError address=00000236D6011000
PATCH 000002368A6F5098 Swag.jit address=00000236D6014000
PATCH 000002368A89D428 __logStackTrace address=00000236D600F000
PATCH 000002368A601CF8 __tlsAlloc address=00000236D6013000
PATCH 000002368A880020 swagLifecycleInitWrapper address=00000236D6016000
PATCH 000002368A604A60 __run_expr_1 address=00000236D6015000
PATCH 000002368A64AE08 Swag.safetyPanic address=00000236D5F8D000
PATCH 000002368A789CB8 __hostTlsGet address=00000236D5F85000
PATCH 000002368A640790 __bootstrapRoundedSize address=00000236D5F88000
PATCH 000002368A7DDE08 __raiseException666 address=00000236D5F96000
PATCH 000002368A8FB820 collectRemote address=00000236D5FB2000
PATCH 000002368A8FC890 acquireBlock address=00000236D5FCB000
PATCH 000002368DF7EE08 acquirePageForClass address=00000236D5FD5000
PATCH 000002368A6539A8 checkFree address=00000236D5FE0000
PATCH 000002368A6541E0 checkAllocated address=00000236D5FDE000
PATCH 000002368A8985B8 Swag.print address=00000236D6003000
PATCH 000002368A659C48 checkPageAddress address=00000236D5FE4000
PATCH 000002368A65A480 freeBlock address=00000236D5FEA000
PATCH 000002368A65ACB8 assertIsAllocated address=00000236D5FF4000
PATCH 000002368A633170 assertAllocated address=00000236D5FF3000
DEFER 000002368B396560 swagLifecycleInitWrapper shard=0 offset=4128 address=0000000000000000
DEFER 000002368A65EE78 opDrop shard=0 offset=4136 address=0000000000000000
DEFER 000002368ABA5908 swagLifecycleInitWrapper shard=0 offset=6648 address=0000000000000000
DEFER 000002368AA81B48 swagLifecycleInitWrapper shard=0 offset=7336 address=0000000000000000
DEFER 000002368B3F2C50 swagLifecycleInitWrapper shard=0 offset=8432 address=0000000000000000
DEFER 000002368A605C98 swagLifecycleInitWrapper shard=0 offset=10176 address=0000000000000000
DEFER 000002368A68BB20 swagLifecycleInitWrapper shard=0 offset=11000 address=0000000000000000
PATCH 000002368A64A5D0 Swag.panic address=00000236D6012000
DEFER 000002368A7E9200 swagLifecycleInitWrapper shard=0 offset=12088 address=0000000000000000
PATCH 000002368A649D98 __printPanicReport address=00000236D6010000
DEFER 000002368B1E16B8 swagLifecycleInitWrapper shard=0 offset=13288 address=0000000000000000
DEFER 000002368AAF3738 swagLifecycleInitWrapper shard=0 offset=13896 address=0000000000000000
PATCH 000002368A6F58D0 __runtimeAllocator address=00000236D5FF7000
PATCH 0000023689709378 releaseAll address=00000236D6019000
PATCH 000002368A6F6940 __resetRuntimeContext address=00000236D601C000
PATCH 000002368A6F7178 __checkCpuBaseline address=00000236D6018000
PATCH 000002368A7DC560 __osCommandLine address=00000236D601D000
DEFER 000002368B396560 swagLifecycleInitWrapper shard=0 offset=4128 address=0000000000000000
PATCH 000002368A7DCD98 __hostHasAvx2 address=00000236D6017000
PATCH 0000023689709BB0 setCapacity address=00000236D601F000
PATCH 0000023689770FD0 staticallyReferenced address=00000236D6021000
PATCH 0000023689707AD0 freeMem address=00000236D601A000
PATCH 0000023689708B40 release address=00000236D601B000
DEFER 000002368A65EE78 opDrop shard=0 offset=4136 address=0000000000000000
PATCH 000002368A6F79B0 __setupRuntime address=00000236D6020000
DEFER 000002368ABA5908 swagLifecycleInitWrapper shard=0 offset=6648 address=0000000000000000
DEFER 000002368AA81B48 swagLifecycleInitWrapper shard=0 offset=7336 address=0000000000000000
DEFER 000002368B3F2C50 swagLifecycleInitWrapper shard=0 offset=8432 address=0000000000000000
DEFER 000002368A605C98 swagLifecycleInitWrapper shard=0 offset=10176 address=0000000000000000
DEFER 000002368A68BB20 swagLifecycleInitWrapper shard=0 offset=11000 address=0000000000000000
DEFER 000002368A7E9200 swagLifecycleInitWrapper shard=0 offset=12088 address=0000000000000000
DEFER 000002368B1E16B8 swagLifecycleInitWrapper shard=0 offset=13288 address=0000000000000000
DEFER 000002368AAF3738 swagLifecycleInitWrapper shard=0 offset=13896 address=0000000000000000
PATCH 000002368A634A18 installAllocator address=00000236D601E000
PATCH 0000023689770798 directlyUsed address=00000236D6022000
PATCH 000002368AD44610 __tlsGetValue address=00000236D6071000
PATCH 000002368AE60FC8 __bootstrapAlloc address=00000236D6077000
PATCH 000002368A5BAD28 __hostTlsAlloc address=00000236D6070000
PATCH 000002368A5C8BD8 __hostPageReserve address=00000236D6074000
PATCH 000002368A5CA480 __hostPageRelease address=00000236D6076000
PATCH 000002368AE61800 __bootstrapFree address=00000236D607C000
PATCH 000002368A5C9410 __hostPageCommit address=00000236D6075000
PATCH 000002368AC993A0 installed address=00000236D607E000
PATCH 000002368AC98B68 configure address=00000236D607F000
PATCH 000002368AD44E48 __tlsSetValue address=00000236D607B000
PATCH 000002368ACE39A8 defaultAllocator address=00000236D607D000
PATCH 000002368A5CBCA0 unlock address=00000236D6085000
PATCH 000002368AC99BD8 diagnosticMode address=00000236D6082000
PATCH 000002368ACE0858 unlockDiagnostic address=00000236D6086000
PATCH 000002368A5CB468 lock address=00000236D6083000
PATCH 000002368ACB83A0 usesHeaderPath address=00000236D6088000
PATCH 000002368BAD31D8 atomicAddU64 address=00000236D608B000
PATCH 000002368ACE0020 lockDiagnostic address=00000236D6084000
PATCH 000002368AC98330 setup address=00000236D6080000
PATCH 000002368ACB18C8 userAddress address=00000236D6090000
PATCH 000002368ACB4A18 linkAllocated address=00000236D6095000
PATCH 000002368BADA9F0 lockRemote address=00000236D6098000
PATCH 000002368ACB3170 setFooterMagic address=00000236D6092000
PATCH 000002368BAD9148 decode address=00000236D609A000
PATCH 000002368BAD80D8 isBlockAddress address=00000236D609B000
PATCH 000002368BAE4A18 allocatorSegmentOf address=00000236D609E000
PATCH 000002368BADE640 segmentBase address=00000236D609F000
PATCH 000002368BAD29A0 atomicGet address=00000236D6097000
PATCH 000002368BADB228 unlockRemote address=00000236D6099000
PATCH 000002368BAD3A10 atomicSubU64 address=00000236D60A3000
PATCH 000002368A5C9C48 __hostPageDecommit address=00000236D60A2000
PATCH 000002368BAE1090 clearPageBit address=00000236D60A5000
PATCH 000002368AC9D560 unlinkHeap address=00000236D60A7000
PATCH 000002368AC9B480 osFree address=00000236D60A8000
PATCH 000002368AC92C08 retireAllocatorThreadHeap address=00000236D60AA000
PATCH 000002368AC93C78 currentAllocatorThreadHeap address=00000236D60AF000
PATCH 000002368AC93440 allocatorThreadHeapFlsId address=00000236D60AD000
PATCH 000002368BAD4248 atomicSubU32 address=00000236D609C000
PATCH 000002368AC9A410 osAlloc address=00000236D608E000
PATCH 000002368AC944B0 setCurrentAllocatorThreadHeap address=00000236D60B1000
PATCH 000002368AC94CE8 currentThreadId address=00000236D60B4000
PATCH 000002368AC9C4F0 threadHeap address=00000236D60B5000
PATCH 000002368AC96A88 classUnitShift address=00000236D60B7000
PATCH 000002368BAD5D30 allocatorOsDecommit address=00000236D60A4000
PATCH 000002368BAD6568 allocatorNextKey address=00000236D60BA000
PATCH 000002368BAD54F8 allocatorOsCommit address=00000236D60B9000
PATCH 000002368BAD4A80 osReserve address=00000236D60BE000
PATCH 000002368A5BE6B0 __hostCurrentThreadId address=00000236D60B2000
PATCH 000002368ACE1090 alloc address=00000236D60C6000
PATCH 000002368ACB2938 footerMagic address=00000236D60C8000
PATCH 000002368BAE3170 allocatorAcquireSegment address=00000236D60C1000
PATCH 000002368ACB7B68 freeHeaderBlock address=00000236D60CE000
PATCH 000002368BAD8910 encode address=00000236D60D0000
PATCH 000002368BADC298 pushRemote address=00000236D60D4000
PATCH 000002368ACE2100 free address=00000236D60D8000
PATCH 000002368ACB5250 unlinkAllocated address=00000236D60CA000
PATCH 000002368BAE18C8 isEmpty address=00000236D60D9000
PATCH 000002368BAE39A8 allocatorReleaseSegment address=00000236D60DA000
PATCH 000002368AC9BCB8 allocateThreadHeap address=00000236D60B3000
PATCH 000002368BADD308 holdsFreeBlock address=00000236D60DD000
PATCH 000002368ACE2938 freeAll address=00000236D60DC000
PATCH 000002368AD45680 __tlsGetPtr address=00000236D60E2000
PATCH 000002368AE62CA0 __concreteAlias address=00000236D60E3000
PATCH 000002368AD35CA0 Swag.stringCmp address=00000236D60E5000
PATCH 000002368AE63D10 Swag.typeAs address=00000236D60E7000
PATCH 000002368AE64548 Swag.typeCmp address=00000236D60E6000
PATCH 000002368AD2A350 Swag.memcmp address=00000236D60E4000
PATCH 000002368AD32B50 __utoa address=00000236D60E9000
PATCH 000002368A5AEE78 __printString address=00000236D60E8000
PATCH 000002368AD32318 __itoa address=00000236D60EB000
PATCH 000002368AD343F8 __printS64 address=00000236D60EC000
PATCH 000002368AD33388 __ftoa address=00000236D60ED000
PATCH 000002368AD34C30 __printF64 address=00000236D60EE000
PATCH 000002368ACD8E28 __hostReleaseDecodedDebugSection address=00000236D60F1000
PATCH 000002368ACD6510 __hostImageBaseForAddress address=00000236D60F0000
PATCH 000002368ACD7580 __peU32 address=00000236D60F2000
PATCH 000002368ACD6D48 __peU16 address=00000236D60F3000
PATCH 000002368ACD7DB8 __hostDebugSection address=00000236D60F4000
PATCH 000002368ACD85F0 __hostDecodeDebugSection address=00000236D60F5000
PATCH 000002368AE79B70 __dbgU32 address=00000236D60F6000
PATCH 000002368AE7A3A8 __dbgFindSection address=00000236D60F7000
PATCH 000002368AE7ABE0 __dbgStr address=00000236D60F8000
PATCH 000002368AE7BC50 __hasStackTraceSymbols address=00000236D60FA000
PATCH 000002368AE7C488 __logStackTrace address=00000236D60FB000
PATCH 000002368ACD1090 __exitError address=00000236D60FD000
PATCH 000002368AE7B418 __symbolize address=00000236D60F9000
PATCH 000002368AD43DD8 __tlsAlloc address=00000236D60FF000
PATCH 000002368AE670B0 Swag.jit address=00000236D6100000
PATCH 000002368A7B1628 swagLifecycleInitWrapper address=00000236D6101000
PATCH 000002368ACE3170 assertAllocated address=00000236D60DF000
PATCH 000002368BAB6180 __run_expr_1 address=00000236D6102000
PATCH 000002368ACE18C8 realloc address=00000236D60D7000
PATCH 000002368AD33BC0 __printU64 address=00000236D60EA000
PATCH 000002368AC972C0 memAlign address=00000236D6089000
PATCH 000002368A5BB560 __hostTlsGet address=00000236D6073000
PATCH 000002368AE60790 __bootstrapRoundedSize address=00000236D6072000
PATCH 000002368AD27A38 __memoryCopyForward address=00000236D6078000
PATCH 000002368AD292E0 Swag.memcpy address=00000236D6079000
PATCH 000002368AC96250 sizeClass address=00000236D6087000
PATCH 000002368A5AF6B0 __raiseException666 address=00000236D6081000
PATCH 000002368AC95A18 classSize address=00000236D608A000
PATCH 000002368ACB62C0 popCachedBlock address=00000236D608D000
PATCH 000002368AC9AC48 osAllocGuarded address=00000236D608C000
PATCH 000002368ACB1090 headerOf address=00000236D608F000
PATCH 000002368ACB2100 footer address=00000236D6091000
PATCH 000002368AD28AA8 Swag.memset address=00000236D6093000
PATCH 000002368ACD5CD8 __captureStack address=00000236D6094000
PATCH 000002368ACB7330 allocateHeaderBlock address=00000236D6096000
PATCH 000002368BADEE78 pageCommitStart address=00000236D60A0000
PATCH 000002368BADBA60 collectRemote address=00000236D609D000
PATCH 000002368BADF6B0 pageCommitEnd address=00000236D60A1000
PATCH 000002368A5BD640 __hostThreadStorageGet address=00000236D60AE000
PATCH 000002368BAE0858 releasePage address=00000236D60A6000
PATCH 000002368AC9CD28 retireThreadHeap address=00000236D60A9000
PATCH 000002368A5BC5D0 __hostThreadStorageAlloc address=00000236D60AB000
PATCH 000002368A5BCE08 __hostThreadStorageFree address=00000236D60AC000
PATCH 000002368A5BDE78 __hostThreadStorageSet address=00000236D60B0000
PATCH 000002368A5BBD98 __hostTlsSet address=00000236D607A000
PATCH 000002368AC9DD98 linkPage address=00000236D60B8000
PATCH 000002368BADCAD0 acquireBlock address=00000236D60B6000
PATCH 000002368BAD78A0 setupBlockDivision address=00000236D60BB000
PATCH 000002368BAD7068 setup address=00000236D60BC000
PATCH 000002368BAE0020 acquirePage address=00000236D60BD000
PATCH 000002368BAE2100 allocatorAddArena address=00000236D60BF000
PATCH 000002368BAE2938 allocatorCreateSegment address=00000236D60C0000
PATCH 000002368AC9EE08 acquirePageForClass address=00000236D60C2000
PATCH 000002368AC9F640 acquireBlockSlow address=00000236D60C3000
PATCH 000002368ACB0020 acquireBlock address=00000236D60C4000
PATCH 000002368ACB8BD8 allocate address=00000236D60C5000
PATCH 000002368BAE41E0 allocatorPageOf address=00000236D60C7000
PATCH 000002368ACB41E0 checkAllocated address=00000236D60C9000
PATCH 000002368ACB39A8 checkFree address=00000236D60CB000
PATCH 000002368ACB5A88 quarantine address=00000236D60CC000
PATCH 000002368ACB6AF8 cacheFreedBlock address=00000236D60CD000
PATCH 000002368ACB9C48 checkPageAddress address=00000236D60CF000
PATCH 000002368BADDB40 releaseBlock address=00000236D60D1000
PATCH 000002368ACB0858 retirePage address=00000236D60D3000
PATCH 000002368ACBA480 freeBlock address=00000236D60D5000
PATCH 000002368AC9E5D0 unlinkPage address=00000236D60D2000
PATCH 000002368ACB9410 reallocate address=00000236D60D6000
PATCH 000002368ACBCD98 releaseAll address=00000236D60DB000
PATCH 000002368ACBACB8 assertIsAllocated address=00000236D60DE000
PATCH 000002368A59C990 Swag.safetyPanic address=00000236D60E0000
DEFER 000002368AA808A8 swagLifecycleInitWrapper shard=8 offset=8184 address=0000000000000000
DEFER 000002368ACBEE78 opDrop shard=8 offset=8192 address=0000000000000000
DEFER 000002368AE50020 swagLifecycleInitWrapper shard=8 offset=10720 address=0000000000000000
PATCH 000002368A59C158 Swag.panic address=00000236D60FE000
DEFER 000002368AB09408 swagLifecycleInitWrapper shard=8 offset=11408 address=0000000000000000
PATCH 000002368A59B920 __printPanicReport address=00000236D60FC000
DEFER 000002368AE496D0 swagLifecycleInitWrapper shard=8 offset=12504 address=0000000000000000
DEFER 000002368AD490C8 swagLifecycleInitWrapper shard=8 offset=14248 address=0000000000000000
DEFER 000002368AD48178 swagLifecycleInitWrapper shard=8 offset=15072 address=0000000000000000
DEFER 000002368ACDA550 swagLifecycleInitWrapper shard=8 offset=16160 address=0000000000000000
DEFER 000002368AAECB60 swagLifecycleInitWrapper shard=8 offset=17392 address=0000000000000000
DEFER 000002368BA81230 swagLifecycleInitWrapper shard=8 offset=18000 address=0000000000000000
PATCH 000002368AD35468 Swag.print address=00000236D60EF000
PATCH 000002368AE678E8 __runtimeAllocator address=00000236D60E1000
PATCH 000002368A6A29A8 __hostTlsAlloc address=00000236D6160000
PATCH 000002368B027118 __tlsGetValue address=00000236D6162000
PATCH 000002368BC70858 __hostPageReserve address=00000236D6164000
PATCH 000002368BC71090 __hostPageCommit address=00000236D6165000
PATCH 000002368B0787E0 __bootstrapAlloc address=00000236D6167000
PATCH 000002368BC72100 __hostPageRelease address=00000236D6166000
PATCH 000002368B027950 __tlsSetValue address=00000236D616B000
PATCH 000002368B079018 __bootstrapFree address=00000236D616C000
PATCH 000002368B075D50 defaultAllocator address=00000236D616D000
PATCH 000002368B04B610 installed address=00000236D616E000
PATCH 000002368B04ADD8 configure address=00000236D616F000
PATCH 000002368B04A5A0 setup address=00000236D6170000
PATCH 000002368B04BE48 diagnosticMode address=00000236D6172000
PATCH 000002368B0723C8 lockDiagnostic address=00000236D6174000
PATCH 000002368BC730E8 lock address=00000236D6173000
PATCH 000002368BC73920 unlock address=00000236D6175000
PATCH 000002368B072C00 unlockDiagnostic address=00000236D6176000
PATCH 000002368B01ACB8 usesHeaderPath address=00000236D6178000
PATCH 000002368AFB31D8 atomicAddU64 address=00000236D617B000
PATCH 000002368B04C680 osAlloc address=00000236D617E000
PATCH 000002368B0141E0 userAddress address=00000236D6180000
PATCH 000002368B015A88 setFooterMagic address=00000236D6182000
PATCH 000002368B017330 linkAllocated address=00000236D6185000
PATCH 000002368AFB29A0 atomicGet address=00000236D6187000
PATCH 000002368AFBA7B0 lockRemote address=00000236D6188000
PATCH 000002368AFBAFE8 unlockRemote address=00000236D6189000
PATCH 000002368AFB8F08 decode address=00000236D618A000
PATCH 000002368AFB7E98 isBlockAddress address=00000236D618B000
PATCH 000002368AFB4248 atomicSubU32 address=00000236D618C000
PATCH 000002368AFD4A18 allocatorSegmentOf address=00000236D618E000
PATCH 000002368AFBE400 segmentBase address=00000236D618F000
PATCH 000002368AFB3A10 atomicSubU64 address=00000236D6193000
PATCH 000002368BC718C8 __hostPageDecommit address=00000236D6192000
PATCH 000002368AFB5AF0 allocatorOsDecommit address=00000236D6194000
PATCH 000002368AFD1090 clearPageBit address=00000236D6195000
PATCH 000002368B010020 unlinkHeap address=00000236D6197000
PATCH 000002368B04D6F0 osFree address=00000236D6198000
PATCH 000002368B044E78 retireAllocatorThreadHeap address=00000236D619A000
PATCH 000002368B0456B0 allocatorThreadHeapFlsId address=00000236D619D000
PATCH 000002368B045EE8 currentAllocatorThreadHeap address=00000236D619F000
PATCH 000002368A6A6330 __hostCurrentThreadId address=00000236D61A2000
PATCH 000002368B046720 setCurrentAllocatorThreadHeap address=00000236D61A1000
PATCH 000002368B046F58 currentThreadId address=00000236D61A3000
PATCH 000002368B04DF28 allocateThreadHeap address=00000236D61A4000
PATCH 000002368B04E760 threadHeap address=00000236D61A5000
PATCH 000002368B048CF8 classUnitShift address=00000236D61A7000
PATCH 000002368AFB52B8 allocatorOsCommit address=00000236D61A9000
PATCH 000002368AFB6328 allocatorNextKey address=00000236D61AA000
PATCH 000002368AFB4A80 osReserve address=00000236D61AE000
PATCH 000002368AFD3170 allocatorAcquireSegment address=00000236D61B1000
PATCH 000002368B073438 alloc address=00000236D61B6000
PATCH 000002368B015250 footerMagic address=00000236D61B8000
PATCH 000002368B017B68 unlinkAllocated address=00000236D61BA000
PATCH 000002368B01A480 freeHeaderBlock address=00000236D61BE000
PATCH 000002368AFB86D0 encode address=00000236D61C0000
PATCH 000002368AFBC058 pushRemote address=00000236D61C4000
PATCH 000002368B073C70 realloc address=00000236D61C7000
PATCH 000002368B0744A8 free address=00000236D61C8000
PATCH 000002368AFD18C8 isEmpty address=00000236D61C9000
PATCH 000002368AFD39A8 allocatorReleaseSegment address=00000236D61CA000
PATCH 000002368AFBD0C8 holdsFreeBlock address=00000236D61CD000
PATCH 000002368B074CE0 freeAll address=00000236D61CC000
PATCH 000002368B075518 assertAllocated address=00000236D61CF000
PATCH 000002368B028188 __tlsGetPtr address=00000236D61D1000
PATCH 000002368B07A4B8 __concreteAlias address=00000236D61D2000
PATCH 000002368BC6A9F8 Swag.stringCmp address=00000236D61D4000
PATCH 000002368B07B528 Swag.typeAs address=00000236D61D6000
PATCH 000002368BC678A8 __utoa address=00000236D61D8000
PATCH 000002368BC68918 __printU64 address=00000236D61D9000
PATCH 000002368BC67070 __itoa address=00000236D61DA000
PATCH 000002368BC69150 __printS64 address=00000236D61DB000
PATCH 000002368BC680E0 __ftoa address=00000236D61DC000
PATCH 000002368BC69988 __printF64 address=00000236D61DD000
PATCH 000002368BC2E058 __hostImageBaseForAddress address=00000236D61DF000
PATCH 000002368BC01090 __hostReleaseDecodedDebugSection address=00000236D61E0000
PATCH 000002368BC2F0C8 __peU32 address=00000236D61E1000
PATCH 000002368BC2E890 __peU16 address=00000236D61E2000
PATCH 000002368A693E20 __dbgU32 address=00000236D61E5000
PATCH 000002368BC00858 __hostDecodeDebugSection address=00000236D61E4000
PATCH 000002368A694658 __dbgFindSection address=00000236D61E6000
PATCH 000002368A695F00 __hasStackTraceSymbols address=00000236D61E9000
PATCH 000002368BC28BD8 __exitError address=00000236D61EC000
PATCH 000002368B0268E0 __tlsAlloc address=00000236D61EE000
PATCH 000002368B07E8C8 Swag.jit address=00000236D61EF000
PATCH 000002368A6B0858 Swag.safetyPanic address=00000236D61F0000
PATCH 000002368A595E20 swagLifecycleInitWrapper address=00000236D61F2000
PATCH 0000023693FBBDA8 __run_expr_2 address=00000236D61F1000
PATCH 000002368A6A31E0 __hostTlsGet address=00000236D6161000
PATCH 000002368A6B3D90 Swag.memcpy address=00000236D6169000
PATCH 000002368B077FA8 __bootstrapRoundedSize address=00000236D6163000
PATCH 000002368A6B24E8 __memoryCopyForward address=00000236D6168000
PATCH 000002368A6A3A18 __hostTlsSet address=00000236D616A000
PATCH 000002368BC27330 __raiseException666 address=00000236D6171000
PATCH 000002368B0484C0 sizeClass address=00000236D6177000
PATCH 000002368B049530 memAlign address=00000236D6179000
PATCH 000002368B047C88 classSize address=00000236D617A000
PATCH 000002368B04CEB8 osAllocGuarded address=00000236D617C000
PATCH 000002368B018BD8 popCachedBlock address=00000236D617D000
PATCH 000002368B0139A8 headerOf address=00000236D617F000
PATCH 000002368B01F6B0 releaseAll address=00000236D61CB000
PATCH 000002368B014A18 footer address=00000236D6181000
PATCH 000002368A6B3558 Swag.memset address=00000236D6183000
PATCH 000002368BC2D820 __captureStack address=00000236D6184000
PATCH 000002368B019C48 allocateHeaderBlock address=00000236D6186000
PATCH 000002368AFBB820 collectRemote address=00000236D618D000
PATCH 000002368AFBEC38 pageCommitStart address=00000236D6190000
PATCH 000002368AFBF470 pageCommitEnd address=00000236D6191000
PATCH 000002368AFD0858 releasePage address=00000236D6196000
PATCH 000002368B04EF98 retireThreadHeap address=00000236D6199000
PATCH 000002368A6A4250 __hostThreadStorageAlloc address=00000236D619B000
PATCH 000002368A6A4A88 __hostThreadStorageFree address=00000236D619C000
PATCH 000002368A6A52C0 __hostThreadStorageGet address=00000236D619E000
PATCH 000002368A6A5AF8 __hostThreadStorageSet address=00000236D61A0000
PATCH 000002368AFBC890 acquireBlock address=00000236D61A6000
PATCH 000002368B010858 linkPage address=00000236D61A8000
PATCH 000002368AFB7660 setupBlockDivision address=00000236D61AB000
PATCH 000002368AFB6E28 setup address=00000236D61AC000
PATCH 000002368AFD0020 acquirePage address=00000236D61AD000
PATCH 000002368AFD2100 allocatorAddArena address=00000236D61AF000
PATCH 000002368AFD2938 allocatorCreateSegment address=00000236D61B0000
PATCH 000002368B0118C8 acquirePageForClass address=00000236D61B2000
PATCH 000002368B012100 acquireBlockSlow address=00000236D61B3000
PATCH 000002368B012938 acquireBlock address=00000236D61B4000
PATCH 000002368B01B4F0 allocate address=00000236D61B5000
PATCH 000002368AFD41E0 allocatorPageOf address=00000236D61B7000
PATCH 000002368B016AF8 checkAllocated address=00000236D61B9000
PATCH 000002368B0162C0 checkFree address=00000236D61BB000
PATCH 000002368B0183A0 quarantine address=00000236D61BC000
PATCH 000002368B019410 cacheFreedBlock address=00000236D61BD000
PATCH 000002368B01C560 checkPageAddress address=00000236D61BF000
PATCH 000002368AFBD900 releaseBlock address=00000236D61C1000
PATCH 000002368B011090 unlinkPage address=00000236D61C2000
PATCH 000002368B013170 retirePage address=00000236D61C3000
PATCH 000002368B01CD98 freeBlock address=00000236D61C5000
PATCH 000002368B01BD28 reallocate address=00000236D61C6000
PATCH 000002368B01D5D0 assertIsAllocated address=00000236D61CE000
DEFER 000002368E64C108 swagLifecycleInitWrapper shard=0 offset=3936 address=0000000000000000
DEFER 000002368B0718C8 opDrop shard=0 offset=3944 address=0000000000000000
DEFER 000002368E65DA98 swagLifecycleInitWrapper shard=0 offset=6472 address=0000000000000000
DEFER 0000023693FE1810 swagLifecycleInitWrapper shard=0 offset=7160 address=0000000000000000
DEFER 0000023693FE0D10 swagLifecycleInitWrapper shard=0 offset=8256 address=0000000000000000
DEFER 000002368E654618 swagLifecycleInitWrapper shard=0 offset=10000 address=0000000000000000
DEFER 0000023693FB3988 swagLifecycleInitWrapper shard=0 offset=10824 address=0000000000000000
DEFER 00000236927F2BB0 swagLifecycleInitWrapper shard=0 offset=11912 address=0000000000000000
DEFER 000002368E653018 swagLifecycleInitWrapper shard=0 offset=13112 address=0000000000000000
DEFER 000002368BC10020 swagLifecycleInitWrapper shard=0 offset=13720 address=0000000000000000
PATCH 000002368B07F100 __runtimeAllocator address=00000236D61D0000
PATCH 000002368A6B4E00 Swag.memcmp address=00000236D61D3000
PATCH 000002368B07BD60 Swag.typeCmp address=00000236D61D5000
PATCH 000002368BC26AF8 __printString address=00000236D61D7000
PATCH 000002368BC6A1C0 Swag.print address=00000236D61DE000
PATCH 000002368A694E90 __dbgStr address=00000236D61E7000
PATCH 000002368BC00020 __hostDebugSection address=00000236D61E3000
PATCH 000002368A6956C8 __symbolize address=00000236D61E8000
PATCH 000002368A696738 __logStackTrace address=00000236D61EA000
PATCH 000002368A68F3B0 __printPanicReport address=00000236D61EB000
PATCH 000002368A6B0020 Swag.panic address=00000236D61ED000
PATCH 000002368AC2A2C8 __tlsGetValue address=00000236D624E000
PATCH 000002368BE7A4F0 __hostTlsAlloc address=00000236D624C000
PATCH 000002368BE09C48 __hostPageRelease address=00000236D6252000
PATCH 000002368BE08BD8 __hostPageCommit address=00000236D6251000
PATCH 000002368AC2AB00 __tlsSetValue address=00000236D6257000
PATCH 0000023692991090 installed address=00000236D625A000
PATCH 0000023692990858 configure address=00000236D625B000
PATCH 0000023692990020 setup address=00000236D625C000
PATCH 000002368BE68E30 __bootstrapFree address=00000236D6258000
PATCH 00000236929AAF80 defaultAllocator address=00000236D6259000
PATCH 000002368BE0AC30 lock address=00000236D625F000
PATCH 000002368BE685F8 __bootstrapAlloc address=00000236D6253000
PATCH 00000236929A7E30 unlockDiagnostic address=00000236D6262000
PATCH 000002368BE0B468 unlock address=00000236D6261000
PATCH 00000236929918C8 diagnosticMode address=00000236D625E000
PATCH 00000236929A0020 usesHeaderPath address=00000236D6265000
PATCH 00000236929CE898 memAlign address=00000236D6266000
PATCH 00000236929A75F8 lockDiagnostic address=00000236D6260000
PATCH 0000023692992938 osAllocGuarded address=00000236D6269000
PATCH 000002369299DE08 popCachedBlock address=00000236D626A000
PATCH 0000023692992100 osAlloc address=00000236D626B000
PATCH 000002368BE083A0 __hostPageReserve address=00000236D6250000
PATCH 0000023692999410 userAddress address=00000236D626E000
PATCH 00000236929CCFF0 classSize address=00000236D6267000
PATCH 00000236929D50C8 atomicAddU64 address=00000236D6268000
PATCH 000002368AC254A0 __captureStack address=00000236D6271000
PATCH 0000023692998BD8 headerOf address=00000236D626C000
PATCH 000002369299C560 linkAllocated address=00000236D6272000
PATCH 000002369299ACB8 setFooterMagic address=00000236D626F000
PATCH 00000236929DC6A0 lockRemote address=00000236D6275000
PATCH 00000236929D4890 atomicGet address=00000236D6274000
PATCH 00000236929DCED8 unlockRemote address=00000236D6276000
PATCH 000002368BE3B8F8 Swag.memset address=00000236D6270000
PATCH 00000236929D6138 atomicSubU32 address=00000236D6279000
PATCH 000002369299EE78 allocateHeaderBlock address=00000236D6273000
PATCH 00000236929C6DC0 allocatorSegmentOf address=00000236D627B000
PATCH 0000023692999C48 footer address=00000236D626D000
PATCH 00000236929C0B20 segmentBase address=00000236D627C000
PATCH 00000236929C1B90 pageCommitEnd address=00000236D627D000
PATCH 00000236929DADF8 decode address=00000236D6277000
PATCH 000002368BE09410 __hostPageDecommit address=00000236D627F000
PATCH 00000236929D79E0 allocatorOsDecommit address=00000236D6281000
PATCH 00000236929D9D88 isBlockAddress address=00000236D6278000
PATCH 00000236929C3438 clearPageBit address=00000236D6282000
PATCH 00000236929D5900 atomicSubU64 address=00000236D6280000
PATCH 00000236929C1358 pageCommitStart address=00000236D627E000
PATCH 0000023692995250 unlinkHeap address=00000236D6284000
PATCH 00000236929CA1E0 retireAllocatorThreadHeap address=00000236D6287000
PATCH 0000023692994A18 retireThreadHeap address=00000236D6286000
PATCH 000002368BE7BD98 __hostThreadStorageAlloc address=00000236D6288000
PATCH 00000236929C2C00 releasePage address=00000236D6283000
PATCH 00000236929CAA18 allocatorThreadHeapFlsId address=00000236D628A000
PATCH 000002368BE7CE08 __hostThreadStorageGet address=00000236D628B000
PATCH 0000023692993170 osFree address=00000236D6285000
PATCH 00000236929CB250 currentAllocatorThreadHeap address=00000236D628C000
PATCH 000002368BE7D640 __hostThreadStorageSet address=00000236D628D000
PATCH 000002368BE7C5D0 __hostThreadStorageFree address=00000236D6289000
PATCH 00000236929CC2C0 currentThreadId address=00000236D6290000
PATCH 000002368BE7DE78 __hostCurrentThreadId address=00000236D628F000
PATCH 00000236929939A8 allocateThreadHeap address=00000236D6291000
PATCH 00000236929CE060 classUnitShift address=00000236D6294000
PATCH 00000236929941E0 threadHeap address=00000236D6292000
PATCH 0000023692995A88 linkPage address=00000236D6295000
PATCH 00000236929CBA88 setCurrentAllocatorThreadHeap address=00000236D628E000
PATCH 00000236929D8218 allocatorNextKey address=00000236D6297000
PATCH 00000236929D9550 setupBlockDivision address=00000236D6298000
PATCH 00000236929D6970 osReserve address=00000236D629B000
PATCH 00000236929C23C8 acquirePage address=00000236D629A000
PATCH 00000236929D8D18 setup address=00000236D6299000
PATCH 00000236929C44A8 allocatorAddArena address=00000236D629C000
PATCH 00000236929C4CE0 allocatorCreateSegment address=00000236D629D000
PATCH 00000236929D71A8 allocatorOsCommit address=00000236D6296000
PATCH 0000023692997330 acquireBlockSlow address=00000236D62A0000
PATCH 00000236929C5518 allocatorAcquireSegment address=00000236D629E000
PATCH 00000236929A8668 alloc address=00000236D62A3000
PATCH 0000023692996AF8 acquirePageForClass address=00000236D629F000
PATCH 00000236929C6588 allocatorPageOf address=00000236D62A4000
PATCH 00000236929A0858 allocate address=00000236D62A2000
PATCH 000002369299E640 cacheFreedBlock address=00000236D62AA000
PATCH 000002369299D5D0 quarantine address=00000236D62A9000
PATCH 000002369299F6B0 freeHeaderBlock address=00000236D62AB000
PATCH 00000236929DA5C0 encode address=00000236D62AD000
PATCH 00000236929C0020 releaseBlock address=00000236D62AE000
PATCH 00000236929962C0 unlinkPage address=00000236D62AF000
PATCH 0000023692997B68 acquireBlock address=00000236D62A1000
PATCH 00000236929983A0 retirePage address=00000236D62B0000
PATCH 00000236929A1090 reallocate address=00000236D62B3000
PATCH 000002369299CD98 unlinkAllocated address=00000236D62A7000
PATCH 00000236929C3C70 isEmpty address=00000236D62B6000
PATCH 00000236929DDF48 pushRemote address=00000236D62B1000
PATCH 000002369299A480 footerMagic address=00000236D62A5000
PATCH 00000236929A8EA0 realloc address=00000236D62B4000
PATCH 00000236929A9F10 freeAll address=00000236D62B9000
PATCH 00000236929A96D8 free address=00000236D62B5000
PATCH 00000236929AA748 assertAllocated address=00000236D62BC000
PATCH 00000236929C5D50 allocatorReleaseSegment address=00000236D62B7000
PATCH 000002368AC2B338 __tlsGetPtr address=00000236D62BE000
PATCH 000002368BE6A2D0 __concreteAlias address=00000236D62BF000
PATCH 000002368B065CA0 Swag.stringCmp address=00000236D62C1000
PATCH 000002368BE6BB78 Swag.typeCmp address=00000236D62C2000
PATCH 00000236929DEFB8 holdsFreeBlock address=00000236D62BA000
PATCH 000002368BE6B340 Swag.typeAs address=00000236D62C3000
PATCH 000002368AC6E640 __printString address=00000236D62C4000
PATCH 00000236929A4A18 releaseAll address=00000236D62B8000
PATCH 000002368B062318 __itoa address=00000236D62C7000
PATCH 000002368B0643F8 __printS64 address=00000236D62C8000
PATCH 000002368B063BC0 __printU64 address=00000236D62C6000
PATCH 000002368B063388 __ftoa address=00000236D62C9000
PATCH 000002368B064C30 __printF64 address=00000236D62CA000
PATCH 000002368B062B50 __utoa address=00000236D62C5000
PATCH 000002368AC26510 __peU16 address=00000236D62CF000
PATCH 000002368AC25CD8 __hostImageBaseForAddress address=00000236D62CC000
PATCH 000002368BE3D1A0 Swag.memcmp address=00000236D62C0000
PATCH 000002368AC26D48 __peU32 address=00000236D62CD000
PATCH 000002368B00AF68 __dbgU32 address=00000236D62D2000
PATCH 000002368B00B7A0 __dbgFindSection address=00000236D62D3000
PATCH 000002368AC27DB8 __hostDecodeDebugSection address=00000236D62D1000
PATCH 000002368B00BFD8 __dbgStr address=00000236D62D4000
PATCH 000002368AC27580 __hostDebugSection address=00000236D62D0000
PATCH 000002368B00D048 __hasStackTraceSymbols address=00000236D62D6000
PATCH 000002368B00C810 __symbolize address=00000236D62D5000
PATCH 000002368AC285F0 __hostReleaseDecodedDebugSection address=00000236D62CE000
PATCH 000002368AC20858 __exitError address=00000236D62D9000
PATCH 000002368AC29A90 __tlsAlloc address=00000236D62DB000
PATCH 000002368BE6E6E0 Swag.jit address=00000236D62DC000
PATCH 000002368B0491C8 __run_expr_3 address=00000236D62DD000
PATCH 000002368B00D880 __logStackTrace address=00000236D62D7000
PATCH 000002368B1C8690 swagLifecycleInitWrapper address=00000236D62DE000
PATCH 000002368BE7AD28 __hostTlsGet address=00000236D624D000
PATCH 000002368BE67DC0 __bootstrapRoundedSize address=00000236D624F000
PATCH 000002368BE3C130 Swag.memcpy address=00000236D6255000
PATCH 000002368BE7B560 __hostTlsSet address=00000236D6256000
PATCH 000002368BE1BF40 Swag.safetyPanic address=00000236D6264000
PATCH 000002368AC6EE78 __raiseException666 address=00000236D625D000
PATCH 00000236929CD828 sizeClass address=00000236D6263000
PATCH 000002368B065468 Swag.print address=00000236D62CB000
PATCH 00000236929DD710 collectRemote address=00000236D627A000
PATCH 000002368BE3A888 __memoryCopyForward address=00000236D6254000
PATCH 00000236929DE780 acquireBlock address=00000236D6293000
PATCH 000002369299BD28 checkAllocated address=00000236D62A6000
PATCH 000002369299B4F0 checkFree address=00000236D62A8000
PATCH 00000236929A18C8 checkPageAddress address=00000236D62AC000
PATCH 00000236929A2100 freeBlock address=00000236D62B2000
PATCH 00000236929A2938 assertIsAllocated address=00000236D62BB000
DEFER 000002368AD07F90 swagLifecycleInitWrapper shard=0 offset=4104 address=0000000000000000
DEFER 00000236929A6AF8 opDrop shard=0 offset=4112 address=0000000000000000
DEFER 000002368B0A78C8 swagLifecycleInitWrapper shard=0 offset=6624 address=0000000000000000
DEFER 000002368B193AA8 swagLifecycleInitWrapper shard=0 offset=7312 address=0000000000000000
DEFER 000002368B192FA8 swagLifecycleInitWrapper shard=0 offset=8408 address=0000000000000000
PATCH 000002368BE1B708 Swag.panic address=00000236D62DA000
DEFER 000002368B196CC0 swagLifecycleInitWrapper shard=0 offset=10152 address=0000000000000000
DEFER 00000236927D1978 swagLifecycleInitWrapper shard=0 offset=10976 address=0000000000000000
PATCH 000002368BE1AED0 __printPanicReport address=00000236D62D8000
DEFER 000002368B03CDC0 swagLifecycleInitWrapper shard=0 offset=12064 address=0000000000000000
DEFER 000002368B1956C0 swagLifecycleInitWrapper shard=0 offset=13264 address=0000000000000000
DEFER 000002368A6D8640 swagLifecycleInitWrapper shard=0 offset=13872 address=0000000000000000
PATCH 000002368BE6EF18 __runtimeAllocator address=00000236D62BD000
PATCH 000002368AEE6F28 __tlsGetValue address=00000236D633E000
PATCH 0000023693E67B68 __hostPageReserve address=00000236D6340000
PATCH 0000023693E21A18 __bootstrapAlloc address=00000236D6343000
PATCH 0000023693E683A0 __hostPageCommit address=00000236D6341000
PATCH 0000023693E22250 __bootstrapFree address=00000236D6348000
PATCH 000002368AD039A8 defaultAllocator address=00000236D6349000
PATCH 0000023693E69410 __hostPageRelease address=00000236D6342000
PATCH 0000023693E59CB8 __hostTlsAlloc address=00000236D633C000
PATCH 000002368B0D93A0 installed address=00000236D634A000
PATCH 000002368B0D8B68 configure address=00000236D634B000
PATCH 000002368AEE7760 __tlsSetValue address=00000236D6347000
PATCH 0000023693E6A3F8 lock address=00000236D634E000
PATCH 000002368AD00020 lockDiagnostic address=00000236D6350000
PATCH 000002368AD00858 unlockDiagnostic address=00000236D6352000
PATCH 000002368B0D8330 setup address=00000236D634C000
PATCH 000002368B0C83A0 usesHeaderPath address=00000236D6354000
PATCH 000002368B0D9BD8 diagnosticMode address=00000236D634D000
PATCH 0000023693E6AC30 unlock address=00000236D6351000
PATCH 000002368AD431D8 atomicAddU64 address=00000236D6357000
PATCH 000002368B0C18C8 userAddress address=00000236D635C000
PATCH 000002368B0DA410 osAlloc address=00000236D635A000
PATCH 000002368B0C3170 setFooterMagic address=00000236D635E000
PATCH 000002368AD429A0 atomicGet address=00000236D6363000
PATCH 000002368AD480D8 isBlockAddress address=00000236D6367000
PATCH 000002368B0C4A18 linkAllocated address=00000236D6361000
PATCH 000002368AD44248 atomicSubU32 address=00000236D6368000
PATCH 000002368AD4B228 unlockRemote address=00000236D6365000
PATCH 000002368B094A18 allocatorSegmentOf address=00000236D636A000
PATCH 000002368AD4E640 segmentBase address=00000236D636B000
PATCH 000002368AD49148 decode address=00000236D6366000
PATCH 000002368AD4A9F0 lockRemote address=00000236D6364000
PATCH 000002368B091090 clearPageBit address=00000236D636F000
PATCH 000002368B0DD560 unlinkHeap address=00000236D6372000
PATCH 0000023693E68BD8 __hostPageDecommit address=00000236D6371000
PATCH 000002368B0D2C08 retireAllocatorThreadHeap address=00000236D6375000
PATCH 000002368B0D3C78 currentAllocatorThreadHeap address=00000236D637B000
PATCH 0000023693E5C5D0 __hostThreadStorageGet address=00000236D6379000
PATCH 000002368AD43A10 atomicSubU64 address=00000236D637D000
PATCH 000002368B0D44B0 setCurrentAllocatorThreadHeap address=00000236D637E000
PATCH 0000023693E5D640 __hostCurrentThreadId address=00000236D637F000
PATCH 000002368B0D3440 allocatorThreadHeapFlsId address=00000236D6378000
PATCH 000002368B0DBCB8 allocateThreadHeap address=00000236D6381000
PATCH 000002368B0D4CE8 currentThreadId address=00000236D6380000
PATCH 000002368B0D6A88 classUnitShift address=00000236D6384000
PATCH 000002368B0DDD98 linkPage address=00000236D6385000
PATCH 000002368B0DC4F0 threadHeap address=00000236D6382000
PATCH 000002368AD478A0 setupBlockDivision address=00000236D6388000
PATCH 000002368AD46568 allocatorNextKey address=00000236D6387000
PATCH 000002368B090020 acquirePage address=00000236D638A000
PATCH 000002368AD47068 setup address=00000236D6389000
PATCH 000002368AD454F8 allocatorOsCommit address=00000236D6386000
PATCH 000002368AD44CC0 osReserve address=00000236D638B000
PATCH 000002368B092100 allocatorAddArena address=00000236D638C000
PATCH 000002368B093170 allocatorAcquireSegment address=00000236D638E000
PATCH 000002368B0DEE08 acquirePageForClass address=00000236D638F000
PATCH 000002368B092938 allocatorCreateSegment address=00000236D638D000
PATCH 000002368B0C0020 acquireBlock address=00000236D6391000
PATCH 000002368B0C8BD8 allocate address=00000236D6392000
PATCH 000002368AD01090 alloc address=00000236D6393000
PATCH 000002368B0DF640 acquireBlockSlow address=00000236D6390000
PATCH 000002368B0C5250 unlinkAllocated address=00000236D6397000
PATCH 000002368B0941E0 allocatorPageOf address=00000236D6394000
PATCH 000002368B0C5A88 quarantine address=00000236D6399000
PATCH 000002368B0C6AF8 cacheFreedBlock address=00000236D639A000
PATCH 0000023693E5CE08 __hostThreadStorageSet address=00000236D637C000
PATCH 000002368AD48910 encode address=00000236D639D000
PATCH 000002368B0DE5D0 unlinkPage address=00000236D639E000
PATCH 000002368B0C0858 retirePage address=00000236D63A0000
PATCH 000002368B0C7B68 freeHeaderBlock address=00000236D639B000
PATCH 000002368AD018C8 realloc address=00000236D63A4000
PATCH 000002368AD4DB40 releaseBlock address=00000236D639F000
PATCH 000002368AD02100 free address=00000236D63A5000
PATCH 000002368AD4C298 pushRemote address=00000236D63A1000
PATCH 000002368B0939A8 allocatorReleaseSegment address=00000236D63A7000
PATCH 000002368B0C9410 reallocate address=00000236D63A3000
PATCH 000002368B0CCD98 releaseAll address=00000236D63A8000
PATCH 000002368AD4D308 holdsFreeBlock address=00000236D63AA000
PATCH 000002368AD03170 assertAllocated address=00000236D63AC000
PATCH 000002368AEE7F98 __tlsGetPtr address=00000236D63AE000
PATCH 000002368AEC16D8 __concreteAlias address=00000236D63AF000
PATCH 000002368AEB8A18 Swag.stringCmp address=00000236D63B1000
PATCH 000002368AEC2F80 Swag.typeCmp address=00000236D63B2000
PATCH 000002368AEC2748 Swag.typeAs address=00000236D63B3000
PATCH 000002368AECD1E0 Swag.memcmp address=00000236D63B0000
PATCH 000002368AEB58C8 __utoa address=00000236D63B5000
PATCH 0000023693E4DE08 __printString address=00000236D63B4000
PATCH 000002368AEB6938 __printU64 address=00000236D63B6000
PATCH 000002368AEB5090 __itoa address=00000236D63B7000
PATCH 000002368AEB7170 __printS64 address=00000236D63B8000
PATCH 000002368B0918C8 isEmpty address=00000236D63A6000
PATCH 000002368AEB6100 __ftoa address=00000236D63B9000
PATCH 000002368AEB79A8 __printF64 address=00000236D63BA000
PATCH 000002368DEA54A0 __hostImageBaseForAddress address=00000236D63BC000
PATCH 000002368DEA5CD8 __peU16 address=00000236D63BF000
PATCH 000002368AD02938 freeAll address=00000236D63A9000
PATCH 000002368DEA7DB8 __hostReleaseDecodedDebugSection address=00000236D63BD000
PATCH 000002368DEA7580 __hostDecodeDebugSection address=00000236D63C1000
PATCH 000002368DEA6D48 __hostDebugSection address=00000236D63C0000
PATCH 000002368B0C2938 footerMagic address=00000236D6395000
PATCH 000002368B096738 __dbgFindSection address=00000236D63C3000
PATCH 000002368B095F00 __dbgU32 address=00000236D63C2000
PATCH 000002368B097FE0 __hasStackTraceSymbols address=00000236D63C6000
PATCH 000002368DEA6510 __peU32 address=00000236D63BE000
PATCH 000002368B0977A8 __symbolize address=00000236D63C5000
PATCH 000002368DEA0020 __exitError address=00000236D63C9000
PATCH 000002368AEE66F0 __tlsAlloc address=00000236D63CB000
PATCH 000002368DEAADB0 __run_expr_3 address=00000236D63CD000
PATCH 000002368B098818 __logStackTrace address=00000236D63C7000
PATCH 000002368AEC5AE8 Swag.jit address=00000236D63CC000
PATCH 000002368B096F70 __dbgStr address=00000236D63C4000
PATCH 000002368AE85A08 swagLifecycleInitWrapper address=00000236D63CE000
PATCH 0000023693E5A4F0 __hostTlsGet address=00000236D633D000
PATCH 0000023693E211E0 __bootstrapRoundedSize address=00000236D633F000
PATCH 0000023693E5BD98 __hostThreadStorageFree address=00000236D6377000
PATCH 000002368AECC170 Swag.memcpy address=00000236D6345000
PATCH 0000023693E5AD28 __hostTlsSet address=00000236D6346000
PATCH 000002368AECA8C8 __memoryCopyForward address=00000236D6344000
PATCH 0000023693E4E640 __raiseException666 address=00000236D634F000
PATCH 000002368B0D6250 sizeClass address=00000236D6353000
PATCH 000002368AD4EE78 pageCommitStart address=00000236D636C000
PATCH 000002368B0C7330 allocateHeaderBlock address=00000236D6362000
PATCH 000002368B0D72C0 memAlign address=00000236D6355000
PATCH 000002368B0DAC48 osAllocGuarded address=00000236D6358000
PATCH 000002368B0D5A18 classSize address=00000236D6356000
PATCH 000002368B0C62C0 popCachedBlock address=00000236D6359000
PATCH 000002368B0C1090 headerOf address=00000236D635B000
PATCH 000002368B0C2100 footer address=00000236D635D000
PATCH 000002368AECB938 Swag.memset address=00000236D635F000
PATCH 000002368DEA4C68 __captureStack address=00000236D6360000
PATCH 000002368B0DB480 osFree address=00000236D6373000
PATCH 000002368AD4BA60 collectRemote address=00000236D6369000
PATCH 000002368AD4F6B0 pageCommitEnd address=00000236D636E000
PATCH 000002368AD45D30 allocatorOsDecommit address=00000236D636D000
PATCH 000002368B090858 releasePage address=00000236D6370000
PATCH 0000023693E5B560 __hostThreadStorageAlloc address=00000236D6376000
PATCH 0000023693E2B858 Swag.safetyPanic address=00000236D637A000
PATCH 000002368B0DCD28 retireThreadHeap address=00000236D6374000
PATCH 000002368AD4CAD0 acquireBlock address=00000236D6383000
PATCH 000002368B0C41E0 checkAllocated address=00000236D6396000
PATCH 000002368B0C39A8 checkFree address=00000236D6398000
PATCH 000002368B0C9C48 checkPageAddress address=00000236D639C000
PATCH 000002368B0CA480 freeBlock address=00000236D63A2000
PATCH 000002368B0CACB8 assertIsAllocated address=00000236D63AB000
DEFER 0000023693F6F4C8 swagLifecycleInitWrapper shard=0 offset=4136 address=0000000000000000
DEFER 000002368B0CEE78 opDrop shard=0 offset=4144 address=0000000000000000
DEFER 000002368AE88A30 swagLifecycleInitWrapper shard=0 offset=6656 address=0000000000000000
DEFER 0000023693F122E8 swagLifecycleInitWrapper shard=0 offset=7344 address=0000000000000000
DEFER 0000023693F117E8 swagLifecycleInitWrapper shard=0 offset=8440 address=0000000000000000
DEFER 000002368AD78250 swagLifecycleInitWrapper shard=0 offset=10184 address=0000000000000000
DEFER 000002368B7E71C8 swagLifecycleInitWrapper shard=0 offset=11008 address=0000000000000000
PATCH 0000023693E2B020 Swag.panic address=00000236D63CA000
PATCH 0000023693E2A7E8 __printPanicReport address=00000236D63C8000
DEFER 000002368B7E6278 swagLifecycleInitWrapper shard=0 offset=12096 address=0000000000000000
DEFER 0000023693EBEE18 swagLifecycleInitWrapper shard=0 offset=13296 address=0000000000000000
DEFER 000002368B784740 swagLifecycleInitWrapper shard=0 offset=13904 address=0000000000000000
PATCH 000002368AEB81E0 Swag.print address=00000236D63BB000
PATCH 000002368AEC6320 __runtimeAllocator address=00000236D63AD000
[91mfatal error: unhandled host hardware exception[0m
host:
---------------------------------
host:                   os = windows, cpu = x64, exception backend = windows seh
process id:             26536
thread id:              20896

code:                   0xC0000005 (EXCEPTION_ACCESS_VIOLATION)
address:                0x00007FF753F72880 (C:\Perso\swag-lang\swc-artifact-latency\bin\swc.dm.exe + 0x832880)
module path:            C:\Perso\swag-lang\swc-artifact-latency\bin\swc.dm.exe
memory:                 state=COMMIT, type=IMAGE, protect=EXECUTE_READ
parameters:             2
access:                 read at 0x0000000000000010
memory:                 state=FREE, type=UNKNOWN, protect=NOACCESS

cpu context:
---------------------------------
rip=0x00007FF753F72880 rsp=0x000000B9091F7590 rbp=0x000000B9091F76D0
rax=0x0000000000000000 rbx=0x0000023685D043C8 rcx=0x000000B9091F8148 rdx=0x000000B9091F8148
rsi=0x00000236894A3070 rdi=0x000000B9091F8148 r8=0x0000000000000000 r9=0x000002368031E7B8
r10=0x0000023680354EA0 r11=0x000000B9091F7F70 r12=0x000000000000000E r13=0x0000000000000070
r14=0x00000236894A3070 r15=0x0000000000003FFF eflags=0x00010246

stack trace:
---------------------------------
[00] 0x00007FF753F72880  C:\Perso\swag-lang\swc-artifact-latency\bin\swc.dm.exe + 0x832880
    symbol:                 <unresolved>
[01] 0x00007FF753EB2D88  C:\Perso\swag-lang\swc-artifact-latency\bin\swc.dm.exe + 0x772D88
    symbol:                 <unresolved>
[02] 0x00007FF753F2E0CD  C:\Perso\swag-lang\swc-artifact-latency\bin\swc.dm.exe + 0x7EE0CD
    symbol:                 <unresolved>
[03] 0x00007FF753EB06E3  C:\Perso\swag-lang\swc-artifact-latency\bin\swc.dm.exe + 0x7706E3
    symbol:                 <unresolved>
[04] 0x00007FF7538B2652  C:\Perso\swag-lang\swc-artifact-latency\bin\swc.dm.exe + 0x172652
    symbol:                 <unresolved>
[05] 0x00007FF7538CF955  C:\Perso\swag-lang\swc-artifact-latency\bin\swc.dm.exe + 0x18F955
    symbol:                 <unresolved>
[06] 0x00007FF753CC3179  C:\Perso\swag-lang\swc-artifact-latency\bin\swc.dm.exe + 0x583179
    symbol:                 <unresolved>
[07] 0x00007FF754045EBC  C:\Perso\swag-lang\swc-artifact-latency\bin\swc.dm.exe + 0x905EBC
    symbol:                 <unresolved>
[08] 0x00007FFED60BCD87  C:\WINDOWS\System32\KERNEL32.DLL + 0x2CD87
    symbol:                 BaseThreadInitThunk + 0x17
[09] 0x00007FFED6ECCAEC  C:\WINDOWS\SYSTEM32\ntdll.dll + 0xACAEC
    symbol:                 RtlUserThreadStart + 0x2C

Exit code: 3221225477
