bin/swc.dm.exe run -w bin/unittests/workspace -m consumer_exe -bc devmode --rebuild --num-cores 6 --log-ascii



Status                    : ready
AverageCpuPercent         : 61
MaximumCpuPercent         : 65
AvailablePhysicalGiB      : 16,2
RequiredPhysicalGiB       : 8
CommitHeadroomGiB         : 11,4
RequiredCommitHeadroomGiB : 8




  >  swag        run * workspace [consumer_exe] * devmode
PATCH 0000019A842166F0 __tlsGetValue address=0000019AC80C0000
PATCH 0000019A843C41E0 __hostPageReserve address=0000019AC80BE000
PATCH 0000019A84216F28 __tlsSetValue address=0000019AC80C7000
PATCH 0000019A843C5A88 __hostPageRelease address=0000019AC80C2000
PATCH 0000019A851639A8 defaultAllocator address=0000019AC80C9000
PATCH 0000019A843C4A18 __hostPageCommit address=0000019AC80C1000
PATCH 0000019A851393A0 installed address=0000019AC80CA000
PATCH 0000019A843A1A18 __bootstrapAlloc address=0000019AC80C3000
PATCH 0000019A85138B68 configure address=0000019AC80CB000
PATCH 0000019A843B6330 __hostTlsAlloc address=0000019AC80BC000
PATCH 0000019A85138330 setup address=0000019AC80CD000
PATCH 0000019A843C6A70 lock address=0000019AC80CE000
PATCH 0000019A85139BD8 diagnosticMode address=0000019AC80CF000
PATCH 0000019A843A2250 __bootstrapFree address=0000019AC80C8000
PATCH 0000019A843C72A8 unlock address=0000019AC80D1000
PATCH 0000019A85160020 lockDiagnostic address=0000019AC80D0000
PATCH 0000019A85160858 unlockDiagnostic address=0000019AC80D2000
PATCH 0000019A851083A0 usesHeaderPath address=0000019AC80D4000
PATCH 0000019A81EE31D8 atomicAddU64 address=0000019AC80D7000
PATCH 0000019A8513A410 osAlloc address=0000019AC80DA000
PATCH 0000019A851018C8 userAddress address=0000019AC80DC000
PATCH 0000019A85104A18 linkAllocated address=0000019AC80DF000
PATCH 0000019A81EE29A0 atomicGet address=0000019AC80E1000
PATCH 0000019A81EEA7B0 lockRemote address=0000019AC80E2000
PATCH 0000019A81EEAFE8 unlockRemote address=0000019AC80E3000
PATCH 0000019A81EE7E98 isBlockAddress address=0000019AC80E5000
PATCH 0000019A81EE8F08 decode address=0000019AC80E4000
PATCH 0000019A81EE4248 atomicSubU32 address=0000019AC80E6000
PATCH 0000019A81EEE400 segmentBase address=0000019AC80E9000
PATCH 0000019A81ED4A18 allocatorSegmentOf address=0000019AC80E8000
PATCH 0000019A843C5250 __hostPageDecommit address=0000019AC80EC000
PATCH 0000019A85103170 setFooterMagic address=0000019AC80EE000
PATCH 0000019A81EE5AF0 allocatorOsDecommit address=0000019AC80F4000
PATCH 0000019A81EE3A10 atomicSubU64 address=0000019AC80EF000
PATCH 0000019A8513D560 unlinkHeap address=0000019AC80F2000
PATCH 0000019A85132C08 retireAllocatorThreadHeap address=0000019AC80F6000
PATCH 0000019A85133440 allocatorThreadHeapFlsId address=0000019AC80F9000
PATCH 0000019A85133C78 currentAllocatorThreadHeap address=0000019AC80FB000
PATCH 0000019A8513B480 osFree address=0000019AC80F3000
PATCH 0000019A81ED1090 clearPageBit address=0000019AC80F1000
PATCH 0000019A8513BCB8 allocateThreadHeap address=0000019AC8100000
PATCH 0000019A8513C4F0 threadHeap address=0000019AC8101000
PATCH 0000019A85134CE8 currentThreadId address=0000019AC80FD000
PATCH 0000019A81EE52B8 allocatorOsCommit address=0000019AC8105000
PATCH 0000019A843B9CB8 __hostCurrentThreadId address=0000019AC80FF000
PATCH 0000019A81EE6328 allocatorNextKey address=0000019AC8106000
PATCH 0000019A851344B0 setCurrentAllocatorThreadHeap address=0000019AC80FE000
PATCH 0000019A85136A88 classUnitShift address=0000019AC8103000
PATCH 0000019A81EE4A80 osReserve address=0000019AC810A000
PATCH 0000019A81ED3170 allocatorAcquireSegment address=0000019AC810D000
PATCH 0000019A85161090 alloc address=0000019AC810F000
PATCH 0000019A85102938 footerMagic address=0000019AC8111000
PATCH 0000019A85105250 unlinkAllocated address=0000019AC8113000
PATCH 0000019A85105A88 quarantine address=0000019AC8116000
PATCH 0000019A85106AF8 cacheFreedBlock address=0000019AC8117000
PATCH 0000019A81EE86D0 encode address=0000019AC811A000
PATCH 0000019A85107B68 freeHeaderBlock address=0000019AC8118000
PATCH 0000019A81EED900 releaseBlock address=0000019AC811B000
PATCH 0000019A81EEC058 pushRemote address=0000019AC8120000
PATCH 0000019A85100020 acquireBlock address=0000019AC811E000
PATCH 0000019A85100858 retirePage address=0000019AC811F000
PATCH 0000019A85109410 reallocate address=0000019AC8122000
PATCH 0000019A85162100 free address=0000019AC8124000
PATCH 0000019A8513E5D0 unlinkPage address=0000019AC811C000
PATCH 0000019A8513EE08 acquirePageForClass address=0000019AC8125000
PATCH 0000019A81ED39A8 allocatorReleaseSegment address=0000019AC8127000
PATCH 0000019A8510CD98 releaseAll address=0000019AC8128000
PATCH 0000019A85162938 freeAll address=0000019AC8129000
PATCH 0000019A81ED18C8 isEmpty address=0000019AC8126000
PATCH 0000019A85163170 assertAllocated address=0000019AC812C000
PATCH 0000019A84217760 __tlsGetPtr address=0000019AC812E000
PATCH 0000019A81EED0C8 holdsFreeBlock address=0000019AC812A000
PATCH 0000019A8514E648 Swag.stringCmp address=0000019AC8131000
PATCH 0000019A8514A270 Swag.memcmp address=0000019AC8130000
PATCH 0000019A843A4760 Swag.typeAs address=0000019AC8133000
PATCH 0000019A843A4F98 Swag.typeCmp address=0000019AC8132000
PATCH 0000019A8514B4F8 __utoa address=0000019AC8135000
PATCH 0000019A8514C568 __printU64 address=0000019AC8136000
PATCH 0000019A8438A480 __printString address=0000019AC8134000
PATCH 0000019A8514ACC0 __itoa address=0000019AC8137000
PATCH 0000019A8514D5D8 __printF64 address=0000019AC813A000
PATCH 0000019A8514BD30 __ftoa address=0000019AC8139000
PATCH 0000019A843A36F0 __concreteAlias address=0000019AC812F000
PATCH 0000019A8514CDA0 __printS64 address=0000019AC8138000
PATCH 0000019A84212100 __hostImageBaseForAddress address=0000019AC813C000
PATCH 0000019A84213170 __peU32 address=0000019AC813E000
PATCH 0000019A84212938 __peU16 address=0000019AC813F000
PATCH 0000019A851618C8 realloc address=0000019AC8123000
PATCH 0000019A81EA40E8 __dbgU32 address=0000019AC8142000
PATCH 0000019A81EA4920 __dbgFindSection address=0000019AC8143000
PATCH 0000019A842141E0 __hostDecodeDebugSection address=0000019AC8141000
PATCH 0000019A81EA5158 __dbgStr address=0000019AC8144000
PATCH 0000019A81EA61C8 __hasStackTraceSymbols address=0000019AC8146000
PATCH 0000019A81EA5990 __symbolize address=0000019AC8145000
PATCH 0000019A842139A8 __hostDebugSection address=0000019AC8140000
PATCH 0000019A81EA6A00 __logStackTrace address=0000019AC8147000
PATCH 0000019A843A7B00 Swag.jit address=0000019AC814C000
PATCH 0000019A8438C560 __exitError address=0000019AC8149000
PATCH 0000019A85573348 __run_expr_1 address=0000019AC814D000
PATCH 0000019A88114C50 swagLifecycleInitWrapper address=0000019AC814E000
PATCH 0000019A84214A18 __hostReleaseDecodedDebugSection address=0000019AC813D000
PATCH 0000019A84215EB8 __tlsAlloc address=0000019AC814B000
PATCH 0000019A843B6B68 __hostTlsGet address=0000019AC80BF000
PATCH 0000019A843A11E0 __bootstrapRoundedSize address=0000019AC80BD000
PATCH 0000019A85147718 __memoryCopyForward address=0000019AC80C4000
PATCH 0000019A85149200 Swag.memcpy address=0000019AC80C5000
PATCH 0000019A843B73A0 __hostTlsSet address=0000019AC80C6000
PATCH 0000019A8438ACB8 __raiseException666 address=0000019AC80CC000
PATCH 0000019A85136250 sizeClass address=0000019AC80D3000
PATCH 0000019A851372C0 memAlign address=0000019AC80D5000
PATCH 0000019A85135A18 classSize address=0000019AC80D6000
PATCH 0000019A8513AC48 osAllocGuarded address=0000019AC80D8000
PATCH 0000019A851062C0 popCachedBlock address=0000019AC80D9000
PATCH 0000019A843B7BD8 __hostThreadStorageAlloc address=0000019AC80F7000
PATCH 0000019A85101090 headerOf address=0000019AC80DB000
PATCH 0000019A85102100 footer address=0000019AC80ED000
PATCH 0000019A851489C8 Swag.memset address=0000019AC80DD000
PATCH 0000019A842118C8 __captureStack address=0000019AC80DE000
PATCH 0000019A81EEB820 collectRemote address=0000019AC80E7000
PATCH 0000019A85107330 allocateHeaderBlock address=0000019AC80E0000
PATCH 0000019A81EEEC38 pageCommitStart address=0000019AC80EA000
PATCH 0000019A81EEF470 pageCommitEnd address=0000019AC80EB000
PATCH 0000019A8513CD28 retireThreadHeap address=0000019AC80F5000
PATCH 0000019A81ED0858 releasePage address=0000019AC80F0000
PATCH 0000019A843B8410 __hostThreadStorageFree address=0000019AC80F8000
PATCH 0000019A843B8C48 __hostThreadStorageGet address=0000019AC80FA000
PATCH 0000019A843B9480 __hostThreadStorageSet address=0000019AC80FC000
PATCH 0000019A81EEC890 acquireBlock address=0000019AC8102000
PATCH 0000019A8513DD98 linkPage address=0000019AC8104000
PATCH 0000019A81EE7660 setupBlockDivision address=0000019AC8107000
PATCH 0000019A81ED0020 acquirePage address=0000019AC8109000
PATCH 0000019A81EE6E28 setup address=0000019AC8108000
PATCH 0000019A81ED2100 allocatorAddArena address=0000019AC810B000
PATCH 0000019A8513F640 acquireBlockSlow address=0000019AC811D000
PATCH 0000019A81ED2938 allocatorCreateSegment address=0000019AC810C000
PATCH 0000019A85108BD8 allocate address=0000019AC810E000
PATCH 0000019A81ED41E0 allocatorPageOf address=0000019AC8110000
PATCH 0000019A85145A88 Swag.safetyPanic address=0000019AC8114000
PATCH 0000019A851041E0 checkAllocated address=0000019AC8112000
PATCH 0000019A851039A8 checkFree address=0000019AC8115000
PATCH 0000019A85109C48 checkPageAddress address=0000019AC8119000
PATCH 0000019A8510A480 freeBlock address=0000019AC8121000
DEFER 0000019A86023990 swagLifecycleInitWrapper shard=0 offset=4760 address=0000000000000000
PATCH 0000019A8510ACB8 assertIsAllocated address=0000019AC812B000
DEFER 0000019A8510EE78 opDrop shard=0 offset=4768 address=0000000000000000
DEFER 0000019A88339148 swagLifecycleInitWrapper shard=0 offset=7296 address=0000000000000000
DEFER 0000019A8550ECF8 swagLifecycleInitWrapper shard=0 offset=7984 address=0000000000000000
DEFER 0000019A88335388 swagLifecycleInitWrapper shard=0 offset=9080 address=0000000000000000
DEFER 0000019A81EFC340 swagLifecycleInitWrapper shard=0 offset=10824 address=0000000000000000
DEFER 0000019A8421B8B8 swagLifecycleInitWrapper shard=0 offset=11648 address=0000000000000000
DEFER 0000019A85572100 swagLifecycleInitWrapper shard=0 offset=12736 address=0000000000000000
DEFER 0000019A8607C338 swagLifecycleInitWrapper shard=0 offset=13936 address=0000000000000000
DEFER 0000019A86030020 swagLifecycleInitWrapper shard=0 offset=14544 address=0000000000000000
PATCH 0000019A843A8338 __runtimeAllocator address=0000019AC812D000
PATCH 0000019A8514DE10 Swag.print address=0000019AC813B000
PATCH 0000019A85144A18 __printPanicReport address=0000019AC8148000
PATCH 0000019A85145250 Swag.panic address=0000019AC814A000
PATCH 0000019A81EDE510 release address=0000019AC8152000
PATCH 0000019A84389C48 __hostHasAvx2 address=0000019AC814F000
PATCH 0000019A81EDD4A0 freeMem address=0000019AC8151000
PATCH 0000019A843A9BE0 __checkCpuBaseline address=0000019AC8150000
PATCH 0000019A81EDF580 setCapacity address=0000019AC8157000
DEFER 0000019A86023990 swagLifecycleInitWrapper shard=0 offset=4760 address=0000000000000000
PATCH 0000019A843A93A8 __resetRuntimeContext address=0000019AC8154000
PATCH 0000019A81EDED48 releaseAll address=0000019AC8153000
DEFER 0000019A8510EE78 opDrop shard=0 offset=4768 address=0000000000000000
PATCH 0000019A84389410 __osCommandLine address=0000019AC8155000
DEFER 0000019A88339148 swagLifecycleInitWrapper shard=0 offset=7296 address=0000000000000000
PATCH 0000019A843AA418 __setupRuntime address=0000019AC8158000
DEFER 0000019A8550ECF8 swagLifecycleInitWrapper shard=0 offset=7984 address=0000000000000000
DEFER 0000019A88335388 swagLifecycleInitWrapper shard=0 offset=9080 address=0000000000000000
DEFER 0000019A81EFC340 swagLifecycleInitWrapper shard=0 offset=10824 address=0000000000000000
DEFER 0000019A8421B8B8 swagLifecycleInitWrapper shard=0 offset=11648 address=0000000000000000
DEFER 0000019A85572100 swagLifecycleInitWrapper shard=0 offset=12736 address=0000000000000000
DEFER 0000019A8607C338 swagLifecycleInitWrapper shard=0 offset=13936 address=0000000000000000
DEFER 0000019A86030020 swagLifecycleInitWrapper shard=0 offset=14544 address=0000000000000000
PATCH 0000019A85164A18 installAllocator address=0000019AC8156000
PATCH 0000019A843A0238 __run_0 address=0000019AC8159000
PATCH 0000019A8516B4F0 __tlsGetValue address=0000019AC81AA000
PATCH 0000019A81457330 __hostPageReserve address=0000019AC81AC000
PATCH 0000019A81457B68 __hostPageCommit address=0000019AC81AD000
PATCH 0000019A81409480 __hostTlsAlloc address=0000019AC81A8000
PATCH 0000019A81458BD8 __hostPageRelease address=0000019AC81AE000
PATCH 0000019A81430FC8 __bootstrapAlloc address=0000019AC81AF000
PATCH 0000019A8516BD28 __tlsSetValue address=0000019AC81B3000
PATCH 0000019A81431800 __bootstrapFree address=0000019AC81B4000
PATCH 0000019A893839A8 defaultAllocator address=0000019AC81B5000
PATCH 0000019A893E8B68 configure address=0000019AC81B7000
PATCH 0000019A893E8330 setup address=0000019AC81B8000
PATCH 0000019A893E9BD8 diagnosticMode address=0000019AC81BA000
PATCH 0000019A81459BC0 lock address=0000019AC81BB000
PATCH 0000019A89380020 lockDiagnostic address=0000019AC81BC000
PATCH 0000019A89380858 unlockDiagnostic address=0000019AC81BE000
PATCH 0000019A8145A3F8 unlock address=0000019AC81BD000
PATCH 0000019A893F83A0 usesHeaderPath address=0000019AC81C0000
PATCH 0000019A893E93A0 installed address=0000019AC81B6000
PATCH 0000019A843831D8 atomicAddU64 address=0000019AC81C3000
PATCH 0000019A893EA410 osAlloc address=0000019AC81C6000
PATCH 0000019A893F18C8 userAddress address=0000019AC81C8000
PATCH 0000019A893F3170 setFooterMagic address=0000019AC81CA000
PATCH 0000019A893F2100 footer address=0000019AC81C9000
PATCH 0000019A893F4A18 linkAllocated address=0000019AC81CD000
PATCH 0000019A843829A0 atomicGet address=0000019AC81CF000
PATCH 0000019A8438A7B0 lockRemote address=0000019AC81D0000
PATCH 0000019A8438AFE8 unlockRemote address=0000019AC81D1000
PATCH 0000019A84388F08 decode address=0000019AC81D2000
PATCH 0000019A84387E98 isBlockAddress address=0000019AC81D3000
PATCH 0000019A84384248 atomicSubU32 address=0000019AC81D4000
PATCH 0000019A843F4A18 allocatorSegmentOf address=0000019AC81D6000
PATCH 0000019A8438E400 segmentBase address=0000019AC81D7000
PATCH 0000019A84383A10 atomicSubU64 address=0000019AC81DA000
PATCH 0000019A814583A0 __hostPageDecommit address=0000019AC81D9000
PATCH 0000019A84385AF0 allocatorOsDecommit address=0000019AC81DC000
PATCH 0000019A843F1090 clearPageBit address=0000019AC81DD000
PATCH 0000019A893ED560 unlinkHeap address=0000019AC81DF000
PATCH 0000019A893EB480 osFree address=0000019AC81E0000
PATCH 0000019A893E2C08 retireAllocatorThreadHeap address=0000019AC81E2000
PATCH 0000019A893E3440 allocatorThreadHeapFlsId address=0000019AC81E5000
PATCH 0000019A893E3C78 currentAllocatorThreadHeap address=0000019AC81E7000
PATCH 0000019A893E4CE8 currentThreadId address=0000019AC81EB000
PATCH 0000019A8140CE08 __hostCurrentThreadId address=0000019AC81EA000
PATCH 0000019A893EBCB8 allocateThreadHeap address=0000019AC81EC000
PATCH 0000019A893E44B0 setCurrentAllocatorThreadHeap address=0000019AC81E9000
PATCH 0000019A893EC4F0 threadHeap address=0000019AC81ED000
PATCH 0000019A893E6A88 classUnitShift address=0000019AC81EF000
PATCH 0000019A843852B8 allocatorOsCommit address=0000019AC81F1000
PATCH 0000019A84386328 allocatorNextKey address=0000019AC81F2000
PATCH 0000019A84384A80 osReserve address=0000019AC81F6000
PATCH 0000019A843F3170 allocatorAcquireSegment address=0000019AC81F9000
PATCH 0000019A89381090 alloc address=0000019AC81FE000
PATCH 0000019A893F2938 footerMagic address=0000019AC8200000
PATCH 0000019A893F5250 unlinkAllocated address=0000019AC8203000
PATCH 0000019A893F7B68 freeHeaderBlock address=0000019AC8206000
PATCH 0000019A843886D0 encode address=0000019AC8208000
PATCH 0000019A8438C058 pushRemote address=0000019AC820C000
PATCH 0000019A893818C8 realloc address=0000019AC820F000
PATCH 0000019A843F18C8 isEmpty address=0000019AC8211000
PATCH 0000019A89382100 free address=0000019AC8210000
PATCH 0000019A843F39A8 allocatorReleaseSegment address=0000019AC8212000
PATCH 0000019A89382938 freeAll address=0000019AC8214000
PATCH 0000019A8438D0C8 holdsFreeBlock address=0000019AC8215000
PATCH 0000019A89383170 assertAllocated address=0000019AC8217000
PATCH 0000019A8516C560 __tlsGetPtr address=0000019AC821A000
PATCH 0000019A85118D08 __concreteAlias address=0000019AC821B000
PATCH 0000019A8511A5B0 Swag.typeCmp address=0000019AC821E000
PATCH 0000019A851591D8 Swag.stringCmp address=0000019AC821D000
PATCH 0000019A8147D5D0 __printString address=0000019AC8220000
PATCH 0000019A85156088 __utoa address=0000019AC8221000
PATCH 0000019A85154E00 Swag.memcmp address=0000019AC821C000
PATCH 0000019A851570F8 __printU64 address=0000019AC8222000
PATCH 0000019A85119D78 Swag.typeAs address=0000019AC821F000
PATCH 0000019A85155850 __itoa address=0000019AC8223000
PATCH 0000019A851568C0 __ftoa address=0000019AC8225000
PATCH 0000019A85157930 __printS64 address=0000019AC8224000
PATCH 0000019A85158168 __printF64 address=0000019AC8226000
PATCH 0000019A81415C20 __peU32 address=0000019AC8229000
PATCH 0000019A81414BB0 __hostImageBaseForAddress address=0000019AC8228000
PATCH 0000019A814153E8 __peU16 address=0000019AC822B000
PATCH 0000019A814174C8 __hostReleaseDecodedDebugSection address=0000019AC822A000
PATCH 0000019A81416458 __hostDebugSection address=0000019AC822C000
PATCH 0000019A85162578 __dbgU32 address=0000019AC822E000
PATCH 0000019A85162DB0 __dbgFindSection address=0000019AC822F000
PATCH 0000019A81416C90 __hostDecodeDebugSection address=0000019AC822D000
PATCH 0000019A851635E8 __dbgStr address=0000019AC8230000
PATCH 0000019A85163E20 __symbolize address=0000019AC8231000
PATCH 0000019A85164658 __hasStackTraceSymbols address=0000019AC8232000
PATCH 0000019A8147F6B0 __exitError address=0000019AC8234000
PATCH 0000019A85164E90 __logStackTrace address=0000019AC8233000
PATCH 0000019A8516ACB8 __tlsAlloc address=0000019AC8237000
PATCH 0000019A8511D118 Swag.jit address=0000019AC8238000
PATCH 0000019A85518080 swagLifecycleInitWrapper address=0000019AC823A000
PATCH 0000019A8141C7F0 __run_expr_1 address=0000019AC8239000
PATCH 0000019A81439D98 __printPanicReport address=0000019AC8235000
PATCH 0000019A81409CB8 __hostTlsGet address=0000019AC81A9000
PATCH 0000019A81430790 __bootstrapRoundedSize address=0000019AC81AB000
PATCH 0000019A851524E8 __memoryCopyForward address=0000019AC81B0000
PATCH 0000019A85153D90 Swag.memcpy address=0000019AC81B1000
PATCH 0000019A8140A4F0 __hostTlsSet address=0000019AC81B2000
PATCH 0000019A8438EC38 pageCommitStart address=0000019AC81D8000
PATCH 0000019A8147DE08 __raiseException666 address=0000019AC81B9000
PATCH 0000019A893E72C0 memAlign address=0000019AC81C1000
PATCH 0000019A893E6250 sizeClass address=0000019AC81BF000
PATCH 0000019A893E5A18 classSize address=0000019AC81C2000
PATCH 0000019A893EAC48 osAllocGuarded address=0000019AC81C4000
PATCH 0000019A893F62C0 popCachedBlock address=0000019AC81C5000
PATCH 0000019A893F1090 headerOf address=0000019AC81C7000
PATCH 0000019A85153558 Swag.memset address=0000019AC81CB000
PATCH 0000019A81414378 __captureStack address=0000019AC81CC000
PATCH 0000019A8438B820 collectRemote address=0000019AC81D5000
PATCH 0000019A893F7330 allocateHeaderBlock address=0000019AC81CE000
PATCH 0000019A8438F470 pageCommitEnd address=0000019AC81DB000
PATCH 0000019A843F0858 releasePage address=0000019AC81DE000
PATCH 0000019A893ECD28 retireThreadHeap address=0000019AC81E1000
PATCH 0000019A8140AD28 __hostThreadStorageAlloc address=0000019AC81E3000
PATCH 0000019A8140B560 __hostThreadStorageFree address=0000019AC81E4000
PATCH 0000019A8140BD98 __hostThreadStorageGet address=0000019AC81E6000
PATCH 0000019A8140C5D0 __hostThreadStorageSet address=0000019AC81E8000
PATCH 0000019A893F41E0 checkAllocated address=0000019AC8201000
PATCH 0000019A8438C890 acquireBlock address=0000019AC81EE000
PATCH 0000019A893EDD98 linkPage address=0000019AC81F0000
PATCH 0000019A84387660 setupBlockDivision address=0000019AC81F3000
PATCH 0000019A843F0020 acquirePage address=0000019AC81F5000
PATCH 0000019A84386E28 setup address=0000019AC81F4000
PATCH 0000019A843F2100 allocatorAddArena address=0000019AC81F7000
PATCH 0000019A843F2938 allocatorCreateSegment address=0000019AC81F8000
PATCH 0000019A893EEE08 acquirePageForClass address=0000019AC81FA000
PATCH 0000019A893EF640 acquireBlockSlow address=0000019AC81FB000
PATCH 0000019A893F0020 acquireBlock address=0000019AC81FC000
PATCH 0000019A893F8BD8 allocate address=0000019AC81FD000
PATCH 0000019A843F41E0 allocatorPageOf address=0000019AC81FF000
PATCH 0000019A893F39A8 checkFree address=0000019AC8202000
PATCH 0000019A893F5A88 quarantine address=0000019AC8204000
PATCH 0000019A893F6AF8 cacheFreedBlock address=0000019AC8205000
PATCH 0000019A893F9C48 checkPageAddress address=0000019AC8207000
PATCH 0000019A8438D900 releaseBlock address=0000019AC8209000
PATCH 0000019A893EE5D0 unlinkPage address=0000019AC820A000
PATCH 0000019A893F0858 retirePage address=0000019AC820B000
PATCH 0000019A893FA480 freeBlock address=0000019AC820D000
PATCH 0000019A893F9410 reallocate address=0000019AC820E000
PATCH 0000019A893FCD98 releaseAll address=0000019AC8213000
PATCH 0000019A893FACB8 assertIsAllocated address=0000019AC8216000
DEFER 0000019A85521650 swagLifecycleInitWrapper shard=0 offset=4760 address=0000000000000000
PATCH 0000019A8143AE08 Swag.safetyPanic address=0000019AC8219000
DEFER 0000019A893FEE78 opDrop shard=0 offset=4768 address=0000000000000000
DEFER 0000019A843DF478 swagLifecycleInitWrapper shard=0 offset=7280 address=0000000000000000
DEFER 0000019A89980020 swagLifecycleInitWrapper shard=0 offset=7968 address=0000000000000000
DEFER 0000019A896002E8 swagLifecycleInitWrapper shard=0 offset=9064 address=0000000000000000
DEFER 0000019A8141ADC0 swagLifecycleInitWrapper shard=0 offset=10808 address=0000000000000000
DEFER 0000019A8604BC80 swagLifecycleInitWrapper shard=0 offset=11632 address=0000000000000000
DEFER 0000019A81419E70 swagLifecycleInitWrapper shard=0 offset=12720 address=0000000000000000
PATCH 0000019A8143A5D0 Swag.panic address=0000019AC8236000
DEFER 0000019A893A86F8 swagLifecycleInitWrapper shard=0 offset=13920 address=0000000000000000
DEFER 0000019A85541628 swagLifecycleInitWrapper shard=0 offset=14528 address=0000000000000000
PATCH 0000019A8511D950 __runtimeAllocator address=0000019AC8218000
PATCH 0000019A851589A0 Swag.print address=0000019AC8227000
PATCH 0000019A8511F1F8 __checkCpuBaseline address=0000019AC823C000
PATCH 0000019A8147CD98 __hostHasAvx2 address=0000019AC823B000
PATCH 0000019A8515B660 freeMem address=0000019AC823D000
PATCH 0000019A8515C6D0 release address=0000019AC823F000
PATCH 0000019A8515CF08 releaseAll address=0000019AC823E000
PATCH 0000019A8511E9C0 __resetRuntimeContext address=0000019AC8240000
PATCH 0000019A8147C560 __osCommandLine address=0000019AC8241000
DEFER 0000019A85521650 swagLifecycleInitWrapper shard=0 offset=4760 address=0000000000000000
DEFER 0000019A893FEE78 opDrop shard=0 offset=4768 address=0000000000000000
PATCH 0000019A8515D740 setCapacity address=0000019AC8243000
DEFER 0000019A843DF478 swagLifecycleInitWrapper shard=0 offset=7280 address=0000000000000000
PATCH 0000019A85150020 __setupRuntime address=0000019AC8244000
DEFER 0000019A89980020 swagLifecycleInitWrapper shard=0 offset=7968 address=0000000000000000
DEFER 0000019A896002E8 swagLifecycleInitWrapper shard=0 offset=9064 address=0000000000000000
DEFER 0000019A8141ADC0 swagLifecycleInitWrapper shard=0 offset=10808 address=0000000000000000
DEFER 0000019A8604BC80 swagLifecycleInitWrapper shard=0 offset=11632 address=0000000000000000
DEFER 0000019A81419E70 swagLifecycleInitWrapper shard=0 offset=12720 address=0000000000000000
DEFER 0000019A893A86F8 swagLifecycleInitWrapper shard=0 offset=13920 address=0000000000000000
DEFER 0000019A85541628 swagLifecycleInitWrapper shard=0 offset=14528 address=0000000000000000
PATCH 0000019A89384A18 installAllocator address=0000019AC8242000
PATCH 0000019A85110238 __run_0 address=0000019AC8245000
PATCH 0000019A89029A30 __tlsGetValue address=0000019AC8299000
PATCH 0000019A893B1090 __hostPageReserve address=0000019AC8296000
PATCH 0000019A893B18C8 __hostPageCommit address=0000019AC8298000
PATCH 0000019A893B2938 __hostPageRelease address=0000019AC829A000
PATCH 0000019A89ACEDA0 __bootstrapFree address=0000019AC82A0000
PATCH 0000019A893D31E0 __hostTlsAlloc address=0000019AC8294000
PATCH 0000019A89AC44A8 defaultAllocator address=0000019AC82A1000
PATCH 0000019A8902A268 __tlsSetValue address=0000019AC829F000
PATCH 0000019A89A995B8 configure address=0000019AC82A3000
PATCH 0000019A89A98D80 setup address=0000019AC82A4000
PATCH 0000019A89A9A628 diagnosticMode address=0000019AC82A6000
PATCH 0000019A89AC0B20 lockDiagnostic address=0000019AC82A8000
PATCH 0000019A89A99DF0 installed address=0000019AC82A2000
PATCH 0000019A89AC1358 unlockDiagnostic address=0000019AC82AA000
PATCH 0000019A893B4158 unlock address=0000019AC82A9000
PATCH 0000019A89ACE568 __bootstrapAlloc address=0000019AC829B000
PATCH 0000019A896531D8 atomicAddU64 address=0000019AC82AF000
PATCH 0000019A893B3920 lock address=0000019AC82A7000
PATCH 0000019A89AB2938 userAddress address=0000019AC82B4000
PATCH 0000019A89AB9410 usesHeaderPath address=0000019AC82AC000
PATCH 0000019A89AB41E0 setFooterMagic address=0000019AC82B6000
PATCH 0000019A89A9AE60 osAlloc address=0000019AC82B2000
PATCH 0000019A89AB5A88 linkAllocated address=0000019AC82B9000
PATCH 0000019A8965A7B0 lockRemote address=0000019AC82BC000
PATCH 0000019A8965AFE8 unlockRemote address=0000019AC82BD000
PATCH 0000019A896529A0 atomicGet address=0000019AC82BB000
PATCH 0000019A89658F08 decode address=0000019AC82BE000
PATCH 0000019A89657E98 isBlockAddress address=0000019AC82BF000
PATCH 0000019A89654248 atomicSubU32 address=0000019AC82C0000
PATCH 0000019A89614A18 allocatorSegmentOf address=0000019AC82C2000
PATCH 0000019A8965E400 segmentBase address=0000019AC82C3000
PATCH 0000019A89653A10 atomicSubU64 address=0000019AC82C6000
PATCH 0000019A89611090 clearPageBit address=0000019AC82C9000
PATCH 0000019A89655AF0 allocatorOsDecommit address=0000019AC82C8000
PATCH 0000019A89A9DFB0 unlinkHeap address=0000019AC82CB000
PATCH 0000019A89A93658 retireAllocatorThreadHeap address=0000019AC82CD000
PATCH 0000019A893B2100 __hostPageDecommit address=0000019AC82C5000
PATCH 0000019A89A93E90 allocatorThreadHeapFlsId address=0000019AC82D0000
PATCH 0000019A89A946C8 currentAllocatorThreadHeap address=0000019AC82D2000
PATCH 0000019A89A9BED0 osFree address=0000019AC82D3000
PATCH 0000019A89A9C708 allocateThreadHeap address=0000019AC82D8000
PATCH 0000019A893D6B68 __hostCurrentThreadId address=0000019AC82D5000
PATCH 0000019A89A95738 currentThreadId address=0000019AC82D7000
PATCH 0000019A89A974D8 classUnitShift address=0000019AC82DB000
PATCH 0000019A89A9CF40 threadHeap address=0000019AC82D9000
PATCH 0000019A89A9E7E8 linkPage address=0000019AC82DD000
PATCH 0000019A896552B8 allocatorOsCommit address=0000019AC82DE000
PATCH 0000019A89A94F00 setCurrentAllocatorThreadHeap address=0000019AC82D6000
PATCH 0000019A89657660 setupBlockDivision address=0000019AC82E0000
PATCH 0000019A89654A80 osReserve address=0000019AC82E3000
PATCH 0000019A89610020 acquirePage address=0000019AC82E2000
PATCH 0000019A89656E28 setup address=0000019AC82E1000
PATCH 0000019A89656328 allocatorNextKey address=0000019AC82DF000
PATCH 0000019A89AB0020 acquirePageForClass address=0000019AC82E7000
PATCH 0000019A89612938 allocatorCreateSegment address=0000019AC82E5000
PATCH 0000019A89AB0858 acquireBlockSlow address=0000019AC82E8000
PATCH 0000019A89AB1090 acquireBlock address=0000019AC82E9000
PATCH 0000019A89AC1B90 alloc address=0000019AC82EB000
PATCH 0000019A89612100 allocatorAddArena address=0000019AC82E4000
PATCH 0000019A896141E0 allocatorPageOf address=0000019AC82EC000
PATCH 0000019A89AB62C0 unlinkAllocated address=0000019AC82EF000
PATCH 0000019A89613170 allocatorAcquireSegment address=0000019AC82E6000
PATCH 0000019A89AB7B68 cacheFreedBlock address=0000019AC82F2000
PATCH 0000019A89AB6AF8 quarantine address=0000019AC82F1000
PATCH 0000019A89AB39A8 footerMagic address=0000019AC82ED000
PATCH 0000019A89A9F020 unlinkPage address=0000019AC82F7000
PATCH 0000019A8965D900 releaseBlock address=0000019AC82F6000
PATCH 0000019A89AB9C48 allocate address=0000019AC82EA000
PATCH 0000019A8965C058 pushRemote address=0000019AC82F9000
PATCH 0000019A89AB8BD8 freeHeaderBlock address=0000019AC82F3000
PATCH 0000019A89AB18C8 retirePage address=0000019AC82F8000
PATCH 0000019A89AC23C8 realloc address=0000019AC82FC000
PATCH 0000019A896586D0 encode address=0000019AC82F5000
PATCH 0000019A89ABDE08 releaseAll address=0000019AC8300000
PATCH 0000019A89AC2C00 free address=0000019AC82FD000
PATCH 0000019A89AC3438 freeAll address=0000019AC8301000
PATCH 0000019A8965D0C8 holdsFreeBlock address=0000019AC8302000
PATCH 0000019A896118C8 isEmpty address=0000019AC82FE000
PATCH 0000019A896139A8 allocatorReleaseSegment address=0000019AC82FF000
PATCH 0000019A8902AAA0 __tlsGetPtr address=0000019AC8306000
PATCH 0000019A89AD0858 __concreteAlias address=0000019AC8307000
PATCH 0000019A8903A9F8 Swag.stringCmp address=0000019AC8309000
PATCH 0000019A89ABA480 reallocate address=0000019AC82FB000
PATCH 0000019A89AD2100 Swag.typeCmp address=0000019AC830A000
PATCH 0000019A8551D5D8 Swag.memcmp address=0000019AC8308000
PATCH 0000019A89AC3C70 assertAllocated address=0000019AC8304000
PATCH 0000019A893A7330 __printString address=0000019AC830C000
PATCH 0000019A89037070 __itoa address=0000019AC830F000
PATCH 0000019A89038918 __printU64 address=0000019AC830E000
PATCH 0000019A89039150 __printS64 address=0000019AC8310000
PATCH 0000019A890380E0 __ftoa address=0000019AC8311000
PATCH 0000019A89039988 __printF64 address=0000019AC8312000
PATCH 0000019A893AE890 __hostImageBaseForAddress address=0000019AC8314000
PATCH 0000019A893F0020 __peU32 address=0000019AC8316000
PATCH 0000019A893F18C8 __hostReleaseDecodedDebugSection address=0000019AC8315000
PATCH 0000019A890378A8 __utoa address=0000019AC830D000
PATCH 0000019A893F0858 __hostDebugSection address=0000019AC8318000
PATCH 0000019A893F2DB0 __dbgU32 address=0000019AC831A000
PATCH 0000019A89AD18C8 Swag.typeAs address=0000019AC830B000
PATCH 0000019A893F1090 __hostDecodeDebugSection address=0000019AC8319000
PATCH 0000019A893F3E20 __dbgStr address=0000019AC831C000
PATCH 0000019A893F4E90 __hasStackTraceSymbols address=0000019AC831E000
PATCH 0000019A893F35E8 __dbgFindSection address=0000019AC831B000
PATCH 0000019A893F4658 __symbolize address=0000019AC831D000
PATCH 0000019A893F56C8 __logStackTrace address=0000019AC831F000
PATCH 0000019A890291F8 __tlsAlloc address=0000019AC8323000
PATCH 0000019A89AD4C68 Swag.jit address=0000019AC8324000
PATCH 0000019A893A9410 __exitError address=0000019AC8321000
PATCH 0000019A893AF0C8 __peU16 address=0000019AC8317000
PATCH 0000019A898754A8 swagLifecycleInitWrapper address=0000019AC8326000
PATCH 0000019A89554AC8 __run_expr_1 address=0000019AC8325000
PATCH 0000019A89ACDD30 __bootstrapRoundedSize address=0000019AC8295000
PATCH 0000019A8551C568 Swag.memcpy address=0000019AC829D000
PATCH 0000019A893D3A18 __hostTlsGet address=0000019AC8297000
PATCH 0000019A893D4250 __hostTlsSet address=0000019AC829E000
PATCH 0000019A8551AA80 __memoryCopyForward address=0000019AC829C000
PATCH 0000019A893A7B68 __raiseException666 address=0000019AC82A5000
PATCH 0000019A89A97D10 memAlign address=0000019AC82AD000
PATCH 0000019A89A96CA0 sizeClass address=0000019AC82AB000
PATCH 0000019A89AB7330 popCachedBlock address=0000019AC82B1000
PATCH 0000019A89A96468 classSize address=0000019AC82AE000
PATCH 0000019A89AB2100 headerOf address=0000019AC82B3000
PATCH 0000019A89AB3170 footer address=0000019AC82B5000
PATCH 0000019A89A9B698 osAllocGuarded address=0000019AC82B0000
PATCH 0000019A8551BD30 Swag.memset address=0000019AC82B7000
PATCH 0000019A893AE058 __captureStack address=0000019AC82B8000
PATCH 0000019A8965F470 pageCommitEnd address=0000019AC82C7000
PATCH 0000019A8965B820 collectRemote address=0000019AC82C1000
PATCH 0000019A89610858 releasePage address=0000019AC82CA000
PATCH 0000019A89A9D778 retireThreadHeap address=0000019AC82CC000
PATCH 0000019A89AB83A0 allocateHeaderBlock address=0000019AC82BA000
PATCH 0000019A893D4A88 __hostThreadStorageAlloc address=0000019AC82CE000
PATCH 0000019A893D52C0 __hostThreadStorageFree address=0000019AC82CF000
PATCH 0000019A893D6330 __hostThreadStorageSet address=0000019AC82D4000
PATCH 0000019A8965EC38 pageCommitStart address=0000019AC82C4000
PATCH 0000019A8965C890 acquireBlock address=0000019AC82DA000
PATCH 0000019A893D5AF8 __hostThreadStorageGet address=0000019AC82D1000
PATCH 0000019A85518DF0 Swag.safetyPanic address=0000019AC82DC000
PATCH 0000019A89AB5250 checkAllocated address=0000019AC82EE000
PATCH 0000019A89AB4A18 checkFree address=0000019AC82F0000
PATCH 0000019A89ABACB8 checkPageAddress address=0000019AC82F4000
PATCH 0000019A89ABB4F0 freeBlock address=0000019AC82FA000
PATCH 0000019A89ABBD28 assertIsAllocated address=0000019AC8303000
DEFER 0000019A899DD550 swagLifecycleInitWrapper shard=0 offset=4584 address=0000000000000000
DEFER 0000019A89AC0020 opDrop shard=0 offset=4592 address=0000000000000000
DEFER 0000019A89841020 swagLifecycleInitWrapper shard=0 offset=7104 address=0000000000000000
DEFER 0000019A855384D0 swagLifecycleInitWrapper shard=0 offset=7792 address=0000000000000000
DEFER 0000019A8AB13120 swagLifecycleInitWrapper shard=0 offset=8888 address=0000000000000000
DEFER 0000019A8AB20738 swagLifecycleInitWrapper shard=0 offset=10632 address=0000000000000000
DEFER 0000019A89821D78 swagLifecycleInitWrapper shard=0 offset=11456 address=0000000000000000
PATCH 0000019A855185B8 Swag.panic address=0000019AC8322000
DEFER 0000019A89821050 swagLifecycleInitWrapper shard=0 offset=12544 address=0000000000000000
PATCH 0000019A85517D80 __printPanicReport address=0000019AC8320000
DEFER 0000019A89073E18 swagLifecycleInitWrapper shard=0 offset=13744 address=0000000000000000
DEFER 0000019A8AB2B498 swagLifecycleInitWrapper shard=0 offset=14352 address=0000000000000000
PATCH 0000019A89AD54A0 __runtimeAllocator address=0000019AC8305000
PATCH 0000019A8903A1C0 Swag.print address=0000019AC8313000
PATCH 0000019A89AD6D48 __checkCpuBaseline address=0000019AC8328000
PATCH 0000019A8905A828 releaseAll address=0000019AC832A000
PATCH 0000019A89058F80 freeMem address=0000019AC8329000
PATCH 0000019A893A62C0 __osCommandLine address=0000019AC832D000
PATCH 0000019A89059FF0 release address=0000019AC832B000
PATCH 0000019A893A6AF8 __hostHasAvx2 address=0000019AC8327000
PATCH 0000019A8905B060 setCapacity address=0000019AC832F000
PATCH 0000019A89AD6510 __resetRuntimeContext address=0000019AC832C000
DEFER 0000019A899DD550 swagLifecycleInitWrapper shard=0 offset=4584 address=0000000000000000
PATCH 0000019A89AD7580 __setupRuntime address=0000019AC8330000
DEFER 0000019A89AC0020 opDrop shard=0 offset=4592 address=0000000000000000
DEFER 0000019A89841020 swagLifecycleInitWrapper shard=0 offset=7104 address=0000000000000000
DEFER 0000019A855384D0 swagLifecycleInitWrapper shard=0 offset=7792 address=0000000000000000
DEFER 0000019A8AB13120 swagLifecycleInitWrapper shard=0 offset=8888 address=0000000000000000
DEFER 0000019A8AB20738 swagLifecycleInitWrapper shard=0 offset=10632 address=0000000000000000
DEFER 0000019A89821D78 swagLifecycleInitWrapper shard=0 offset=11456 address=0000000000000000
DEFER 0000019A89821050 swagLifecycleInitWrapper shard=0 offset=12544 address=0000000000000000
DEFER 0000019A89073E18 swagLifecycleInitWrapper shard=0 offset=13744 address=0000000000000000
DEFER 0000019A8AB2B498 swagLifecycleInitWrapper shard=0 offset=14352 address=0000000000000000
PATCH 0000019A89AC5758 installAllocator address=0000019AC832E000
PATCH 0000019A89A90238 __run_0 address=0000019AC8331000
PATCH 0000019A89FC4250 __hostTlsAlloc address=0000019AC8380000
PATCH 0000019A85560FC8 __bootstrapAlloc address=0000019AC8387000
PATCH 0000019A889F2530 __tlsGetValue address=0000019AC8385000
PATCH 0000019A85561800 __bootstrapFree address=0000019AC838C000
PATCH 0000019A89F939A8 __hostPageRelease address=0000019AC8386000
PATCH 0000019A889D39A8 defaultAllocator address=0000019AC838D000
PATCH 0000019A889C93A0 installed address=0000019AC838E000
PATCH 0000019A889C8B68 configure address=0000019AC838F000
PATCH 0000019A89F92100 __hostPageReserve address=0000019AC8382000
PATCH 0000019A889C9BD8 diagnosticMode address=0000019AC8392000
PATCH 0000019A89F92938 __hostPageCommit address=0000019AC8384000
PATCH 0000019A889D0020 lockDiagnostic address=0000019AC8394000
PATCH 0000019A889C8330 setup address=0000019AC8390000
PATCH 0000019A89F94990 lock address=0000019AC8393000
PATCH 0000019A889F2D68 __tlsSetValue address=0000019AC838B000
PATCH 0000019A889D0858 unlockDiagnostic address=0000019AC8396000
PATCH 0000019A889CA410 osAlloc address=0000019AC839E000
PATCH 0000019A89F951C8 unlock address=0000019AC8395000
PATCH 0000019A889918C8 userAddress address=0000019AC83A0000
PATCH 0000019A88993170 setFooterMagic address=0000019AC83A2000
PATCH 0000019A88994A18 linkAllocated address=0000019AC83A5000
PATCH 0000019A889983A0 usesHeaderPath address=0000019AC8398000
PATCH 0000019A8999B228 unlockRemote address=0000019AC83A9000
PATCH 0000019A899929A0 atomicGet address=0000019AC83A7000
PATCH 0000019A8999A9F0 lockRemote address=0000019AC83A8000
PATCH 0000019A899931D8 atomicAddU64 address=0000019AC839B000
PATCH 0000019A89999148 decode address=0000019AC83AA000
PATCH 0000019A89994248 atomicSubU32 address=0000019AC83AC000
PATCH 0000019A899980D8 isBlockAddress address=0000019AC83AB000
PATCH 0000019A8999E640 segmentBase address=0000019AC83AE000
PATCH 0000019A89984A18 allocatorSegmentOf address=0000019AC83AF000
PATCH 0000019A89993A10 atomicSubU64 address=0000019AC83B3000
PATCH 0000019A89981090 clearPageBit address=0000019AC83B5000
PATCH 0000019A89F93170 __hostPageDecommit address=0000019AC83B2000
PATCH 0000019A889CD560 unlinkHeap address=0000019AC83B7000
PATCH 0000019A889CB480 osFree address=0000019AC83B8000
PATCH 0000019A89995D30 allocatorOsDecommit address=0000019AC83B4000
PATCH 0000019A889C2C08 retireAllocatorThreadHeap address=0000019AC83BA000
PATCH 0000019A889C3440 allocatorThreadHeapFlsId address=0000019AC83BD000
PATCH 0000019A889C3C78 currentAllocatorThreadHeap address=0000019AC83BF000
PATCH 0000019A89FC7BD8 __hostCurrentThreadId address=0000019AC83C1000
PATCH 0000019A889C44B0 setCurrentAllocatorThreadHeap address=0000019AC83C2000
PATCH 0000019A889CBCB8 allocateThreadHeap address=0000019AC83C4000
PATCH 0000019A889C6A88 classUnitShift address=0000019AC83C7000
PATCH 0000019A889C4CE8 currentThreadId address=0000019AC83C3000
PATCH 0000019A89996568 allocatorNextKey address=0000019AC83CA000
PATCH 0000019A899952B8 allocatorOsCommit address=0000019AC83C9000
PATCH 0000019A89994A80 osReserve address=0000019AC83CE000
PATCH 0000019A89983170 allocatorAcquireSegment address=0000019AC83D1000
PATCH 0000019A889D1090 alloc address=0000019AC83D6000
PATCH 0000019A88992938 footerMagic address=0000019AC83D8000
PATCH 0000019A889CC4F0 threadHeap address=0000019AC83C5000
PATCH 0000019A88996AF8 cacheFreedBlock address=0000019AC83DE000
PATCH 0000019A88995250 unlinkAllocated address=0000019AC83DB000
PATCH 0000019A899841E0 allocatorPageOf address=0000019AC83D7000
PATCH 0000019A889CE5D0 unlinkPage address=0000019AC83E3000
PATCH 0000019A88990858 retirePage address=0000019AC83E4000
PATCH 0000019A8999C298 pushRemote address=0000019AC83E5000
PATCH 0000019A88995A88 quarantine address=0000019AC83DD000
PATCH 0000019A88999410 reallocate address=0000019AC83E7000
PATCH 0000019A889D2100 free address=0000019AC83E9000
PATCH 0000019A899818C8 isEmpty address=0000019AC83EA000
PATCH 0000019A88997B68 freeHeaderBlock address=0000019AC83DF000
PATCH 0000019A889D18C8 realloc address=0000019AC83E8000
PATCH 0000019A8899CD98 releaseAll address=0000019AC83EC000
PATCH 0000019A899839A8 allocatorReleaseSegment address=0000019AC83EB000
PATCH 0000019A889D2938 freeAll address=0000019AC83ED000
PATCH 0000019A89998910 encode address=0000019AC83E1000
PATCH 0000019A84AC0C88 __concreteAlias address=0000019AC83F3000
PATCH 0000019A889F35A0 __tlsGetPtr address=0000019AC83F2000
PATCH 0000019A8999DB40 releaseBlock address=0000019AC83E2000
PATCH 0000019A889D8DF0 Swag.stringCmp address=0000019AC83F5000
PATCH 0000019A84AC2530 Swag.typeCmp address=0000019AC83F6000
PATCH 0000019A8999D308 holdsFreeBlock address=0000019AC83EE000
PATCH 0000019A889D5CA0 __utoa address=0000019AC83F9000
PATCH 0000019A84AC1CF8 Swag.typeAs address=0000019AC83F7000
PATCH 0000019A89F883A0 __printString address=0000019AC83F8000
PATCH 0000019A889D3170 assertAllocated address=0000019AC83F0000
PATCH 0000019A889D5468 __itoa address=0000019AC83FB000
PATCH 0000019A889D64D8 __ftoa address=0000019AC83FD000
PATCH 0000019A8556F3B0 Swag.memcmp address=0000019AC83F4000
PATCH 0000019A889D7D80 __printF64 address=0000019AC83FE000
PATCH 0000019A889D6D10 __printU64 address=0000019AC83FA000
PATCH 0000019A889D7548 __printS64 address=0000019AC83FC000
PATCH 0000019A89FE2938 __hostReleaseDecodedDebugSection address=0000019AC8400000
PATCH 0000019A89FE1090 __peU32 address=0000019AC8401000
PATCH 0000019A84AD7610 __dbgU32 address=0000019AC8403000
PATCH 0000019A89FE0020 __hostImageBaseForAddress address=0000019AC8404000
PATCH 0000019A89FE0858 __peU16 address=0000019AC8402000
PATCH 0000019A84AD8680 __dbgStr address=0000019AC8408000
PATCH 0000019A89FE2100 __hostDecodeDebugSection address=0000019AC8406000
PATCH 0000019A89FE18C8 __hostDebugSection address=0000019AC8405000
PATCH 0000019A84AD7E48 __dbgFindSection address=0000019AC8407000
PATCH 0000019A84AD96F0 __hasStackTraceSymbols address=0000019AC840A000
PATCH 0000019A84AD9F28 __logStackTrace address=0000019AC840B000
PATCH 0000019A89F8A480 __exitError address=0000019AC840D000
PATCH 0000019A889F1CF8 __tlsAlloc address=0000019AC840F000
PATCH 0000019A899FB0C8 swagLifecycleInitWrapper address=0000019AC8412000
PATCH 0000019A84AC5098 Swag.jit address=0000019AC8410000
PATCH 0000019A84AE8CF8 __run_expr_1 address=0000019AC8411000
PATCH 0000019A84AD8EB8 __symbolize address=0000019AC8409000
PATCH 0000019A89FC4A88 __hostTlsGet address=0000019AC8383000
PATCH 0000019A85560790 __bootstrapRoundedSize address=0000019AC8381000
PATCH 0000019A8556E340 Swag.memcpy address=0000019AC8389000
PATCH 0000019A89FC52C0 __hostTlsSet address=0000019AC838A000
PATCH 0000019A8556CA98 __memoryCopyForward address=0000019AC8388000
PATCH 0000019A889C6250 sizeClass address=0000019AC8397000
PATCH 0000019A89F88BD8 __raiseException666 address=0000019AC8391000
PATCH 0000019A889C72C0 memAlign address=0000019AC8399000
PATCH 0000019A889C5A18 classSize address=0000019AC839A000
PATCH 0000019A889CAC48 osAllocGuarded address=0000019AC839C000
PATCH 0000019A889962C0 popCachedBlock address=0000019AC839D000
PATCH 0000019A88991090 headerOf address=0000019AC839F000
PATCH 0000019A88992100 footer address=0000019AC83A1000
PATCH 0000019A89F8F0C8 __captureStack address=0000019AC83A4000
PATCH 0000019A88997330 allocateHeaderBlock address=0000019AC83A6000
PATCH 0000019A8999BA60 collectRemote address=0000019AC83AD000
PATCH 0000019A8556DB08 Swag.memset address=0000019AC83A3000
PATCH 0000019A8999F6B0 pageCommitEnd address=0000019AC83B0000
PATCH 0000019A8999EE78 pageCommitStart address=0000019AC83B1000
PATCH 0000019A89980858 releasePage address=0000019AC83B6000
PATCH 0000019A89FC5AF8 __hostThreadStorageAlloc address=0000019AC83BB000
PATCH 0000019A89FC6330 __hostThreadStorageFree address=0000019AC83BC000
PATCH 0000019A89FC73A0 __hostThreadStorageSet address=0000019AC83C0000
PATCH 0000019A89FC6B68 __hostThreadStorageGet address=0000019AC83BE000
PATCH 0000019A889CDD98 linkPage address=0000019AC83C8000
PATCH 0000019A8999CAD0 acquireBlock address=0000019AC83C6000
PATCH 0000019A899978A0 setupBlockDivision address=0000019AC83CB000
PATCH 0000019A889CCD28 retireThreadHeap address=0000019AC83B9000
PATCH 0000019A89980020 acquirePage address=0000019AC83CD000
PATCH 0000019A89997068 setup address=0000019AC83CC000
PATCH 0000019A89982100 allocatorAddArena address=0000019AC83CF000
PATCH 0000019A889CF640 acquireBlockSlow address=0000019AC83D3000
PATCH 0000019A889CEE08 acquirePageForClass address=0000019AC83D2000
PATCH 0000019A88990020 acquireBlock address=0000019AC83D4000
PATCH 0000019A89982938 allocatorCreateSegment address=0000019AC83D0000
PATCH 0000019A88998BD8 allocate address=0000019AC83D5000
PATCH 0000019A8556AE08 Swag.safetyPanic address=0000019AC83D9000
PATCH 0000019A889941E0 checkAllocated address=0000019AC83DA000
PATCH 0000019A889939A8 checkFree address=0000019AC83DC000
PATCH 0000019A88999C48 checkPageAddress address=0000019AC83E0000
PATCH 0000019A8899A480 freeBlock address=0000019AC83E6000
DEFER 0000019A898648B0 swagLifecycleInitWrapper shard=0 offset=4680 address=0000000000000000
PATCH 0000019A8899ACB8 assertIsAllocated address=0000019AC83EF000
DEFER 0000019A8899EE78 opDrop shard=0 offset=4688 address=0000000000000000
DEFER 0000019A894ED658 swagLifecycleInitWrapper shard=0 offset=7200 address=0000000000000000
PATCH 0000019A8556A5D0 Swag.panic address=0000019AC840E000
DEFER 0000019A8939C148 swagLifecycleInitWrapper shard=0 offset=7888 address=0000000000000000
PATCH 0000019A85569D98 __printPanicReport address=0000019AC840C000
DEFER 0000019A894E6990 swagLifecycleInitWrapper shard=0 offset=8984 address=0000000000000000
DEFER 0000019A8898D950 swagLifecycleInitWrapper shard=0 offset=10728 address=0000000000000000
DEFER 0000019A84AE9B90 swagLifecycleInitWrapper shard=0 offset=11552 address=0000000000000000
DEFER 0000019A85533C78 swagLifecycleInitWrapper shard=0 offset=12640 address=0000000000000000
DEFER 0000019A893C02E8 swagLifecycleInitWrapper shard=0 offset=13840 address=0000000000000000
DEFER 0000019A899DA7D0 swagLifecycleInitWrapper shard=0 offset=14448 address=0000000000000000
PATCH 0000019A84AC58D0 __runtimeAllocator address=0000019AC83F1000
PATCH 0000019A889D85B8 Swag.print address=0000019AC83FF000
PATCH 0000019A84AC7178 __checkCpuBaseline address=0000019AC8414000
PATCH 0000019A899876D8 release address=0000019AC8417000
PATCH 0000019A89F87330 __osCommandLine address=0000019AC8419000
PATCH 0000019A89986668 freeMem address=0000019AC8415000
DEFER 0000019A898648B0 swagLifecycleInitWrapper shard=0 offset=4680 address=0000000000000000
DEFER 0000019A8899EE78 opDrop shard=0 offset=4688 address=0000000000000000
DEFER 0000019A894ED658 swagLifecycleInitWrapper shard=0 offset=7200 address=0000000000000000
PATCH 0000019A89F87B68 __hostHasAvx2 address=0000019AC8413000
PATCH 0000019A89988748 setCapacity address=0000019AC841B000
PATCH 0000019A84AC6940 __resetRuntimeContext address=0000019AC8418000
PATCH 0000019A89987F10 releaseAll address=0000019AC8416000
DEFER 0000019A8939C148 swagLifecycleInitWrapper shard=0 offset=7888 address=0000000000000000
PATCH 0000019A84AC79B0 __setupRuntime address=0000019AC841C000
DEFER 0000019A894E6990 swagLifecycleInitWrapper shard=0 offset=8984 address=0000000000000000
DEFER 0000019A8898D950 swagLifecycleInitWrapper shard=0 offset=10728 address=0000000000000000
DEFER 0000019A84AE9B90 swagLifecycleInitWrapper shard=0 offset=11552 address=0000000000000000
DEFER 0000019A85533C78 swagLifecycleInitWrapper shard=0 offset=12640 address=0000000000000000
DEFER 0000019A893C02E8 swagLifecycleInitWrapper shard=0 offset=13840 address=0000000000000000
DEFER 0000019A899DA7D0 swagLifecycleInitWrapper shard=0 offset=14448 address=0000000000000000
PATCH 0000019A889D4A18 installAllocator address=0000019AC841A000
PATCH 0000019A89CA0238 __run_0 address=0000019AC841D000
PATCH 0000019A848B35A0 __tlsGetValue address=0000019AC8474000
PATCH 0000019A899718C8 __hostPageRelease address=0000019AC8476000
PATCH 0000019A848B3DD8 __tlsSetValue address=0000019AC847B000
PATCH 0000019A89970858 __hostPageCommit address=0000019AC8475000
PATCH 0000019A84881800 __bootstrapFree address=0000019AC847C000
PATCH 0000019A89970020 __hostPageReserve address=0000019AC8473000
PATCH 0000019A89803C70 defaultAllocator address=0000019AC847D000
PATCH 0000019A84880FC8 __bootstrapAlloc address=0000019AC8477000
PATCH 0000019A89828DA8 configure address=0000019AC847F000
PATCH 0000019A89922170 __hostTlsAlloc address=0000019AC8470000
PATCH 0000019A89829E18 diagnosticMode address=0000019AC8481000
PATCH 0000019A89828570 setup address=0000019AC8480000
PATCH 0000019A899728B0 lock address=0000019AC8482000
PATCH 0000019A898002E8 lockDiagnostic address=0000019AC8484000
PATCH 0000019A898295E0 installed address=0000019AC847E000
PATCH 0000019A89878BD8 usesHeaderPath address=0000019AC8488000
PATCH 0000019A899031D8 atomicAddU64 address=0000019AC848B000
PATCH 0000019A89800B20 unlockDiagnostic address=0000019AC8486000
PATCH 0000019A8982A650 osAlloc address=0000019AC848E000
PATCH 0000019A899730E8 unlock address=0000019AC8485000
PATCH 0000019A89872100 userAddress address=0000019AC8490000
PATCH 0000019A898739A8 setFooterMagic address=0000019AC8493000
PATCH 0000019A8990AFE8 unlockRemote address=0000019AC8499000
PATCH 0000019A89908F08 decode address=0000019AC849A000
PATCH 0000019A89907E98 isBlockAddress address=0000019AC849B000
PATCH 0000019A89904248 atomicSubU32 address=0000019AC849C000
PATCH 0000019A89875250 linkAllocated address=0000019AC8495000
PATCH 0000019A8990E400 segmentBase address=0000019AC849F000
PATCH 0000019A899029A0 atomicGet address=0000019AC8497000
PATCH 0000019A89903A10 atomicSubU64 address=0000019AC84A3000
PATCH 0000019A89971090 __hostPageDecommit address=0000019AC84A2000
PATCH 0000019A8990A7B0 lockRemote address=0000019AC8498000
PATCH 0000019A8982B6C0 osFree address=0000019AC84A8000
PATCH 0000019A89914A18 allocatorSegmentOf address=0000019AC849E000
PATCH 0000019A89822C08 retireAllocatorThreadHeap address=0000019AC84AA000
PATCH 0000019A89905AF0 allocatorOsDecommit address=0000019AC84A4000
PATCH 0000019A89823440 allocatorThreadHeapFlsId address=0000019AC84AD000
PATCH 0000019A89823C78 currentAllocatorThreadHeap address=0000019AC84AF000
PATCH 0000019A89911090 clearPageBit address=0000019AC84A5000
PATCH 0000019A8982D7A0 unlinkHeap address=0000019AC84A7000
PATCH 0000019A8982BEF8 allocateThreadHeap address=0000019AC84B5000
PATCH 0000019A899252C0 __hostThreadStorageSet address=0000019AC84B0000
PATCH 0000019A89824CE8 currentThreadId address=0000019AC84B1000
PATCH 0000019A89826CC8 classUnitShift address=0000019AC84B8000
PATCH 0000019A8982DFD8 linkPage address=0000019AC84B9000
PATCH 0000019A899052B8 allocatorOsCommit address=0000019AC84BA000
PATCH 0000019A89906328 allocatorNextKey address=0000019AC84BB000
PATCH 0000019A89925AF8 __hostCurrentThreadId address=0000019AC84B4000
PATCH 0000019A89907660 setupBlockDivision address=0000019AC84BC000
PATCH 0000019A89906E28 setup address=0000019AC84BD000
PATCH 0000019A8982C730 threadHeap address=0000019AC84B6000
PATCH 0000019A89904A80 osReserve address=0000019AC84BF000
PATCH 0000019A89910020 acquirePage address=0000019AC84BE000
PATCH 0000019A89912100 allocatorAddArena address=0000019AC84C0000
PATCH 0000019A898244B0 setCurrentAllocatorThreadHeap address=0000019AC84B2000
PATCH 0000019A89912938 allocatorCreateSegment address=0000019AC84C1000
PATCH 0000019A89879410 allocate address=0000019AC84C6000
PATCH 0000019A89913170 allocatorAcquireSegment address=0000019AC84C2000
PATCH 0000019A89870858 acquireBlock address=0000019AC84C5000
PATCH 0000019A8982F048 acquirePageForClass address=0000019AC84C3000
PATCH 0000019A89873170 footerMagic address=0000019AC84C9000
PATCH 0000019A89875A88 unlinkAllocated address=0000019AC84CB000
PATCH 0000019A89870020 acquireBlockSlow address=0000019AC84C4000
PATCH 0000019A898783A0 freeHeaderBlock address=0000019AC84CF000
PATCH 0000019A89877330 cacheFreedBlock address=0000019AC84CE000
PATCH 0000019A898762C0 quarantine address=0000019AC84CD000
PATCH 0000019A8990D900 releaseBlock address=0000019AC84D1000
PATCH 0000019A8990C058 pushRemote address=0000019AC84D4000
PATCH 0000019A89801358 alloc address=0000019AC84C7000
PATCH 0000019A899086D0 encode address=0000019AC84D5000
PATCH 0000019A8982E810 unlinkPage address=0000019AC84D2000
PATCH 0000019A89801B90 realloc address=0000019AC84D8000
PATCH 0000019A89879C48 reallocate address=0000019AC84D7000
PATCH 0000019A898023C8 free address=0000019AC84D9000
PATCH 0000019A899118C8 isEmpty address=0000019AC84DA000
PATCH 0000019A899141E0 allocatorPageOf address=0000019AC84C8000
PATCH 0000019A8990D0C8 holdsFreeBlock address=0000019AC84DE000
PATCH 0000019A89871090 retirePage address=0000019AC84D3000
PATCH 0000019A899139A8 allocatorReleaseSegment address=0000019AC84DC000
PATCH 0000019A89803438 assertAllocated address=0000019AC84E0000
PATCH 0000019A848B4610 __tlsGetPtr address=0000019AC84E2000
PATCH 0000019A89A516D8 __concreteAlias address=0000019AC84E3000
PATCH 0000019A84A5B1F0 Swag.stringCmp address=0000019AC84E5000
PATCH 0000019A8987D5D0 releaseAll address=0000019AC84DB000
PATCH 0000019A89A52F80 Swag.typeCmp address=0000019AC84E6000
PATCH 0000019A89A52748 Swag.typeAs address=0000019AC84E7000
PATCH 0000019A899462C0 __printString address=0000019AC84E8000
PATCH 0000019A84A59110 __printU64 address=0000019AC84EA000
PATCH 0000019A84A57868 __itoa address=0000019AC84EB000
PATCH 0000019A89A5D1E0 Swag.memcmp address=0000019AC84E4000
PATCH 0000019A89802C00 freeAll address=0000019AC84DD000
PATCH 0000019A84A59948 __printS64 address=0000019AC84EC000
PATCH 0000019A8994D820 __hostImageBaseForAddress address=0000019AC84F0000
PATCH 0000019A89960858 __hostReleaseDecodedDebugSection address=0000019AC84F1000
PATCH 0000019A84A580A0 __utoa address=0000019AC84E9000
PATCH 0000019A8994E058 __peU16 address=0000019AC84F3000
PATCH 0000019A84A588D8 __ftoa address=0000019AC84ED000
PATCH 0000019A8994F0C8 __hostDebugSection address=0000019AC84F4000
PATCH 0000019A84A5A180 __printF64 address=0000019AC84EE000
PATCH 0000019A848A1D40 __dbgFindSection address=0000019AC84F7000
PATCH 0000019A89960020 __hostDecodeDebugSection address=0000019AC84F5000
PATCH 0000019A8994E890 __peU32 address=0000019AC84F2000
PATCH 0000019A848A2578 __dbgStr address=0000019AC84F8000
PATCH 0000019A848A35E8 __hasStackTraceSymbols address=0000019AC84FA000
PATCH 0000019A848A1508 __dbgU32 address=0000019AC84F6000
PATCH 0000019A899483A0 __exitError address=0000019AC84FD000
PATCH 0000019A848B2D68 __tlsAlloc address=0000019AC84FF000
PATCH 0000019A848A2DB0 __symbolize address=0000019AC84F9000
PATCH 0000019A848FB7E8 swagLifecycleInitWrapper address=0000019AC8502000
PATCH 0000019A84A69BD8 __run_expr_1 address=0000019AC8501000
PATCH 0000019A89A55AE8 Swag.jit address=0000019AC8500000
PATCH 0000019A848A3E20 __logStackTrace address=0000019AC84FB000
PATCH 0000019A84880790 __bootstrapRoundedSize address=0000019AC8471000
PATCH 0000019A899229A8 __hostTlsGet address=0000019AC8472000
PATCH 0000019A89A5C170 Swag.memcpy address=0000019AC8479000
PATCH 0000019A899231E0 __hostTlsSet address=0000019AC847A000
PATCH 0000019A89A5A8C8 __memoryCopyForward address=0000019AC8478000
PATCH 0000019A89946AF8 __raiseException666 address=0000019AC8483000
PATCH 0000019A89827500 memAlign address=0000019AC8489000
PATCH 0000019A8982AE88 osAllocGuarded address=0000019AC848C000
PATCH 0000019A89826490 sizeClass address=0000019AC8487000
PATCH 0000019A898718C8 headerOf address=0000019AC848F000
PATCH 0000019A89825C58 classSize address=0000019AC848A000
PATCH 0000019A89872938 footer address=0000019AC8491000
PATCH 0000019A89876AF8 popCachedBlock address=0000019AC848D000
PATCH 0000019A89910858 releasePage address=0000019AC84A6000
PATCH 0000019A89A5B938 Swag.memset address=0000019AC8492000
PATCH 0000019A8994CFE8 __captureStack address=0000019AC8494000
PATCH 0000019A89877B68 allocateHeaderBlock address=0000019AC8496000
PATCH 0000019A8990EC38 pageCommitStart address=0000019AC84A0000
PATCH 0000019A8990F470 pageCommitEnd address=0000019AC84A1000
PATCH 0000019A8982CF68 retireThreadHeap address=0000019AC84A9000
PATCH 0000019A89923A18 __hostThreadStorageAlloc address=0000019AC84AB000
PATCH 0000019A8990B820 collectRemote address=0000019AC849D000
PATCH 0000019A89924A88 __hostThreadStorageGet address=0000019AC84AE000
PATCH 0000019A8987ACB8 freeBlock address=0000019AC84D6000
PATCH 0000019A8488AE08 Swag.safetyPanic address=0000019AC84B3000
PATCH 0000019A89924250 __hostThreadStorageFree address=0000019AC84AC000
PATCH 0000019A8990C890 acquireBlock address=0000019AC84B7000
PATCH 0000019A89874A18 checkAllocated address=0000019AC84CA000
PATCH 0000019A898741E0 checkFree address=0000019AC84CC000
PATCH 0000019A8987A480 checkPageAddress address=0000019AC84D0000
PATCH 0000019A8987B4F0 assertIsAllocated address=0000019AC84DF000
DEFER 0000019A89639468 swagLifecycleInitWrapper shard=8 offset=3864 address=0000000000000000
DEFER 0000019A8987F6B0 opDrop shard=8 offset=3872 address=0000000000000000
DEFER 0000019A8960ACF0 swagLifecycleInitWrapper shard=8 offset=6400 address=0000000000000000
DEFER 0000019A89FF2250 swagLifecycleInitWrapper shard=8 offset=7088 address=0000000000000000
DEFER 0000019A89849058 swagLifecycleInitWrapper shard=8 offset=8184 address=0000000000000000
DEFER 0000019A89964170 swagLifecycleInitWrapper shard=8 offset=9928 address=0000000000000000
DEFER 0000019A848B82E0 swagLifecycleInitWrapper shard=8 offset=10752 address=0000000000000000
PATCH 0000019A8488A5D0 Swag.panic address=0000019AC84FE000
PATCH 0000019A84889D98 __printPanicReport address=0000019AC84FC000
DEFER 0000019A899630B0 swagLifecycleInitWrapper shard=8 offset=11840 address=0000000000000000
PATCH 0000019A84A5A9B8 Swag.print address=0000019AC84EF000
DEFER 0000019A848996C8 swagLifecycleInitWrapper shard=8 offset=13040 address=0000000000000000
DEFER 0000019A898637B8 swagLifecycleInitWrapper shard=8 offset=13648 address=0000000000000000
PATCH 0000019A89A56320 __runtimeAllocator address=0000019AC84E1000
PATCH 0000019A89A57BC8 __checkCpuBaseline address=0000019AC8504000
PATCH 0000019A89A57390 __resetRuntimeContext address=0000019AC8508000
PATCH 0000019A89945A88 __hostHasAvx2 address=0000019AC8503000
PATCH 0000019A848EA8D0 freeMem address=0000019AC8505000
PATCH 0000019A848EC9B0 setCapacity address=0000019AC850B000
PATCH 0000019A848EB940 release address=0000019AC8507000
PATCH 0000019A848EC178 releaseAll address=0000019AC8506000
PATCH 0000019A89A58400 __setupRuntime address=0000019AC850C000
PATCH 0000019A89945250 __osCommandLine address=0000019AC8509000
DEFER 0000019A89639468 swagLifecycleInitWrapper shard=8 offset=3864 address=0000000000000000
DEFER 0000019A8987F6B0 opDrop shard=8 offset=3872 address=0000000000000000
DEFER 0000019A8960ACF0 swagLifecycleInitWrapper shard=8 offset=6400 address=0000000000000000
DEFER 0000019A89FF2250 swagLifecycleInitWrapper shard=8 offset=7088 address=0000000000000000
DEFER 0000019A89849058 swagLifecycleInitWrapper shard=8 offset=8184 address=0000000000000000
DEFER 0000019A89964170 swagLifecycleInitWrapper shard=8 offset=9928 address=0000000000000000
DEFER 0000019A848B82E0 swagLifecycleInitWrapper shard=8 offset=10752 address=0000000000000000
DEFER 0000019A899630B0 swagLifecycleInitWrapper shard=8 offset=11840 address=0000000000000000
DEFER 0000019A848996C8 swagLifecycleInitWrapper shard=8 offset=13040 address=0000000000000000
DEFER 0000019A898637B8 swagLifecycleInitWrapper shard=8 offset=13648 address=0000000000000000
PATCH 0000019A89804CE0 installAllocator address=0000019AC850A000
PATCH 0000019A89A50238 __run_0 address=0000019AC850D000
PATCH 0000019A8554DA28 __tlsGetValue address=0000019AC855D000
PATCH 0000019A8ABF1A18 __bootstrapAlloc address=0000019AC8563000
PATCH 0000019A8A756B68 __hostTlsAlloc address=0000019AC855F000
PATCH 0000019A8ABF2250 __bootstrapFree address=0000019AC8568000
PATCH 0000019A8A715250 __hostPageCommit address=0000019AC8561000
PATCH 0000019A8A7162C0 __hostPageRelease address=0000019AC8562000
PATCH 0000019A8C4839A8 defaultAllocator address=0000019AC8569000
PATCH 0000019A8C4A93A0 installed address=0000019AC856A000
PATCH 0000019A8A714A18 __hostPageReserve address=0000019AC8560000
PATCH 0000019A8C4A8330 setup address=0000019AC856C000
PATCH 0000019A8554E260 __tlsSetValue address=0000019AC8567000
PATCH 0000019A8C4A8B68 configure address=0000019AC856B000
PATCH 0000019A8C4A9BD8 diagnosticMode address=0000019AC856E000
PATCH 0000019A8A717AE0 unlock address=0000019AC8571000
PATCH 0000019A8C480858 unlockDiagnostic address=0000019AC8572000
PATCH 0000019A8A6731D8 atomicAddU64 address=0000019AC8577000
PATCH 0000019A8A7172A8 lock address=0000019AC856F000
PATCH 0000019A8C4AA410 osAlloc address=0000019AC857A000
PATCH 0000019A8C480020 lockDiagnostic address=0000019AC8570000
PATCH 0000019A8C4C18C8 userAddress address=0000019AC857C000
PATCH 0000019A8C4C2100 footer address=0000019AC857F000
PATCH 0000019A8C4C83A0 usesHeaderPath address=0000019AC8574000
PATCH 0000019A8A678F08 decode address=0000019AC8586000
PATCH 0000019A8A67AFE8 unlockRemote address=0000019AC8585000
PATCH 0000019A8A677E98 isBlockAddress address=0000019AC8587000
PATCH 0000019A8C4C4A18 linkAllocated address=0000019AC8581000
PATCH 0000019A8A674248 atomicSubU32 address=0000019AC8588000
PATCH 0000019A85534A18 allocatorSegmentOf address=0000019AC858A000
PATCH 0000019A8A6729A0 atomicGet address=0000019AC8583000
PATCH 0000019A8A673A10 atomicSubU64 address=0000019AC858E000
PATCH 0000019A8A715A88 __hostPageDecommit address=0000019AC858D000
PATCH 0000019A8A67A7B0 lockRemote address=0000019AC8584000
PATCH 0000019A8A675AF0 allocatorOsDecommit address=0000019AC8590000
PATCH 0000019A8A67E400 segmentBase address=0000019AC858B000
PATCH 0000019A8C4AD560 unlinkHeap address=0000019AC8593000
PATCH 0000019A85531090 clearPageBit address=0000019AC8591000
PATCH 0000019A8C4A2C08 retireAllocatorThreadHeap address=0000019AC8596000
PATCH 0000019A8C4AB480 osFree address=0000019AC8594000
PATCH 0000019A8C4A3440 allocatorThreadHeapFlsId address=0000019AC8599000
PATCH 0000019A8C4A3C78 currentAllocatorThreadHeap address=0000019AC859B000
PATCH 0000019A8C4A4CE8 currentThreadId address=0000019AC859F000
PATCH 0000019A8C4A44B0 setCurrentAllocatorThreadHeap address=0000019AC859D000
PATCH 0000019A8C4AC4F0 threadHeap address=0000019AC85A1000
PATCH 0000019A8A6752B8 allocatorOsCommit address=0000019AC85A5000
PATCH 0000019A8C4ABCB8 allocateThreadHeap address=0000019AC85A0000
PATCH 0000019A8A674A80 osReserve address=0000019AC85AA000
PATCH 0000019A8A75A4F0 __hostCurrentThreadId address=0000019AC859E000
PATCH 0000019A8A676328 allocatorNextKey address=0000019AC85A6000
PATCH 0000019A8C4AF640 acquireBlockSlow address=0000019AC85B0000
PATCH 0000019A8C4C0020 acquireBlock address=0000019AC85B1000
PATCH 0000019A8C4C8BD8 allocate address=0000019AC85B2000
PATCH 0000019A8C4A6A88 classUnitShift address=0000019AC85A3000
PATCH 0000019A855341E0 allocatorPageOf address=0000019AC85B4000
PATCH 0000019A8C481090 alloc address=0000019AC85B3000
PATCH 0000019A8C4AEE08 acquirePageForClass address=0000019AC85AD000
PATCH 0000019A8C4C5250 unlinkAllocated address=0000019AC85B7000
PATCH 0000019A85533170 allocatorAcquireSegment address=0000019AC85AE000
PATCH 0000019A8C4C6AF8 cacheFreedBlock address=0000019AC85BA000
PATCH 0000019A8C4C7B68 freeHeaderBlock address=0000019AC85BB000
PATCH 0000019A8A6786D0 encode address=0000019AC85BD000
PATCH 0000019A8C4C2938 footerMagic address=0000019AC85B5000
PATCH 0000019A8C4C5A88 quarantine address=0000019AC85B9000
PATCH 0000019A8A67D900 releaseBlock address=0000019AC85BE000
PATCH 0000019A8C4818C8 realloc address=0000019AC85C4000
PATCH 0000019A8C4C9410 reallocate address=0000019AC85C3000
PATCH 0000019A8C4AE5D0 unlinkPage address=0000019AC85BF000
PATCH 0000019A855339A8 allocatorReleaseSegment address=0000019AC85C7000
PATCH 0000019A8C4CCD98 releaseAll address=0000019AC85C8000
PATCH 0000019A8C482938 freeAll address=0000019AC85C9000
PATCH 0000019A855318C8 isEmpty address=0000019AC85C6000
PATCH 0000019A8A67D0C8 holdsFreeBlock address=0000019AC85CB000
PATCH 0000019A8C483170 assertAllocated address=0000019AC85CC000
PATCH 0000019A8C482100 free address=0000019AC85C5000
PATCH 0000019A8554EA98 __tlsGetPtr address=0000019AC85CE000
PATCH 0000019A8A760C88 __concreteAlias address=0000019AC85CF000
PATCH 0000019A8C4C0858 retirePage address=0000019AC85C0000
PATCH 0000019A8ABB4638 Swag.stringCmp address=0000019AC85D1000
PATCH 0000019A8A762530 Swag.typeCmp address=0000019AC85D2000
PATCH 0000019A8A761CF8 Swag.typeAs address=0000019AC85D3000
PATCH 0000019A8ABB14E8 __utoa address=0000019AC85D5000
PATCH 0000019A8ABB2558 __printU64 address=0000019AC85D6000
PATCH 0000019A8A63ACB8 __printString address=0000019AC85D4000
PATCH 0000019A8ABB0020 Swag.memcmp address=0000019AC85D0000
PATCH 0000019A8ABB35C8 __printF64 address=0000019AC85DA000
PATCH 0000019A8ABB0CB0 __itoa address=0000019AC85D7000
PATCH 0000019A8A614F00 __hostReleaseDecodedDebugSection address=0000019AC85DD000
PATCH 0000019A8A67C058 pushRemote address=0000019AC85C1000
PATCH 0000019A8A6125E8 __hostImageBaseForAddress address=0000019AC85DC000
PATCH 0000019A8A613658 __peU32 address=0000019AC85DE000
PATCH 0000019A8A612E20 __peU16 address=0000019AC85DF000
PATCH 0000019A8ABB2D90 __printS64 address=0000019AC85D8000
PATCH 0000019A8ABB1D20 __ftoa address=0000019AC85D9000
PATCH 0000019A8A8255B8 __dbgU32 address=0000019AC85E2000
PATCH 0000019A8A825DF0 __dbgFindSection address=0000019AC85E3000
PATCH 0000019A8A827698 __hasStackTraceSymbols address=0000019AC85E6000
PATCH 0000019A8A826E60 __symbolize address=0000019AC85E5000
PATCH 0000019A8A826628 __dbgStr address=0000019AC85E4000
PATCH 0000019A8A827ED0 __logStackTrace address=0000019AC85E7000
PATCH 0000019A8A63CD98 __exitError address=0000019AC85E9000
PATCH 0000019A8554D1F0 __tlsAlloc address=0000019AC85EB000
PATCH 0000019A8A765098 Swag.jit address=0000019AC85EC000
PATCH 0000019A8A613E90 __hostDebugSection address=0000019AC85E0000
PATCH 0000019A8A6146C8 __hostDecodeDebugSection address=0000019AC85E1000
PATCH 0000019A8552AF00 swagLifecycleInitWrapper address=0000019AC85EE000
PATCH 0000019A8A61A6C8 __run_expr_1 address=0000019AC85ED000
PATCH 0000019A8A7573A0 __hostTlsGet address=0000019AC855C000
PATCH 0000019A8ABF11E0 __bootstrapRoundedSize address=0000019AC855E000
PATCH 0000019A8ABFED90 Swag.memcpy address=0000019AC8565000
PATCH 0000019A8ABFD4E8 __memoryCopyForward address=0000019AC8564000
PATCH 0000019A8A757BD8 __hostTlsSet address=0000019AC8566000
PATCH 0000019A8C4A72C0 memAlign address=0000019AC8575000
PATCH 0000019A8A63B4F0 __raiseException666 address=0000019AC856D000
PATCH 0000019A8C4A6250 sizeClass address=0000019AC8573000
PATCH 0000019A8C4A5A18 classSize address=0000019AC8576000
PATCH 0000019A8C4AAC48 osAllocGuarded address=0000019AC8578000
PATCH 0000019A8C4C62C0 popCachedBlock address=0000019AC8579000
PATCH 0000019A8C4C1090 headerOf address=0000019AC857B000
PATCH 0000019A8C4C3170 setFooterMagic address=0000019AC857D000
PATCH 0000019A8A611DB0 __captureStack address=0000019AC8580000
PATCH 0000019A8ABFE558 Swag.memset address=0000019AC857E000
PATCH 0000019A8C4C39A8 checkFree address=0000019AC85B8000
PATCH 0000019A8C4C7330 allocateHeaderBlock address=0000019AC8582000
PATCH 0000019A8A67EC38 pageCommitStart address=0000019AC858F000
PATCH 0000019A8A67F470 pageCommitEnd address=0000019AC858C000
PATCH 0000019A8ABB3E00 Swag.print address=0000019AC85DB000
PATCH 0000019A8C4ACD28 retireThreadHeap address=0000019AC8595000
PATCH 0000019A8A758410 __hostThreadStorageAlloc address=0000019AC8597000
PATCH 0000019A85530858 releasePage address=0000019AC8592000
PATCH 0000019A8A758C48 __hostThreadStorageFree address=0000019AC8598000
PATCH 0000019A8A759480 __hostThreadStorageGet address=0000019AC859A000
PATCH 0000019A8A67B820 collectRemote address=0000019AC8589000
PATCH 0000019A8A759CB8 __hostThreadStorageSet address=0000019AC859C000
PATCH 0000019A8ABFB858 Swag.safetyPanic address=0000019AC85AF000
PATCH 0000019A8A677660 setupBlockDivision address=0000019AC85A7000
PATCH 0000019A8A67C890 acquireBlock address=0000019AC85A2000
PATCH 0000019A8C4ADD98 linkPage address=0000019AC85A4000
PATCH 0000019A8A676E28 setup address=0000019AC85A8000
PATCH 0000019A85530020 acquirePage address=0000019AC85A9000
PATCH 0000019A85532938 allocatorCreateSegment address=0000019AC85AC000
PATCH 0000019A85532100 allocatorAddArena address=0000019AC85AB000
PATCH 0000019A8C4C41E0 checkAllocated address=0000019AC85B6000
PATCH 0000019A8C4C9C48 checkPageAddress address=0000019AC85BC000
PATCH 0000019A8C4CA480 freeBlock address=0000019AC85C2000
PATCH 0000019A8C4CACB8 assertIsAllocated address=0000019AC85CA000
DEFER 0000019A894C07F0 swagLifecycleInitWrapper shard=8 offset=4720 address=0000000000000000
DEFER 0000019A8C4CEE78 opDrop shard=8 offset=4728 address=0000000000000000
DEFER 0000019A8AB96C88 swagLifecycleInitWrapper shard=8 offset=7256 address=0000000000000000
DEFER 0000019A899E3580 swagLifecycleInitWrapper shard=8 offset=7944 address=0000000000000000
DEFER 0000019A8A80C398 swagLifecycleInitWrapper shard=8 offset=9040 address=0000000000000000
DEFER 0000019A8C4E6620 swagLifecycleInitWrapper shard=8 offset=10784 address=0000000000000000
DEFER 0000019A8A61B618 swagLifecycleInitWrapper shard=8 offset=11608 address=0000000000000000
DEFER 0000019A8ABC3C50 swagLifecycleInitWrapper shard=8 offset=12696 address=0000000000000000
PATCH 0000019A8ABFB020 Swag.panic address=0000019AC85EA000
PATCH 0000019A8ABFA7E8 __printPanicReport address=0000019AC85E8000
DEFER 0000019A8A80D178 swagLifecycleInitWrapper shard=8 offset=13896 address=0000000000000000
DEFER 0000019A8ABCB360 swagLifecycleInitWrapper shard=8 offset=14504 address=0000000000000000
PATCH 0000019A8A7658D0 __runtimeAllocator address=0000019AC85CD000
PATCH 0000019A8A63A480 __hostHasAvx2 address=0000019AC85EF000
PATCH 0000019A8A766940 __resetRuntimeContext address=0000019AC85F4000
PATCH 0000019A8553D4A0 freeMem address=0000019AC85F1000
PATCH 0000019A8A639C48 __osCommandLine address=0000019AC85F5000
DEFER 0000019A894C07F0 swagLifecycleInitWrapper shard=8 offset=4720 address=0000000000000000
DEFER 0000019A8C4CEE78 opDrop shard=8 offset=4728 address=0000000000000000
PATCH 0000019A8A767178 __checkCpuBaseline address=0000019AC85F0000
DEFER 0000019A8AB96C88 swagLifecycleInitWrapper shard=8 offset=7256 address=0000000000000000
PATCH 0000019A8A7679B0 __setupRuntime address=0000019AC85F8000
DEFER 0000019A899E3580 swagLifecycleInitWrapper shard=8 offset=7944 address=0000000000000000
PATCH 0000019A8553E510 release address=0000019AC85F2000
DEFER 0000019A8A80C398 swagLifecycleInitWrapper shard=8 offset=9040 address=0000000000000000
PATCH 0000019A8553ED48 releaseAll address=0000019AC85F3000
DEFER 0000019A8C4E6620 swagLifecycleInitWrapper shard=8 offset=10784 address=0000000000000000
DEFER 0000019A8A61B618 swagLifecycleInitWrapper shard=8 offset=11608 address=0000000000000000
PATCH 0000019A8553F580 setCapacity address=0000019AC85F7000
DEFER 0000019A8ABC3C50 swagLifecycleInitWrapper shard=8 offset=12696 address=0000000000000000
DEFER 0000019A8A80D178 swagLifecycleInitWrapper shard=8 offset=13896 address=0000000000000000
DEFER 0000019A8ABCB360 swagLifecycleInitWrapper shard=8 offset=14504 address=0000000000000000
PATCH 0000019A8C484A18 installAllocator address=0000019AC85F6000
PATCH 0000019A8ABF0238 __run_0 address=0000019AC85F9000
PATCH 0000019A894C2530 __tlsGetValue address=0000019AC864A000
PATCH 0000019A899C8BD8 __hostPageRelease address=0000019AC864E000
PATCH 0000019A894F0FC8 __bootstrapAlloc address=0000019AC864F000
PATCH 0000019A899E9480 __hostTlsAlloc address=0000019AC8648000
PATCH 0000019A894C2D68 __tlsSetValue address=0000019AC8653000
PATCH 0000019A855139A8 defaultAllocator address=0000019AC8655000
PATCH 0000019A85538B68 configure address=0000019AC8657000
PATCH 0000019A894F1800 __bootstrapFree address=0000019AC8654000
PATCH 0000019A85538330 setup address=0000019AC8658000
PATCH 0000019A899C7B68 __hostPageCommit address=0000019AC864D000
PATCH 0000019A85539BD8 diagnosticMode address=0000019AC865B000
PATCH 0000019A899C7330 __hostPageReserve address=0000019AC864C000
PATCH 0000019A855393A0 installed address=0000019AC8656000
PATCH 0000019A85510020 lockDiagnostic address=0000019AC865C000
PATCH 0000019A899CA3F8 unlock address=0000019AC865D000
PATCH 0000019A855483A0 usesHeaderPath address=0000019AC8661000
PATCH 0000019A85536250 sizeClass address=0000019AC865F000
PATCH 0000019A855372C0 memAlign address=0000019AC8662000
PATCH 0000019A85510858 unlockDiagnostic address=0000019AC865E000
PATCH 0000019A899D31D8 atomicAddU64 address=0000019AC8664000
PATCH 0000019A8553AC48 osAllocGuarded address=0000019AC8665000
PATCH 0000019A855462C0 popCachedBlock address=0000019AC8666000
PATCH 0000019A85535A18 classSize address=0000019AC8663000
PATCH 0000019A85541090 headerOf address=0000019AC8668000
PATCH 0000019A899C9BC0 lock address=0000019AC865A000
PATCH 0000019A85542100 footer address=0000019AC866A000
PATCH 0000019A85543170 setFooterMagic address=0000019AC866B000
PATCH 0000019A8553A410 osAlloc address=0000019AC8667000
PATCH 0000019A85544A18 linkAllocated address=0000019AC866E000
PATCH 0000019A89874378 __captureStack address=0000019AC866D000
PATCH 0000019A855418C8 userAddress address=0000019AC8669000
PATCH 0000019A899DA9F0 lockRemote address=0000019AC8671000
PATCH 0000019A899DB228 unlockRemote address=0000019AC8672000
PATCH 0000019A899D29A0 atomicGet address=0000019AC8670000
PATCH 0000019A899D9148 decode address=0000019AC8673000
PATCH 0000019A899D80D8 isBlockAddress address=0000019AC8674000
PATCH 0000019A85547330 allocateHeaderBlock address=0000019AC866F000
PATCH 0000019A899D4248 atomicSubU32 address=0000019AC8675000
PATCH 0000019A894D4A18 allocatorSegmentOf address=0000019AC8677000
PATCH 0000019A8B5AB9B8 Swag.memset address=0000019AC866C000
PATCH 0000019A899DEE78 pageCommitStart address=0000019AC8679000
PATCH 0000019A899DF6B0 pageCommitEnd address=0000019AC867A000
PATCH 0000019A899C83A0 __hostPageDecommit address=0000019AC867B000
PATCH 0000019A899DE640 segmentBase address=0000019AC8678000
PATCH 0000019A894D0858 releasePage address=0000019AC867F000
PATCH 0000019A8553D560 unlinkHeap address=0000019AC8680000
PATCH 0000019A8553B480 osFree address=0000019AC8681000
PATCH 0000019A899D5AF0 allocatorOsDecommit address=0000019AC867D000
PATCH 0000019A85532C08 retireAllocatorThreadHeap address=0000019AC8683000
PATCH 0000019A899D3A10 atomicSubU64 address=0000019AC867C000
PATCH 0000019A899EAD28 __hostThreadStorageAlloc address=0000019AC8684000
PATCH 0000019A899EB560 __hostThreadStorageFree address=0000019AC8685000
PATCH 0000019A85533440 allocatorThreadHeapFlsId address=0000019AC8686000
PATCH 0000019A894D1090 clearPageBit address=0000019AC867E000
PATCH 0000019A899EBD98 __hostThreadStorageGet address=0000019AC8687000
PATCH 0000019A85533C78 currentAllocatorThreadHeap address=0000019AC8688000
PATCH 0000019A899EC5D0 __hostThreadStorageSet address=0000019AC8689000
PATCH 0000019A855344B0 setCurrentAllocatorThreadHeap address=0000019AC868A000
PATCH 0000019A85534CE8 currentThreadId address=0000019AC868C000
PATCH 0000019A899ECE08 __hostCurrentThreadId address=0000019AC868B000
PATCH 0000019A8553BCB8 allocateThreadHeap address=0000019AC868D000
PATCH 0000019A8553C4F0 threadHeap address=0000019AC868E000
PATCH 0000019A8553CD28 retireThreadHeap address=0000019AC8682000
PATCH 0000019A899D52B8 allocatorOsCommit address=0000019AC8692000
PATCH 0000019A899D6568 allocatorNextKey address=0000019AC8693000
PATCH 0000019A85536A88 classUnitShift address=0000019AC8690000
PATCH 0000019A894D0020 acquirePage address=0000019AC8696000
PATCH 0000019A899D4A80 osReserve address=0000019AC8697000
PATCH 0000019A899D7068 setup address=0000019AC8695000
PATCH 0000019A894D2100 allocatorAddArena address=0000019AC8698000
PATCH 0000019A899D78A0 setupBlockDivision address=0000019AC8694000
PATCH 0000019A8553F640 acquireBlockSlow address=0000019AC869C000
PATCH 0000019A894D2938 allocatorCreateSegment address=0000019AC8699000
PATCH 0000019A8553DD98 linkPage address=0000019AC8691000
PATCH 0000019A85548BD8 allocate address=0000019AC869E000
PATCH 0000019A85511090 alloc address=0000019AC869F000
PATCH 0000019A894D3170 allocatorAcquireSegment address=0000019AC869B000
PATCH 0000019A85542938 footerMagic address=0000019AC86A1000
PATCH 0000019A894D41E0 allocatorPageOf address=0000019AC86A0000
PATCH 0000019A8553EE08 acquirePageForClass address=0000019AC869A000
PATCH 0000019A85546AF8 cacheFreedBlock address=0000019AC86A6000
PATCH 0000019A85547B68 freeHeaderBlock address=0000019AC86A7000
PATCH 0000019A85545A88 quarantine address=0000019AC86A5000
PATCH 0000019A899D8910 encode address=0000019AC86A9000
PATCH 0000019A8553E5D0 unlinkPage address=0000019AC86AB000
PATCH 0000019A85540858 retirePage address=0000019AC86AC000
PATCH 0000019A85540020 acquireBlock address=0000019AC869D000
PATCH 0000019A899DC298 pushRemote address=0000019AC86AD000
PATCH 0000019A899DDB40 releaseBlock address=0000019AC86AA000
PATCH 0000019A855118C8 realloc address=0000019AC86B0000
PATCH 0000019A85512100 free address=0000019AC86B1000
PATCH 0000019A894D18C8 isEmpty address=0000019AC86B2000
PATCH 0000019A85545250 unlinkAllocated address=0000019AC86A3000
PATCH 0000019A899DD308 holdsFreeBlock address=0000019AC86B6000
PATCH 0000019A894D39A8 allocatorReleaseSegment address=0000019AC86B3000
PATCH 0000019A85512938 freeAll address=0000019AC86B5000
PATCH 0000019A85513170 assertAllocated address=0000019AC86B8000
PATCH 0000019A894C35A0 __tlsGetPtr address=0000019AC86BA000
PATCH 0000019A8B5AD260 Swag.memcmp address=0000019AC86BC000
PATCH 0000019A8554CD98 releaseAll address=0000019AC86B4000
PATCH 0000019A8B5A3000 Swag.typeCmp address=0000019AC86BE000
PATCH 0000019A85549410 reallocate address=0000019AC86AF000
PATCH 0000019A8998D5D0 __printString address=0000019AC86C0000
PATCH 0000019A8B5A1758 __concreteAlias address=0000019AC86BB000
PATCH 0000019A85516D10 __printU64 address=0000019AC86C2000
PATCH 0000019A85515468 __itoa address=0000019AC86C3000
PATCH 0000019A85517548 __printS64 address=0000019AC86C4000
PATCH 0000019A8B5A27C8 Swag.typeAs address=0000019AC86BF000
PATCH 0000019A855164D8 __ftoa address=0000019AC86C5000
PATCH 0000019A85518DF0 Swag.stringCmp address=0000019AC86BD000
PATCH 0000019A85517D80 __printF64 address=0000019AC86C6000
PATCH 0000019A85515CA0 __utoa address=0000019AC86C1000
PATCH 0000019A89874BB0 __hostImageBaseForAddress address=0000019AC86C8000
PATCH 0000019A89875C20 __peU32 address=0000019AC86CA000
PATCH 0000019A898774C8 __hostReleaseDecodedDebugSection address=0000019AC86C9000
PATCH 0000019A8551AB10 __dbgU32 address=0000019AC86CE000
PATCH 0000019A8551B348 __dbgFindSection address=0000019AC86CF000
PATCH 0000019A898753E8 __peU16 address=0000019AC86CB000
PATCH 0000019A8551BB80 __dbgStr address=0000019AC86D0000
PATCH 0000019A8551CBF0 __hasStackTraceSymbols address=0000019AC86D2000
PATCH 0000019A89876C90 __hostDecodeDebugSection address=0000019AC86CD000
PATCH 0000019A8551C3B8 __symbolize address=0000019AC86D1000
PATCH 0000019A89876458 __hostDebugSection address=0000019AC86CC000
PATCH 0000019A8551D428 __logStackTrace address=0000019AC86D3000
PATCH 0000019A894C1CF8 __tlsAlloc address=0000019AC86D7000
PATCH 0000019A8998F6B0 __exitError address=0000019AC86D5000
PATCH 0000019A8B5A5B68 Swag.jit address=0000019AC86D8000
PATCH 0000019A894E5E20 swagLifecycleInitWrapper address=0000019AC86DA000
PATCH 0000019A8987B0B8 __run_expr_1 address=0000019AC86D9000
PATCH 0000019A894F0790 __bootstrapRoundedSize address=0000019AC864B000
PATCH 0000019A899E9CB8 __hostTlsGet address=0000019AC8649000
PATCH 0000019A899EA4F0 __hostTlsSet address=0000019AC8652000
PATCH 0000019A8B5AA948 __memoryCopyForward address=0000019AC8650000
PATCH 0000019A8B5AC1F0 Swag.memcpy address=0000019AC8651000
PATCH 0000019A8998DE08 __raiseException666 address=0000019AC8659000
PATCH 0000019A894FAE08 Swag.safetyPanic address=0000019AC8660000
PATCH 0000019A899DBA60 collectRemote address=0000019AC8676000
PATCH 0000019A899DCAD0 acquireBlock address=0000019AC868F000
PATCH 0000019A855441E0 checkAllocated address=0000019AC86A2000
PATCH 0000019A855439A8 checkFree address=0000019AC86A4000
PATCH 0000019A85549C48 checkPageAddress address=0000019AC86A8000
PATCH 0000019A8554A480 freeBlock address=0000019AC86AE000
DEFER 0000019A89554368 swagLifecycleInitWrapper shard=8 offset=12480 address=0000000000000000
PATCH 0000019A8554ACB8 assertIsAllocated address=0000019AC86B7000
DEFER 0000019A8554EE78 opDrop shard=8 offset=12488 address=0000000000000000
DEFER 0000019A894A4988 swagLifecycleInitWrapper shard=8 offset=15016 address=0000000000000000
DEFER 0000019A894A3E88 swagLifecycleInitWrapper shard=8 offset=15704 address=0000000000000000
DEFER 0000019A894A3388 swagLifecycleInitWrapper shard=8 offset=17288 address=0000000000000000
DEFER 0000019A8B5CEC08 swagLifecycleInitWrapper shard=8 offset=19032 address=0000000000000000
PATCH 0000019A894F9D98 __printPanicReport address=0000019AC86D4000
DEFER 0000019A8956ACC0 swagLifecycleInitWrapper shard=8 offset=19856 address=0000000000000000
PATCH 0000019A894FA5D0 Swag.panic address=0000019AC86D6000
DEFER 0000019A850FE388 swagLifecycleInitWrapper shard=8 offset=20944 address=0000000000000000
DEFER 0000019A8A8342F8 swagLifecycleInitWrapper shard=8 offset=22144 address=0000000000000000
DEFER 0000019A895042F8 swagLifecycleInitWrapper shard=8 offset=22752 address=0000000000000000
PATCH 0000019A8B5A63A0 __runtimeAllocator address=0000019AC86B9000
PATCH 0000019A855185B8 Swag.print address=0000019AC86C7000
PATCH 0000019A8B5A7C48 __checkCpuBaseline address=0000019AC86DC000
PATCH 0000019A8998CD98 __hostHasAvx2 address=0000019AC86DB000
PATCH 0000019A8B5B5DA8 freeMem address=0000019AC86DD000
DEFER 0000019A89554368 swagLifecycleInitWrapper shard=8 offset=12480 address=0000000000000000
PATCH 0000019A8B5B7650 releaseAll address=0000019AC86DE000
DEFER 0000019A8554EE78 opDrop shard=8 offset=12488 address=0000000000000000
DEFER 0000019A894A4988 swagLifecycleInitWrapper shard=8 offset=15016 address=0000000000000000
PATCH 0000019A8B5B6E18 release address=0000019AC86DF000
PATCH 0000019A8B5A8480 __setupRuntime address=0000019AC86E4000
PATCH 0000019A8B5A7410 __resetRuntimeContext address=0000019AC86E0000
PATCH 0000019A8998C560 __osCommandLine address=0000019AC86E1000
DEFER 0000019A894A3E88 swagLifecycleInitWrapper shard=8 offset=15704 address=0000000000000000
PATCH 0000019A8B5B7E88 setCapacity address=0000019AC86E3000
DEFER 0000019A894A3388 swagLifecycleInitWrapper shard=8 offset=17288 address=0000000000000000
DEFER 0000019A8B5CEC08 swagLifecycleInitWrapper shard=8 offset=19032 address=0000000000000000
DEFER 0000019A8956ACC0 swagLifecycleInitWrapper shard=8 offset=19856 address=0000000000000000
DEFER 0000019A850FE388 swagLifecycleInitWrapper shard=8 offset=20944 address=0000000000000000
DEFER 0000019A8A8342F8 swagLifecycleInitWrapper shard=8 offset=22144 address=0000000000000000
DEFER 0000019A895042F8 swagLifecycleInitWrapper shard=8 offset=22752 address=0000000000000000
PATCH 0000019A85514A18 installAllocator address=0000019AC86E2000
PATCH 0000019A8B5A02B8 __run_0 address=0000019AC86E5000
PATCH 0000019A8A70BD28 __tlsGetValue address=0000019AC8737000
PATCH 0000019A8B997330 __hostPageReserve address=0000019AC8736000
PATCH 0000019A8B9D0FC8 __bootstrapAlloc address=0000019AC873B000
PATCH 0000019A8B9D1800 __bootstrapFree address=0000019AC8740000
PATCH 0000019A8A8439A8 defaultAllocator address=0000019AC8741000
PATCH 0000019A8A8393A0 installed address=0000019AC8742000
PATCH 0000019A8B998BD8 __hostPageRelease address=0000019AC873A000
PATCH 0000019A8A838330 setup address=0000019AC8744000
PATCH 0000019A8B9F9480 __hostTlsAlloc address=0000019AC8734000
PATCH 0000019A8A70C560 __tlsSetValue address=0000019AC873F000
PATCH 0000019A8A839BD8 diagnosticMode address=0000019AC8746000
PATCH 0000019A8B997B68 __hostPageCommit address=0000019AC8738000
PATCH 0000019A8B999BC0 lock address=0000019AC8747000
PATCH 0000019A8B99A3F8 unlock address=0000019AC8749000
PATCH 0000019A8A838B68 configure address=0000019AC8743000
PATCH 0000019A8A840858 unlockDiagnostic address=0000019AC874A000
PATCH 0000019A8A8583A0 usesHeaderPath address=0000019AC874C000
PATCH 0000019A8A840020 lockDiagnostic address=0000019AC8748000
PATCH 0000019A8AAC31D8 atomicAddU64 address=0000019AC874F000
PATCH 0000019A8A83A410 osAlloc address=0000019AC8752000
PATCH 0000019A8A8518C8 userAddress address=0000019AC8754000
PATCH 0000019A8A853170 setFooterMagic address=0000019AC8756000
PATCH 0000019A8A854A18 linkAllocated address=0000019AC8759000
PATCH 0000019A8AACA7B0 lockRemote address=0000019AC875C000
PATCH 0000019A8AAC8F08 decode address=0000019AC875E000
PATCH 0000019A8AAC4248 atomicSubU32 address=0000019AC8760000
PATCH 0000019A8AAC29A0 atomicGet address=0000019AC875B000
PATCH 0000019A8AACE400 segmentBase address=0000019AC8763000
PATCH 0000019A8AAC7E98 isBlockAddress address=0000019AC875F000
PATCH 0000019A8AAC3A10 atomicSubU64 address=0000019AC8767000
PATCH 0000019A8AA84A18 allocatorSegmentOf address=0000019AC8762000
PATCH 0000019A8AA81090 clearPageBit address=0000019AC8769000
PATCH 0000019A8B9983A0 __hostPageDecommit address=0000019AC8766000
PATCH 0000019A8A83D560 unlinkHeap address=0000019AC876B000
PATCH 0000019A8AA80858 releasePage address=0000019AC876A000
PATCH 0000019A8AACAFE8 unlockRemote address=0000019AC875D000
PATCH 0000019A8A832C08 retireAllocatorThreadHeap address=0000019AC876F000
PATCH 0000019A8B9FAD28 __hostThreadStorageAlloc address=0000019AC8770000
PATCH 0000019A8A83B480 osFree address=0000019AC876D000
PATCH 0000019A8B9FB560 __hostThreadStorageFree address=0000019AC8771000
PATCH 0000019A8A833440 allocatorThreadHeapFlsId address=0000019AC8772000
PATCH 0000019A8A833C78 currentAllocatorThreadHeap address=0000019AC8774000
PATCH 0000019A8AAC5AF0 allocatorOsDecommit address=0000019AC8768000
PATCH 0000019A8A8344B0 setCurrentAllocatorThreadHeap address=0000019AC8776000
PATCH 0000019A8A83CD28 retireThreadHeap address=0000019AC876E000
PATCH 0000019A8B9FCE08 __hostCurrentThreadId address=0000019AC8777000
PATCH 0000019A8A834CE8 currentThreadId address=0000019AC8778000
PATCH 0000019A8B9FBD98 __hostThreadStorageGet address=0000019AC8773000
PATCH 0000019A8A83C4F0 threadHeap address=0000019AC877A000
PATCH 0000019A8A836A88 classUnitShift address=0000019AC877C000
PATCH 0000019A8B9FC5D0 __hostThreadStorageSet address=0000019AC8775000
PATCH 0000019A8A83DD98 linkPage address=0000019AC877D000
PATCH 0000019A8A83BCB8 allocateThreadHeap address=0000019AC8779000
PATCH 0000019A8AAC6328 allocatorNextKey address=0000019AC877F000
PATCH 0000019A8AA80020 acquirePage address=0000019AC8782000
PATCH 0000019A8AAC6E28 setup address=0000019AC8781000
PATCH 0000019A8AAC52B8 allocatorOsCommit address=0000019AC877E000
PATCH 0000019A8AAC7660 setupBlockDivision address=0000019AC8780000
PATCH 0000019A8AA82100 allocatorAddArena address=0000019AC8784000
PATCH 0000019A8AA82938 allocatorCreateSegment address=0000019AC8785000
PATCH 0000019A8AAC4A80 osReserve address=0000019AC8783000
PATCH 0000019A8A850020 acquireBlock address=0000019AC8789000
PATCH 0000019A8A83EE08 acquirePageForClass address=0000019AC8787000
PATCH 0000019A8AA83170 allocatorAcquireSegment address=0000019AC8786000
PATCH 0000019A8A841090 alloc address=0000019AC878B000
PATCH 0000019A8A852938 footerMagic address=0000019AC878D000
PATCH 0000019A8AA841E0 allocatorPageOf address=0000019AC878C000
PATCH 0000019A8A855250 unlinkAllocated address=0000019AC878F000
PATCH 0000019A8A83F640 acquireBlockSlow address=0000019AC8788000
PATCH 0000019A8A855A88 quarantine address=0000019AC8791000
PATCH 0000019A8A856AF8 cacheFreedBlock address=0000019AC8792000
PATCH 0000019A8A858BD8 allocate address=0000019AC878A000
PATCH 0000019A8AACD900 releaseBlock address=0000019AC8795000
PATCH 0000019A8AAC86D0 encode address=0000019AC8797000
PATCH 0000019A8AACC058 pushRemote address=0000019AC8799000
PATCH 0000019A8A857B68 freeHeaderBlock address=0000019AC8793000
PATCH 0000019A8A8418C8 realloc address=0000019AC879C000
PATCH 0000019A8A850858 retirePage address=0000019AC8798000
PATCH 0000019A8A842100 free address=0000019AC879D000
PATCH 0000019A8AA818C8 isEmpty address=0000019AC879E000
PATCH 0000019A8A83E5D0 unlinkPage address=0000019AC8796000
PATCH 0000019A8AA839A8 allocatorReleaseSegment address=0000019AC879F000
PATCH 0000019A8AACD0C8 holdsFreeBlock address=0000019AC87A2000
PATCH 0000019A8A859410 reallocate address=0000019AC879B000
PATCH 0000019A8A85CD98 releaseAll address=0000019AC87A0000
PATCH 0000019A8A70CD98 __tlsGetPtr address=0000019AC87A5000
PATCH 0000019A8A848DF0 Swag.stringCmp address=0000019AC87A9000
PATCH 0000019A8A843170 assertAllocated address=0000019AC87A4000
PATCH 0000019A85522748 Swag.typeAs address=0000019AC87AB000
PATCH 0000019A855216D8 __concreteAlias address=0000019AC87A6000
PATCH 0000019A8A845CA0 __utoa address=0000019AC87AD000
PATCH 0000019A85522F80 Swag.typeCmp address=0000019AC87AA000
PATCH 0000019A8B9ED5D0 __printString address=0000019AC87AC000
PATCH 0000019A8A77A350 Swag.memcmp address=0000019AC87A8000
PATCH 0000019A8A846D10 __printU64 address=0000019AC87AE000
PATCH 0000019A8A845468 __itoa address=0000019AC87AF000
PATCH 0000019A8A847548 __printS64 address=0000019AC87B0000
PATCH 0000019A8A847D80 __printF64 address=0000019AC87B2000
PATCH 0000019A8A8464D8 __ftoa address=0000019AC87B1000
PATCH 0000019A8A925C20 __peU32 address=0000019AC87B5000
PATCH 0000019A8A842938 freeAll address=0000019AC87A1000
PATCH 0000019A8A9274C8 __hostReleaseDecodedDebugSection address=0000019AC87B6000
PATCH 0000019A8A702DB0 __dbgU32 address=0000019AC87BA000
PATCH 0000019A8A926458 __hostDebugSection address=0000019AC87B8000
PATCH 0000019A8A926C90 __hostDecodeDebugSection address=0000019AC87B9000
PATCH 0000019A8A704658 __symbolize address=0000019AC87BD000
PATCH 0000019A8A9253E8 __peU16 address=0000019AC87B7000
PATCH 0000019A8A704E90 __hasStackTraceSymbols address=0000019AC87BE000
PATCH 0000019A8A924BB0 __hostImageBaseForAddress address=0000019AC87B4000
PATCH 0000019A8A7056C8 __logStackTrace address=0000019AC87BF000
PATCH 0000019A8B9EF6B0 __exitError address=0000019AC87C1000
PATCH 0000019A8A7035E8 __dbgFindSection address=0000019AC87BB000
PATCH 0000019A85525AE8 Swag.jit address=0000019AC87C4000
PATCH 0000019A85542AF0 __run_expr_1 address=0000019AC87C5000
PATCH 0000019A89926C30 swagLifecycleInitWrapper address=0000019AC87C6000
PATCH 0000019A8A70B4F0 __tlsAlloc address=0000019AC87C3000
PATCH 0000019A8A703E20 __dbgStr address=0000019AC87BC000
PATCH 0000019A8B9F9CB8 __hostTlsGet address=0000019AC8739000
PATCH 0000019A8B9D0790 __bootstrapRoundedSize address=0000019AC8735000
PATCH 0000019A8A777A38 __memoryCopyForward address=0000019AC873C000
PATCH 0000019A8A7792E0 Swag.memcpy address=0000019AC873D000
PATCH 0000019A8B9FA4F0 __hostTlsSet address=0000019AC873E000
PATCH 0000019A8A835A18 classSize address=0000019AC874E000
PATCH 0000019A8A8372C0 memAlign address=0000019AC874D000
PATCH 0000019A8A836250 sizeClass address=0000019AC874B000
PATCH 0000019A8A8562C0 popCachedBlock address=0000019AC8751000
PATCH 0000019A8B9EDE08 __raiseException666 address=0000019AC8745000
PATCH 0000019A8A852100 footer address=0000019AC8755000
PATCH 0000019A8A778AA8 Swag.memset address=0000019AC8757000
PATCH 0000019A8A83AC48 osAllocGuarded address=0000019AC8750000
PATCH 0000019A8A857330 allocateHeaderBlock address=0000019AC875A000
PATCH 0000019A8A924378 __captureStack address=0000019AC8758000
PATCH 0000019A8AACB820 collectRemote address=0000019AC8761000
PATCH 0000019A8A851090 headerOf address=0000019AC8753000
PATCH 0000019A8AACF470 pageCommitEnd address=0000019AC8765000
PATCH 0000019A8AACEC38 pageCommitStart address=0000019AC8764000
PATCH 0000019A8B9DAE08 Swag.safetyPanic address=0000019AC876C000
PATCH 0000019A8AACC890 acquireBlock address=0000019AC877B000
PATCH 0000019A8A8541E0 checkAllocated address=0000019AC878E000
PATCH 0000019A8A8539A8 checkFree address=0000019AC8790000
PATCH 0000019A8A859C48 checkPageAddress address=0000019AC8794000
PATCH 0000019A8A85A480 freeBlock address=0000019AC879A000
PATCH 0000019A8A85ACB8 assertIsAllocated address=0000019AC87A3000
DEFER 0000019A89955C40 swagLifecycleInitWrapper shard=0 offset=4752 address=0000000000000000
DEFER 0000019A8A85EE78 opDrop shard=0 offset=4760 address=0000000000000000
DEFER 0000019A89933C80 swagLifecycleInitWrapper shard=0 offset=7272 address=0000000000000000
DEFER 0000019A8B5D1260 swagLifecycleInitWrapper shard=0 offset=7960 address=0000000000000000
DEFER 0000019A8A974120 swagLifecycleInitWrapper shard=0 offset=9056 address=0000000000000000
DEFER 0000019A8952EC18 swagLifecycleInitWrapper shard=0 offset=10800 address=0000000000000000
DEFER 0000019A8AAB22F8 swagLifecycleInitWrapper shard=0 offset=11624 address=0000000000000000
DEFER 0000019A8A92A300 swagLifecycleInitWrapper shard=0 offset=12712 address=0000000000000000
DEFER 0000019A8AAE96A0 swagLifecycleInitWrapper shard=0 offset=13912 address=0000000000000000
DEFER 0000019A855497B0 swagLifecycleInitWrapper shard=0 offset=14520 address=0000000000000000
PATCH 0000019A85526320 __runtimeAllocator address=0000019AC87A7000
PATCH 0000019A8B9DA5D0 Swag.panic address=0000019AC87C2000
PATCH 0000019A8B9D9D98 __printPanicReport address=0000019AC87C0000
PATCH 0000019A8A8485B8 Swag.print address=0000019AC87B3000
PATCH 0000019A85527BC8 __checkCpuBaseline address=0000019AC87C8000
PATCH 0000019A8A84C2E8 release address=0000019AC87CC000
PATCH 0000019A85527390 __resetRuntimeContext address=0000019AC87CB000
PATCH 0000019A8A84CB20 releaseAll address=0000019AC87CA000
PATCH 0000019A8B9EC560 __osCommandLine address=0000019AC87CD000
PATCH 0000019A8A84D358 setCapacity address=0000019AC87CF000
PATCH 0000019A8B9ECD98 __hostHasAvx2 address=0000019AC87C7000
PATCH 0000019A85528400 __setupRuntime address=0000019AC87D0000
PATCH 0000019A8A84B278 freeMem address=0000019AC87C9000
DEFER 0000019A89955C40 swagLifecycleInitWrapper shard=0 offset=4752 address=0000000000000000
DEFER 0000019A8A85EE78 opDrop shard=0 offset=4760 address=0000000000000000
DEFER 0000019A89933C80 swagLifecycleInitWrapper shard=0 offset=7272 address=0000000000000000
DEFER 0000019A8B5D1260 swagLifecycleInitWrapper shard=0 offset=7960 address=0000000000000000
DEFER 0000019A8A974120 swagLifecycleInitWrapper shard=0 offset=9056 address=0000000000000000
DEFER 0000019A8952EC18 swagLifecycleInitWrapper shard=0 offset=10800 address=0000000000000000
DEFER 0000019A8AAB22F8 swagLifecycleInitWrapper shard=0 offset=11624 address=0000000000000000
DEFER 0000019A8A92A300 swagLifecycleInitWrapper shard=0 offset=12712 address=0000000000000000
DEFER 0000019A8AAE96A0 swagLifecycleInitWrapper shard=0 offset=13912 address=0000000000000000
DEFER 0000019A855497B0 swagLifecycleInitWrapper shard=0 offset=14520 address=0000000000000000
PATCH 0000019A8A844A18 installAllocator address=0000019AC87CE000
PATCH 0000019A85520238 __run_0 address=0000019AC87D1000
PATCH 0000019A8A5F9CB8 __hostTlsAlloc address=0000019AC8820000
PATCH 0000019A8A5A7B68 __hostPageReserve address=0000019AC8824000
PATCH 0000019A8A5A9410 __hostPageRelease address=0000019AC8826000
PATCH 0000019A8A632250 __bootstrapFree address=0000019AC882C000
PATCH 0000019A89E086C0 __tlsSetValue address=0000019AC882B000
PATCH 0000019A8B8F39A8 defaultAllocator address=0000019AC882D000
PATCH 0000019A8A5A83A0 __hostPageCommit address=0000019AC8825000
PATCH 0000019A8B8A93A0 installed address=0000019AC882E000
PATCH 0000019A8B8A8B68 configure address=0000019AC882F000
PATCH 0000019A8A631A18 __bootstrapAlloc address=0000019AC8827000
PATCH 0000019A8B8A9BD8 diagnosticMode address=0000019AC8832000
PATCH 0000019A8B8F0020 lockDiagnostic address=0000019AC8834000
PATCH 0000019A8A5AA3F8 lock address=0000019AC8833000
PATCH 0000019A8B8F0858 unlockDiagnostic address=0000019AC8836000
PATCH 0000019A8B8D83A0 usesHeaderPath address=0000019AC8838000
PATCH 0000019A855531D8 atomicAddU64 address=0000019AC883B000
PATCH 0000019A8B8AA410 osAlloc address=0000019AC883E000
PATCH 0000019A8A5AAC30 unlock address=0000019AC8835000
PATCH 0000019A8B8D18C8 userAddress address=0000019AC8840000
PATCH 0000019A8B8D4A18 linkAllocated address=0000019AC8845000
PATCH 0000019A8B8A8330 setup address=0000019AC8830000
PATCH 0000019A8B8D3170 setFooterMagic address=0000019AC8842000
PATCH 0000019A855529A0 atomicGet address=0000019AC8847000
PATCH 0000019A8555A9F0 lockRemote address=0000019AC8848000
PATCH 0000019A8555B228 unlockRemote address=0000019AC8849000
PATCH 0000019A85559148 decode address=0000019AC884A000
PATCH 0000019A855580D8 isBlockAddress address=0000019AC884B000
PATCH 0000019A85554248 atomicSubU32 address=0000019AC884C000
PATCH 0000019A8555E640 segmentBase address=0000019AC884F000
PATCH 0000019A85564A18 allocatorSegmentOf address=0000019AC884E000
PATCH 0000019A85553A10 atomicSubU64 address=0000019AC8851000
PATCH 0000019A85561090 clearPageBit address=0000019AC8853000
PATCH 0000019A8B8AD560 unlinkHeap address=0000019AC8857000
PATCH 0000019A8B8AB480 osFree address=0000019AC8858000
PATCH 0000019A85560858 releasePage address=0000019AC8856000
PATCH 0000019A8B8A2C08 retireAllocatorThreadHeap address=0000019AC885B000
PATCH 0000019A8555F6B0 pageCommitEnd address=0000019AC8854000
PATCH 0000019A8A5FB560 __hostThreadStorageAlloc address=0000019AC885C000
PATCH 0000019A8A5FBD98 __hostThreadStorageFree address=0000019AC885D000
PATCH 0000019A8B8ACD28 retireThreadHeap address=0000019AC885A000
PATCH 0000019A8B8A3440 allocatorThreadHeapFlsId address=0000019AC885E000
PATCH 0000019A8A5FC5D0 __hostThreadStorageGet address=0000019AC885F000
PATCH 0000019A8A5A8BD8 __hostPageDecommit address=0000019AC8859000
PATCH 0000019A8B8A44B0 setCurrentAllocatorThreadHeap address=0000019AC8862000
PATCH 0000019A8A5FCE08 __hostThreadStorageSet address=0000019AC8861000
PATCH 0000019A8B8ABCB8 allocateThreadHeap address=0000019AC8865000
PATCH 0000019A8B8ADD98 linkPage address=0000019AC8869000
PATCH 0000019A8A5FD640 __hostCurrentThreadId address=0000019AC8863000
PATCH 0000019A855554F8 allocatorOsCommit address=0000019AC886A000
PATCH 0000019A8B8A3C78 currentAllocatorThreadHeap address=0000019AC8860000
PATCH 0000019A85556568 allocatorNextKey address=0000019AC886B000
PATCH 0000019A8B8AC4F0 threadHeap address=0000019AC8866000
PATCH 0000019A855578A0 setupBlockDivision address=0000019AC886C000
PATCH 0000019A85554A80 osReserve address=0000019AC886F000
PATCH 0000019A85560020 acquirePage address=0000019AC886E000
PATCH 0000019A85557068 setup address=0000019AC886D000
PATCH 0000019A85563170 allocatorAcquireSegment address=0000019AC8872000
PATCH 0000019A85562100 allocatorAddArena address=0000019AC8870000
PATCH 0000019A85562938 allocatorCreateSegment address=0000019AC8871000
PATCH 0000019A8B8AF640 acquireBlockSlow address=0000019AC8874000
PATCH 0000019A8B8D0020 acquireBlock address=0000019AC8875000
PATCH 0000019A8B8D8BD8 allocate address=0000019AC8876000
PATCH 0000019A8B8A6A88 classUnitShift address=0000019AC8868000
PATCH 0000019A8B8AEE08 acquirePageForClass address=0000019AC8873000
PATCH 0000019A8B8D5250 unlinkAllocated address=0000019AC887B000
PATCH 0000019A8B8A4CE8 currentThreadId address=0000019AC8864000
PATCH 0000019A8B8D5A88 quarantine address=0000019AC887D000
PATCH 0000019A8B8F1090 alloc address=0000019AC8877000
PATCH 0000019A8B8D7B68 freeHeaderBlock address=0000019AC887F000
PATCH 0000019A8B8D6AF8 cacheFreedBlock address=0000019AC887E000
PATCH 0000019A8B8D2938 footerMagic address=0000019AC8879000
PATCH 0000019A85558910 encode address=0000019AC8881000
PATCH 0000019A855641E0 allocatorPageOf address=0000019AC8878000
PATCH 0000019A8555C298 pushRemote address=0000019AC8883000
PATCH 0000019A8B8F18C8 realloc address=0000019AC8886000
PATCH 0000019A8B8D9410 reallocate address=0000019AC8885000
PATCH 0000019A855618C8 isEmpty address=0000019AC8888000
PATCH 0000019A855639A8 allocatorReleaseSegment address=0000019AC8889000
PATCH 0000019A8B8DCD98 releaseAll address=0000019AC888B000
PATCH 0000019A8555DB40 releaseBlock address=0000019AC888A000
PATCH 0000019A8B8F2938 freeAll address=0000019AC888D000
PATCH 0000019A8B8AE5D0 unlinkPage address=0000019AC888C000
PATCH 0000019A8555D308 holdsFreeBlock address=0000019AC888E000
PATCH 0000019A8B8F3170 assertAllocated address=0000019AC8890000
PATCH 0000019A89E10C88 __concreteAlias address=0000019AC8893000
PATCH 0000019A89E57CF8 Swag.stringCmp address=0000019AC8895000
PATCH 0000019A89E1C790 Swag.memcmp address=0000019AC8894000
PATCH 0000019A8B8F2100 free address=0000019AC8887000
PATCH 0000019A89E12530 Swag.typeCmp address=0000019AC8896000
PATCH 0000019A89E54BA8 __utoa address=0000019AC8899000
PATCH 0000019A89E55C18 __printU64 address=0000019AC889A000
PATCH 0000019A8A58DE08 __printString address=0000019AC8898000
PATCH 0000019A89E54370 __itoa address=0000019AC889B000
PATCH 0000019A89E08EF8 __tlsGetPtr address=0000019AC8892000
PATCH 0000019A89E553E0 __ftoa address=0000019AC889D000
PATCH 0000019A89E11CF8 Swag.typeAs address=0000019AC8897000
PATCH 0000019A8A597DB8 __hostReleaseDecodedDebugSection address=0000019AC88A1000
PATCH 0000019A8A5954A0 __hostImageBaseForAddress address=0000019AC88A0000
PATCH 0000019A8A595CD8 __peU16 address=0000019AC88A3000
PATCH 0000019A89E56C88 __printF64 address=0000019AC889E000
PATCH 0000019A8A596D48 __hostDebugSection address=0000019AC88A4000
PATCH 0000019A8A596510 __peU32 address=0000019AC88A2000
PATCH 0000019A85566738 __dbgFindSection address=0000019AC88A7000
PATCH 0000019A8A597580 __hostDecodeDebugSection address=0000019AC88A5000
PATCH 0000019A89E56450 __printS64 address=0000019AC889C000
PATCH 0000019A85566F70 __dbgStr address=0000019AC88A8000
PATCH 0000019A85567FE0 __hasStackTraceSymbols address=0000019AC88AA000
PATCH 0000019A8A590020 __exitError address=0000019AC88AD000
PATCH 0000019A855677A8 __symbolize address=0000019AC88A9000
PATCH 0000019A89E07650 __tlsAlloc address=0000019AC88AF000
PATCH 0000019A85568818 __logStackTrace address=0000019AC88AB000
PATCH 0000019A8A599098 __run_expr_1 address=0000019AC88B1000
PATCH 0000019A855102E8 swagLifecycleInitWrapper address=0000019AC88B2000
PATCH 0000019A89E15098 Swag.jit address=0000019AC88B0000
PATCH 0000019A85565F00 __dbgU32 address=0000019AC88A6000
PATCH 0000019A89E07E88 __tlsGetValue address=0000019AC8821000
PATCH 0000019A8A5FA4F0 __hostTlsGet address=0000019AC8823000
PATCH 0000019A8A6311E0 __bootstrapRoundedSize address=0000019AC8822000
PATCH 0000019A89E1B720 Swag.memcpy address=0000019AC8829000
PATCH 0000019A8B8D9C48 checkPageAddress address=0000019AC8880000
PATCH 0000019A89E19E78 __memoryCopyForward address=0000019AC8828000
PATCH 0000019A8A5FAD28 __hostTlsSet address=0000019AC882A000
PATCH 0000019A8B8A6250 sizeClass address=0000019AC8837000
PATCH 0000019A8B8A72C0 memAlign address=0000019AC8839000
PATCH 0000019A8B8A5A18 classSize address=0000019AC883A000
PATCH 0000019A8B8AAC48 osAllocGuarded address=0000019AC883C000
PATCH 0000019A8B8D62C0 popCachedBlock address=0000019AC883D000
PATCH 0000019A8B8D1090 headerOf address=0000019AC883F000
PATCH 0000019A8B8D2100 footer address=0000019AC8841000
PATCH 0000019A8A58E640 __raiseException666 address=0000019AC8831000
PATCH 0000019A8A594C68 __captureStack address=0000019AC8844000
PATCH 0000019A8B8D7330 allocateHeaderBlock address=0000019AC8846000
PATCH 0000019A85555D30 allocatorOsDecommit address=0000019AC8852000
PATCH 0000019A8555EE78 pageCommitStart address=0000019AC8850000
PATCH 0000019A8555BA60 collectRemote address=0000019AC884D000
PATCH 0000019A8A63B858 Swag.safetyPanic address=0000019AC8855000
PATCH 0000019A89E1AEE8 Swag.memset address=0000019AC8843000
PATCH 0000019A8555CAD0 acquireBlock address=0000019AC8867000
PATCH 0000019A8B8D41E0 checkAllocated address=0000019AC887A000
PATCH 0000019A8B8D39A8 checkFree address=0000019AC887C000
PATCH 0000019A8B8D0858 retirePage address=0000019AC8882000
PATCH 0000019A8B8DA480 freeBlock address=0000019AC8884000
PATCH 0000019A8B8DACB8 assertIsAllocated address=0000019AC888F000
DEFER 0000019A8A9502E8 swagLifecycleInitWrapper shard=0 offset=4088 address=0000000000000000
DEFER 0000019A8B8DEE78 opDrop shard=0 offset=4096 address=0000000000000000
DEFER 0000019A8A72B790 swagLifecycleInitWrapper shard=0 offset=6608 address=0000000000000000
DEFER 0000019A8A708118 swagLifecycleInitWrapper shard=0 offset=7296 address=0000000000000000
PATCH 0000019A8A63B020 Swag.panic address=0000019AC88AE000
DEFER 0000019A8AAF2480 swagLifecycleInitWrapper shard=0 offset=8392 address=0000000000000000
PATCH 0000019A8A63A7E8 __printPanicReport address=0000019AC88AC000
DEFER 0000019A89D9B1E0 swagLifecycleInitWrapper shard=0 offset=10136 address=0000000000000000
DEFER 0000019A85520D48 swagLifecycleInitWrapper shard=0 offset=10960 address=0000000000000000
DEFER 0000019A85520020 swagLifecycleInitWrapper shard=0 offset=12048 address=0000000000000000
PATCH 0000019A89E574C0 Swag.print address=0000019AC889F000
DEFER 0000019A8AAF0E80 swagLifecycleInitWrapper shard=0 offset=13248 address=0000000000000000
DEFER 0000019A89DF3A68 swagLifecycleInitWrapper shard=0 offset=13856 address=0000000000000000
PATCH 0000019A89E158D0 __runtimeAllocator address=0000019AC8891000
PATCH 0000019A89DB75C8 releaseAll address=0000019AC88B6000
PATCH 0000019A8A58D5D0 __hostHasAvx2 address=0000019AC88B3000
PATCH 0000019A89DB5D20 freeMem address=0000019AC88B5000
PATCH 0000019A8A58CD98 __osCommandLine address=0000019AC88B9000
PATCH 0000019A89DB6D90 release address=0000019AC88B7000
PATCH 0000019A89E179B0 __setupRuntime address=0000019AC88BC000
PATCH 0000019A89E16940 __resetRuntimeContext address=0000019AC88B8000
PATCH 0000019A89DB7E00 setCapacity address=0000019AC88BB000
PATCH 0000019A89E17178 __checkCpuBaseline address=0000019AC88B4000
DEFER 0000019A8A9502E8 swagLifecycleInitWrapper shard=0 offset=4088 address=0000000000000000
DEFER 0000019A8B8DEE78 opDrop shard=0 offset=4096 address=0000000000000000
DEFER 0000019A8A72B790 swagLifecycleInitWrapper shard=0 offset=6608 address=0000000000000000
DEFER 0000019A8A708118 swagLifecycleInitWrapper shard=0 offset=7296 address=0000000000000000
DEFER 0000019A8AAF2480 swagLifecycleInitWrapper shard=0 offset=8392 address=0000000000000000
DEFER 0000019A89D9B1E0 swagLifecycleInitWrapper shard=0 offset=10136 address=0000000000000000
DEFER 0000019A85520D48 swagLifecycleInitWrapper shard=0 offset=10960 address=0000000000000000
DEFER 0000019A85520020 swagLifecycleInitWrapper shard=0 offset=12048 address=0000000000000000
DEFER 0000019A8AAF0E80 swagLifecycleInitWrapper shard=0 offset=13248 address=0000000000000000
DEFER 0000019A89DF3A68 swagLifecycleInitWrapper shard=0 offset=13856 address=0000000000000000
PATCH 0000019A8B8F4A18 installAllocator address=0000019AC88BA000
PATCH 0000019A8A630238 __run_0 address=0000019AC88BD000
PATCH 0000019A8C4D0020 Swag.jit address=0000019AC890D000
PATCH 0000019A8A72CA60 Swag.stringCmp address=0000019AC8912000
PATCH 0000019A8C48B3B0 __concreteAlias address=0000019AC8910000
PATCH 0000019A8A72A980 __printU64 address=0000019AC8917000
PATCH 0000019A8A714610 __tlsGetValue address=0000019AC890E000
PATCH 0000019A8A72B1B8 __printS64 address=0000019AC8919000
PATCH 0000019A8A729910 __utoa address=0000019AC8916000
PATCH 0000019A8A72A148 __ftoa address=0000019AC891B000
PATCH 0000019A8C48C420 Swag.typeAs address=0000019AC8914000
PATCH 0000019A8A7290D8 __itoa address=0000019AC8918000
PATCH 0000019A8A72B9F0 __printF64 address=0000019AC891A000
PATCH 0000019A89C71090 __peU16 address=0000019AC891F000
PATCH 0000019A89C718C8 __peU32 address=0000019AC8920000
PATCH 0000019A89C72938 __hostDecodeDebugSection address=0000019AC8922000
PATCH 0000019A89C70858 __hostImageBaseForAddress address=0000019AC891D000
PATCH 0000019A8A915158 __dbgFindSection address=0000019AC8924000
PATCH 0000019A8A916A00 __hasStackTraceSymbols address=0000019AC8927000
PATCH 0000019A8A914920 __dbgU32 address=0000019AC8923000
PATCH 0000019A89C6ACB8 __exitError address=0000019AC892A000
PATCH 0000019A8A75A698 Swag.safetyPanic address=0000019AC892D000
PATCH 0000019A89C73170 __hostReleaseDecodedDebugSection address=0000019AC891E000
PATCH 0000019A8A759628 __printPanicReport address=0000019AC8929000
PATCH 0000019A8BCECF40 swagLifecycleInitWrapper address=0000019AC892F000
PATCH 0000019A8A8D3F68 __run_expr_1 address=0000019AC892E000
PATCH 0000019A8C4F52C0 __hostTlsGet address=0000019AC890C000
PATCH 0000019A89C70020 __captureStack address=0000019AC890F000
PATCH 0000019A8C4D7718 Swag.memcmp address=0000019AC8911000
PATCH 0000019A8C48CC58 Swag.typeCmp address=0000019AC8913000
PATCH 0000019A89C68BD8 __printString address=0000019AC8915000
PATCH 0000019A89C72100 __hostDebugSection address=0000019AC8921000
PATCH 0000019A8A915990 __dbgStr address=0000019AC8925000
PATCH 0000019A8A9161C8 __symbolize address=0000019AC8926000
PATCH 0000019A8A72C228 Swag.print address=0000019AC891C000
PATCH 0000019A8A917238 __logStackTrace address=0000019AC8928000
PATCH 0000019A8A759E60 Swag.panic address=0000019AC892B000
PATCH 0000019A89C69410 __raiseException666 address=0000019AC892C000
PATCH 0000019A8C4D2100 __checkCpuBaseline address=0000019AC8931000
PATCH 0000019A89C683A0 __hostHasAvx2 address=0000019AC8930000
PATCH 0000019A8C488EA0 defaultAllocator address=0000019AC8932000
PATCH 0000019A8C4BE070 configure address=0000019AC8934000
PATCH 0000019A8C4BE8A8 installed address=0000019AC8933000
PATCH 0000019A8C4BF0E0 diagnosticMode address=0000019AC8936000
PATCH 0000019A8C4BD838 setup address=0000019AC8935000
PATCH 0000019A8C4E51C8 lock address=0000019AC8937000
PATCH 0000019A8C485518 lockDiagnostic address=0000019AC8938000
PATCH 0000019A8C485D50 unlockDiagnostic address=0000019AC893A000
PATCH 0000019A8C4E5A00 unlock address=0000019AC8939000
PATCH 0000019A8C4ADE08 usesHeaderPath address=0000019AC8944000
PATCH 0000019A8C4BC7C8 memAlign address=0000019AC8945000
PATCH 0000019A8C4E2938 __hostPageReserve address=0000019AC8947000
PATCH 0000019A8C4BAF20 classSize address=0000019AC8946000
PATCH 0000019A8C4E3170 __hostPageCommit address=0000019AC8948000
PATCH 0000019A8AAE5A10 atomicAddU64 address=0000019AC894A000
PATCH 0000019A8C4A0858 osAllocGuarded address=0000019AC894B000
PATCH 0000019A8C4E41E0 __hostPageRelease address=0000019AC8949000
PATCH 0000019A8C4A6AF8 headerOf address=0000019AC894E000
PATCH 0000019A8C4ABD28 popCachedBlock address=0000019AC894C000
PATCH 0000019A8C4A7330 userAddress address=0000019AC894F000
PATCH 0000019A8C4A7B68 footer address=0000019AC8950000
PATCH 0000019A8C4A8BD8 setFooterMagic address=0000019AC8951000
PATCH 0000019A8C4A0020 osAlloc address=0000019AC894D000
PATCH 0000019A8C4AA480 linkAllocated address=0000019AC8953000
PATCH 0000019A8C4BB758 sizeClass address=0000019AC893B000
PATCH 0000019A8AAE51D8 atomicGet address=0000019AC8955000
PATCH 0000019A8AAECFE8 lockRemote address=0000019AC8956000
PATCH 0000019A8AAED820 unlockRemote address=0000019AC8957000
PATCH 0000019A8C4ACD98 allocateHeaderBlock address=0000019AC8954000
PATCH 0000019A8AAEB740 decode address=0000019AC8958000
PATCH 0000019A8AAE6A80 atomicSubU32 address=0000019AC895A000
PATCH 0000019A8AAEA6D0 isBlockAddress address=0000019AC8959000
PATCH 0000019A8AAC7838 allocatorSegmentOf address=0000019AC895C000
PATCH 0000019A8AAC1358 segmentBase address=0000019AC895D000
PATCH 0000019A8AAC1B90 pageCommitStart address=0000019AC895E000
PATCH 0000019A8AAEE058 collectRemote address=0000019AC895B000
PATCH 0000019A8C4E39A8 __hostPageDecommit address=0000019AC8960000
PATCH 0000019A8AAE6248 atomicSubU64 address=0000019AC8961000
PATCH 0000019A8AAC23C8 pageCommitEnd address=0000019AC895F000
PATCH 0000019A8AAC3C70 clearPageBit address=0000019AC8963000
PATCH 0000019A8AAE8328 allocatorOsDecommit address=0000019AC8962000
PATCH 0000019A8C4D5E70 Swag.memset address=0000019AC8952000
PATCH 0000019A8C4A3170 unlinkHeap address=0000019AC8966000
PATCH 0000019A8C4A2938 retireThreadHeap address=0000019AC8967000
PATCH 0000019A8C4A1090 osFree address=0000019AC8965000
PATCH 0000019A8C4B8110 retireAllocatorThreadHeap address=0000019AC8968000
PATCH 0000019A8C4F6330 __hostThreadStorageAlloc address=0000019AC8969000
PATCH 0000019A8AAC3438 releasePage address=0000019AC8964000
PATCH 0000019A8C4F73A0 __hostThreadStorageGet address=0000019AC896B000
PATCH 0000019A8C4F6B68 __hostThreadStorageFree address=0000019AC896A000
PATCH 0000019A8C4B99B8 setCurrentAllocatorThreadHeap address=0000019AC896E000
PATCH 0000019A8C4F7BD8 __hostThreadStorageSet address=0000019AC896D000
PATCH 0000019A8C4B8948 allocatorThreadHeapFlsId address=0000019AC896C000
PATCH 0000019A8C4B9180 currentAllocatorThreadHeap address=0000019AC896F000
PATCH 0000019A8C4F8410 __hostCurrentThreadId address=0000019AC8970000
PATCH 0000019A8C4A18C8 allocateThreadHeap address=0000019AC8972000
PATCH 0000019A8C4BA1F0 currentThreadId address=0000019AC8971000
PATCH 0000019A8C4BBF90 classUnitShift address=0000019AC8975000
PATCH 0000019A8C4A2100 threadHeap address=0000019AC8973000
PATCH 0000019A8C4A39A8 linkPage address=0000019AC8976000
PATCH 0000019A8AAEF0C8 acquireBlock address=0000019AC8974000
PATCH 0000019A8AAE7AF0 allocatorOsCommit address=0000019AC8977000
PATCH 0000019A8AAE8B60 allocatorNextKey address=0000019AC8978000
PATCH 0000019A8AAE9660 setup address=0000019AC897A000
PATCH 0000019A8AAE9E98 setupBlockDivision address=0000019AC8979000
PATCH 0000019A8AAC2C00 acquirePage address=0000019AC897B000
PATCH 0000019A8AAE72B8 osReserve address=0000019AC897C000
PATCH 0000019A8AAC5D50 allocatorAcquireSegment address=0000019AC897F000
PATCH 0000019A8AAC5518 allocatorCreateSegment address=0000019AC897D000
PATCH 0000019A8AAC4CE0 allocatorAddArena address=0000019AC897E000
PATCH 0000019A8C4A5A88 acquireBlock address=0000019AC8982000
PATCH 0000019A8C4A5250 acquireBlockSlow address=0000019AC8981000
PATCH 0000019A8C4A4A18 acquirePageForClass address=0000019AC8980000
PATCH 0000019A8C4A83A0 footerMagic address=0000019AC8985000
PATCH 0000019A8C486588 alloc address=0000019AC8984000
PATCH 0000019A8AAC6DC0 allocatorPageOf address=0000019AC8986000
PATCH 0000019A8C4AE640 allocate address=0000019AC8983000
PATCH 0000019A8C4A9C48 checkAllocated address=0000019AC8987000
PATCH 0000019A8C4AACB8 unlinkAllocated address=0000019AC8988000
PATCH 0000019A8C4AB4F0 quarantine address=0000019AC898A000
PATCH 0000019A8C4A9410 checkFree address=0000019AC8989000
PATCH 0000019A8C4AF6B0 checkPageAddress address=0000019AC898D000
PATCH 0000019A8AAEAF08 encode address=0000019AC898E000
PATCH 0000019A8AAC0858 releaseBlock address=0000019AC898F000
PATCH 0000019A8C4A62C0 retirePage address=0000019AC8991000
PATCH 0000019A8AAEE890 pushRemote address=0000019AC8992000
PATCH 0000019A8C4AC560 cacheFreedBlock address=0000019AC898B000
PATCH 0000019A8C480020 freeBlock address=0000019AC8993000
PATCH 0000019A8C4AD5D0 freeHeaderBlock address=0000019AC898C000
PATCH 0000019A8C4A41E0 unlinkPage address=0000019AC8990000
PATCH 0000019A8C4875F8 free address=0000019AC8996000
PATCH 0000019A8C4D4E00 __memoryCopyForward address=0000019AC8994000
PATCH 0000019A8AAC44A8 isEmpty address=0000019AC8998000
PATCH 0000019A8C4D66A8 Swag.memcpy address=0000019AC8997000
PATCH 0000019A8C4AEE78 reallocate address=0000019AC8999000
PATCH 0000019A8AAC6588 allocatorReleaseSegment address=0000019AC899A000
PATCH 0000019A8C482938 releaseAll address=0000019AC899B000
PATCH 0000019A8AAC0020 holdsFreeBlock address=0000019AC899D000
PATCH 0000019A8C480858 assertIsAllocated address=0000019AC899E000
PATCH 0000019A8C488668 assertAllocated address=0000019AC899F000
DEFER 0000019A8BCC3C48 swagLifecycleInitWrapper shard=8 offset=16120 address=0000000000000000
PATCH 0000019A8A93F660 releaseAll address=0000019AC89A2000
DEFER 0000019A8C484A18 opDrop shard=8 offset=16128 address=0000000000000000
PATCH 0000019A8C4D18C8 __resetRuntimeContext address=0000019AC89A4000
PATCH 0000019A8C487E30 freeAll address=0000019AC899C000
DEFER 0000019A8BD29B80 swagLifecycleInitWrapper shard=8 offset=18736 address=0000000000000000
PATCH 0000019A89C67B68 __osCommandLine address=0000019AC89A5000
DEFER 0000019A8BCC3C48 swagLifecycleInitWrapper shard=8 offset=16120 address=0000000000000000
DEFER 0000019A8BF5C928 swagLifecycleInitWrapper shard=8 offset=19424 address=0000000000000000
DEFER 0000019A8C484A18 opDrop shard=8 offset=16128 address=0000000000000000
PATCH 0000019A8A93DDB8 freeMem address=0000019AC89A1000
DEFER 0000019A8B7F1DF0 swagLifecycleInitWrapper shard=8 offset=20520 address=0000000000000000
DEFER 0000019A8BD29B80 swagLifecycleInitWrapper shard=8 offset=18736 address=0000000000000000
PATCH 0000019A8A93EE28 release address=0000019AC89A3000
PATCH 0000019A8A910020 setCapacity address=0000019AC89A7000
DEFER 0000019A8B8702E8 swagLifecycleInitWrapper shard=8 offset=22264 address=0000000000000000
PATCH 0000019A8C4D2938 __setupRuntime address=0000019AC89A8000
DEFER 0000019A8A97B080 swagLifecycleInitWrapper shard=8 offset=23088 address=0000000000000000
DEFER 0000019A8BF5C928 swagLifecycleInitWrapper shard=8 offset=19424 address=0000000000000000
DEFER 0000019A8A8E8158 swagLifecycleInitWrapper shard=8 offset=24176 address=0000000000000000
DEFER 0000019A8BE4E280 swagLifecycleInitWrapper shard=8 offset=25376 address=0000000000000000
DEFER 0000019A8B7F1DF0 swagLifecycleInitWrapper shard=8 offset=20520 address=0000000000000000
DEFER 0000019A8B86B610 swagLifecycleInitWrapper shard=8 offset=25984 address=0000000000000000
DEFER 0000019A8B8702E8 swagLifecycleInitWrapper shard=8 offset=22264 address=0000000000000000
PATCH 0000019A8C4D0858 __runtimeAllocator address=0000019AC89A0000
DEFER 0000019A8A97B080 swagLifecycleInitWrapper shard=8 offset=23088 address=0000000000000000
DEFER 0000019A8A8E8158 swagLifecycleInitWrapper shard=8 offset=24176 address=0000000000000000
DEFER 0000019A8BE4E280 swagLifecycleInitWrapper shard=8 offset=25376 address=0000000000000000
DEFER 0000019A8B86B610 swagLifecycleInitWrapper shard=8 offset=25984 address=0000000000000000
PATCH 0000019A8C489F10 installAllocator address=0000019AC89A6000
PATCH 0000019A8C486DC0 realloc address=0000019AC8995000
PATCH 0000019A8A774540 MAKELANGID address=0000019AC89A9000
  *  module      win32 * 31 files * 684 ms
PATCH 0000019A8A709A30 __tlsGetValue address=0000019AC8A05000
PATCH 0000019A91D36108 Swag.jit address=0000019AC8A06000
PATCH 0000019A91D31CF8 __concreteAlias address=0000019AC8A08000
PATCH 0000019A8A715468 Swag.stringCmp address=0000019AC8A0A000
PATCH 0000019A91D32D68 Swag.typeAs address=0000019AC8A0C000
PATCH 0000019A8A712318 __utoa address=0000019AC8A0E000
PATCH 0000019A8A713388 __printU64 address=0000019AC8A0F000
PATCH 0000019A8A711AE0 __itoa address=0000019AC8A10000
PATCH 0000019A8A713BC0 __printS64 address=0000019AC8A11000
PATCH 0000019A8A712B50 __ftoa address=0000019AC8A12000
PATCH 0000019A8A7143F8 __printF64 address=0000019AC8A13000
PATCH 0000019A8A76E058 __hostImageBaseForAddress address=0000019AC8A15000
PATCH 0000019A8A711090 __hostReleaseDecodedDebugSection address=0000019AC8A16000
PATCH 0000019A8A76F0C8 __peU32 address=0000019AC8A17000
PATCH 0000019A8A76E890 __peU16 address=0000019AC8A18000
PATCH 0000019A8A710858 __hostDecodeDebugSection address=0000019AC8A1A000
PATCH 0000019A8A71E2D0 __dbgU32 address=0000019AC8A1B000
PATCH 0000019A8A71EB08 __dbgFindSection address=0000019AC8A1C000
PATCH 0000019A8A770858 __hasStackTraceSymbols address=0000019AC8A1F000
PATCH 0000019A8A768BD8 __exitError address=0000019AC8A22000
PATCH 0000019A91D639A8 Swag.safetyPanic address=0000019AC8A25000
PATCH 0000019A8BF349E0 __run_expr_0 address=0000019AC8A26000
PATCH 0000019A948279D0 swagLifecycleInitWrapper address=0000019AC8A27000
PATCH 0000019A8A714C30 Swag.print address=0000019AC8A14000
PATCH 0000019A8CCC31E0 __hostTlsGet address=0000019AC8A04000
PATCH 0000019A8A76D820 __captureStack address=0000019AC8A07000
PATCH 0000019A91D335A0 Swag.typeCmp address=0000019AC8A0B000
PATCH 0000019A8CCB4FB8 Swag.memcmp address=0000019AC8A09000
PATCH 0000019A8A766AF8 __printString address=0000019AC8A0D000
PATCH 0000019A8A71F340 __dbgStr address=0000019AC8A1D000
PATCH 0000019A8A710020 __hostDebugSection address=0000019AC8A19000
PATCH 0000019A8A770020 __symbolize address=0000019AC8A1E000
PATCH 0000019A8A771090 __logStackTrace address=0000019AC8A20000
PATCH 0000019A91D63170 Swag.panic address=0000019AC8A23000
PATCH 0000019A91D62938 __printPanicReport address=0000019AC8A21000
PATCH 0000019A8A767330 __raiseException666 address=0000019AC8A24000
PATCH 0000019A8A7662C0 __hostHasAvx2 address=0000019AC8A28000
PATCH 0000019A91D381E8 __checkCpuBaseline address=0000019AC8A29000
PATCH 0000019A91D45D50 defaultAllocator address=0000019AC8A2A000
PATCH 0000019A91D0BB00 installed address=0000019AC8A2B000
PATCH 0000019A91D0B2C8 configure address=0000019AC8A2C000
PATCH 0000019A91D0AA90 setup address=0000019AC8A2D000
PATCH 0000019A91D0C338 diagnosticMode address=0000019AC8A2E000
PATCH 0000019A8CCF30E8 lock address=0000019AC8A2F000
PATCH 0000019A91D423C8 lockDiagnostic address=0000019AC8A30000
PATCH 0000019A91D42C00 unlockDiagnostic address=0000019AC8A32000
PATCH 0000019A8CCF3920 unlock address=0000019AC8A31000
PATCH 0000019A91D7ACB8 usesHeaderPath address=0000019AC8A34000
PATCH 0000019A91D089B0 sizeClass address=0000019AC8A33000
PATCH 0000019A91D09A20 memAlign address=0000019AC8A35000
PATCH 0000019A91D08178 classSize address=0000019AC8A36000
PATCH 0000019A8CCF0858 __hostPageReserve address=0000019AC8A37000
PATCH 0000019A8CCF1090 __hostPageCommit address=0000019AC8A38000
PATCH 0000019A8CCF2100 __hostPageRelease address=0000019AC8A39000
PATCH 0000019A8CC931D8 atomicAddU64 address=0000019AC8A3A000
PATCH 0000019A91D0D3A8 osAllocGuarded address=0000019AC8A3B000
PATCH 0000019A91D78BD8 popCachedBlock address=0000019AC8A3C000
PATCH 0000019A91D0CB70 osAlloc address=0000019AC8A3D000
PATCH 0000019A91D739A8 headerOf address=0000019AC8A3E000
PATCH 0000019A91D741E0 userAddress address=0000019AC8A3F000
PATCH 0000019A91D74A18 footer address=0000019AC8A40000
PATCH 0000019A91D75A88 setFooterMagic address=0000019AC8A41000
PATCH 0000019A91D77330 linkAllocated address=0000019AC8A43000
PATCH 0000019A8CCB3710 Swag.memset address=0000019AC8A42000
PATCH 0000019A8CC929A0 atomicGet address=0000019AC8A45000
PATCH 0000019A91D79C48 allocateHeaderBlock address=0000019AC8A44000
PATCH 0000019A8CC9A7B0 lockRemote address=0000019AC8A46000
PATCH 0000019A8CC9AFE8 unlockRemote address=0000019AC8A47000
PATCH 0000019A8CC98F08 decode address=0000019AC8A48000
PATCH 0000019A8CC97E98 isBlockAddress address=0000019AC8A49000
PATCH 0000019A8CC94248 atomicSubU32 address=0000019AC8A4A000
PATCH 0000019A8CC9B820 collectRemote address=0000019AC8A4B000
PATCH 0000019A8CC84A18 allocatorSegmentOf address=0000019AC8A4C000
PATCH 0000019A8CC9E400 segmentBase address=0000019AC8A4D000
PATCH 0000019A8CC9F470 pageCommitEnd address=0000019AC8A4F000
PATCH 0000019A8CC9EC38 pageCommitStart address=0000019AC8A4E000
PATCH 0000019A8CCF18C8 __hostPageDecommit address=0000019AC8A50000
PATCH 0000019A8CC93A10 atomicSubU64 address=0000019AC8A51000
PATCH 0000019A8CC81090 clearPageBit address=0000019AC8A53000
PATCH 0000019A8CC95AF0 allocatorOsDecommit address=0000019AC8A52000
PATCH 0000019A91D70020 unlinkHeap address=0000019AC8A55000
PATCH 0000019A8CC80858 releasePage address=0000019AC8A54000
PATCH 0000019A91D0DBE0 osFree address=0000019AC8A56000
PATCH 0000019A91D0F488 retireThreadHeap address=0000019AC8A57000
PATCH 0000019A91D05368 retireAllocatorThreadHeap address=0000019AC8A58000
PATCH 0000019A8CCC4250 __hostThreadStorageAlloc address=0000019AC8A59000
PATCH 0000019A8CCC4A88 __hostThreadStorageFree address=0000019AC8A5A000
PATCH 0000019A91D05BA0 allocatorThreadHeapFlsId address=0000019AC8A5B000
PATCH 0000019A8CCC52C0 __hostThreadStorageGet address=0000019AC8A5C000
PATCH 0000019A91D063D8 currentAllocatorThreadHeap address=0000019AC8A5D000
PATCH 0000019A8CCC5AF8 __hostThreadStorageSet address=0000019AC8A5E000
PATCH 0000019A91D06C10 setCurrentAllocatorThreadHeap address=0000019AC8A5F000
PATCH 0000019A8CCC6330 __hostCurrentThreadId address=0000019AC8A60000
PATCH 0000019A91D07448 currentThreadId address=0000019AC8A61000
PATCH 0000019A91D0E418 allocateThreadHeap address=0000019AC8A62000
PATCH 0000019A91D0EC50 threadHeap address=0000019AC8A63000
PATCH 0000019A91D091E8 classUnitShift address=0000019AC8A66000
PATCH 0000019A91D70858 linkPage address=0000019AC8A65000
PATCH 0000019A8CC952B8 allocatorOsCommit address=0000019AC8A67000
PATCH 0000019A8CC9C890 acquireBlock address=0000019AC8A64000
PATCH 0000019A8CC96328 allocatorNextKey address=0000019AC8A68000
PATCH 0000019A8CC97660 setupBlockDivision address=0000019AC8A69000
PATCH 0000019A8CC96E28 setup address=0000019AC8A6A000
PATCH 0000019A8CC80020 acquirePage address=0000019AC8A6B000
PATCH 0000019A8CC94A80 osReserve address=0000019AC8A6C000
PATCH 0000019A8CC82100 allocatorAddArena address=0000019AC8A6D000
PATCH 0000019A8CC83170 allocatorAcquireSegment address=0000019AC8A6F000
PATCH 0000019A8CC82938 allocatorCreateSegment address=0000019AC8A6E000
PATCH 0000019A91D718C8 acquirePageForClass address=0000019AC8A70000
PATCH 0000019A91D72100 acquireBlockSlow address=0000019AC8A71000
PATCH 0000019A91D72938 acquireBlock address=0000019AC8A72000
PATCH 0000019A91D7B4F0 allocate address=0000019AC8A73000
PATCH 0000019A91D43438 alloc address=0000019AC8A74000
PATCH 0000019A8CC841E0 allocatorPageOf address=0000019AC8A75000
PATCH 0000019A91D75250 footerMagic address=0000019AC8A76000
PATCH 0000019A91D76AF8 checkAllocated address=0000019AC8A77000
PATCH 0000019A91D77B68 unlinkAllocated address=0000019AC8A78000
PATCH 0000019A91D762C0 checkFree address=0000019AC8A79000
PATCH 0000019A91D783A0 quarantine address=0000019AC8A7A000
PATCH 0000019A91D79410 cacheFreedBlock address=0000019AC8A7B000
PATCH 0000019A91D7A480 freeHeaderBlock address=0000019AC8A7C000
PATCH 0000019A91D7C560 checkPageAddress address=0000019AC8A7D000
PATCH 0000019A8CC986D0 encode address=0000019AC8A7E000
PATCH 0000019A8CC9D900 releaseBlock address=0000019AC8A7F000
PATCH 0000019A91D71090 unlinkPage address=0000019AC8A80000
PATCH 0000019A91D73170 retirePage address=0000019AC8A81000
PATCH 0000019A8CC9C058 pushRemote address=0000019AC8A82000
PATCH 0000019A91D7CD98 freeBlock address=0000019AC8A83000
PATCH 0000019A8CCB2460 __memoryCopyForward address=0000019AC8A84000
PATCH 0000019A8CCB3F48 Swag.memcpy address=0000019AC8A85000
PATCH 0000019A91D7BD28 reallocate address=0000019AC8A86000
PATCH 0000019A91D43C70 realloc address=0000019AC8A87000
PATCH 0000019A91D444A8 free address=0000019AC8A88000
PATCH 0000019A8CC818C8 isEmpty address=0000019AC8A89000
PATCH 0000019A8CC839A8 allocatorReleaseSegment address=0000019AC8A8A000
PATCH 0000019A91D7F6B0 releaseAll address=0000019AC8A8B000
PATCH 0000019A91D44CE0 freeAll address=0000019AC8A8C000
PATCH 0000019A8CC9D0C8 holdsFreeBlock address=0000019AC8A8D000
PATCH 0000019A91D7D5D0 assertIsAllocated address=0000019AC8A8E000
PATCH 0000019A91D45518 assertAllocated address=0000019AC8A8F000
DEFER 0000019A9497D068 swagLifecycleInitWrapper shard=8 offset=17240 address=0000000000000000
DEFER 0000019A91D418C8 opDrop shard=8 offset=17248 address=0000000000000000
DEFER 0000019A94957038 swagLifecycleInitWrapper shard=8 offset=19760 address=0000000000000000
DEFER 0000019A948A0020 swagLifecycleInitWrapper shard=8 offset=20448 address=0000000000000000
DEFER 0000019A9488EFD0 swagLifecycleInitWrapper shard=8 offset=21544 address=0000000000000000
DEFER 0000019A8A7DCF20 swagLifecycleInitWrapper shard=8 offset=23288 address=0000000000000000
DEFER 0000019A8BF32378 swagLifecycleInitWrapper shard=8 offset=24112 address=0000000000000000
DEFER 0000019A8A7DBFD0 swagLifecycleInitWrapper shard=8 offset=25200 address=0000000000000000
DEFER 0000019A945063D8 swagLifecycleInitWrapper shard=8 offset=26400 address=0000000000000000
DEFER 0000019A8A8DAB28 swagLifecycleInitWrapper shard=8 offset=27008 address=0000000000000000
PATCH 0000019A91D36940 __runtimeAllocator address=0000019AC8A90000
PATCH 0000019A8A7178F0 freeMem address=0000019AC8A91000
PATCH 0000019A8A719198 releaseAll address=0000019AC8A92000
PATCH 0000019A8A718960 release address=0000019AC8A93000
PATCH 0000019A91D379B0 __resetRuntimeContext address=0000019AC8A94000
PATCH 0000019A8A765A88 __osCommandLine address=0000019AC8A95000
DEFER 0000019A9497D068 swagLifecycleInitWrapper shard=8 offset=17240 address=0000000000000000
DEFER 0000019A91D418C8 opDrop shard=8 offset=17248 address=0000000000000000
DEFER 0000019A94957038 swagLifecycleInitWrapper shard=8 offset=19760 address=0000000000000000
DEFER 0000019A948A0020 swagLifecycleInitWrapper shard=8 offset=20448 address=0000000000000000
DEFER 0000019A9488EFD0 swagLifecycleInitWrapper shard=8 offset=21544 address=0000000000000000
DEFER 0000019A8A7DCF20 swagLifecycleInitWrapper shard=8 offset=23288 address=0000000000000000
DEFER 0000019A8BF32378 swagLifecycleInitWrapper shard=8 offset=24112 address=0000000000000000
DEFER 0000019A8A7DBFD0 swagLifecycleInitWrapper shard=8 offset=25200 address=0000000000000000
DEFER 0000019A945063D8 swagLifecycleInitWrapper shard=8 offset=26400 address=0000000000000000
DEFER 0000019A8A8DAB28 swagLifecycleInitWrapper shard=8 offset=27008 address=0000000000000000
PATCH 0000019A91D46DC0 installAllocator address=0000019AC8A96000
PATCH 0000019A8A7199D0 setCapacity address=0000019AC8A97000
PATCH 0000019A91D38A20 __setupRuntime address=0000019AC8A98000
PATCH 0000019A8A756000 MAKELANGID address=0000019AC8A99000
  *  module      xinput * 28 files * 1 s 101 ms
PATCH 0000019A9A2889C0 __tlsGetValue address=0000019AC8D84000
PATCH 0000019A9A4D39A8 __hostPageCommit address=0000019AC8D88000
PATCH 0000019A9A4952C0 __hostTlsAlloc address=0000019AC8D8A000
PATCH 0000019A9A2891F8 __tlsSetValue address=0000019AC8D8F000
PATCH 0000019A9A2BABF0 __bootstrapFree address=0000019AC8D90000
PATCH 0000019A9A4F6DC0 defaultAllocator address=0000019AC8D91000
PATCH 0000019A9A2BA3B8 __bootstrapAlloc address=0000019AC8D8B000
PATCH 0000019A9A14C0E8 configure address=0000019AC8D93000
PATCH 0000019A9A14B8B0 setup address=0000019AC8D94000
PATCH 0000019A9A4D3170 __hostPageReserve address=0000019AC8D85000
PATCH 0000019A9A14D158 diagnosticMode address=0000019AC8D96000
PATCH 0000019A9A4F3438 lockDiagnostic address=0000019AC8D98000
PATCH 0000019A9A4D5A00 lock address=0000019AC8D97000
PATCH 0000019A9A4D6238 unlock address=0000019AC8D99000
PATCH 0000019A9A14C920 installed address=0000019AC8D92000
PATCH 0000019A9A4F3C70 unlockDiagnostic address=0000019AC8D9A000
PATCH 0000019A9A4D4A18 __hostPageRelease address=0000019AC8D89000
PATCH 0000019A9A12BD28 usesHeaderPath address=0000019AC8D9C000
PATCH 0000019A819A29B8 atomicAddU64 address=0000019AC8D9F000
PATCH 0000019A9A14D990 osAlloc address=0000019AC8DA2000
PATCH 0000019A9A125250 userAddress address=0000019AC8DA4000
PATCH 0000019A9A1283A0 linkAllocated address=0000019AC8DA6000
PATCH 0000019A819A2180 atomicGet address=0000019AC8DA9000
PATCH 0000019A819AA1D0 lockRemote address=0000019AC8DAB000
PATCH 0000019A819A8928 decode address=0000019AC8DAD000
PATCH 0000019A819A78B8 isBlockAddress address=0000019AC8DAE000
PATCH 0000019A819A3A28 atomicSubU32 address=0000019AC8DB0000
PATCH 0000019A819AAA08 unlockRemote address=0000019AC8DAC000
PATCH 0000019A819ADE20 segmentBase address=0000019AC8DB3000
PATCH 0000019A819B41E0 allocatorSegmentOf address=0000019AC8DB2000
PATCH 0000019A9A126AF8 setFooterMagic address=0000019AC8DAA000
PATCH 0000019A819B0858 clearPageBit address=0000019AC8DB6000
PATCH 0000019A9A121090 unlinkHeap address=0000019AC8DBA000
PATCH 0000019A9A146188 retireAllocatorThreadHeap address=0000019AC8DBD000
PATCH 0000019A9A4D41E0 __hostPageDecommit address=0000019AC8DBB000
PATCH 0000019A9A1471F8 currentAllocatorThreadHeap address=0000019AC8DC3000
PATCH 0000019A9A1469C0 allocatorThreadHeapFlsId address=0000019AC8DC1000
PATCH 0000019A9A148268 currentThreadId address=0000019AC8DC7000
PATCH 0000019A9A147A30 setCurrentAllocatorThreadHeap address=0000019AC8DC5000
PATCH 0000019A9A14F238 allocateThreadHeap address=0000019AC8DC8000
PATCH 0000019A819A31F0 atomicSubU64 address=0000019AC8DC0000
PATCH 0000019A819A4A98 allocatorOsCommit address=0000019AC8DCD000
PATCH 0000019A819A5D48 allocatorNextKey address=0000019AC8DCE000
PATCH 0000019A9A120020 threadHeap address=0000019AC8DC9000
PATCH 0000019A9A14A008 classUnitShift address=0000019AC8DCB000
PATCH 0000019A819B2938 allocatorAcquireSegment address=0000019AC8DD5000
PATCH 0000019A9A498C48 __hostCurrentThreadId address=0000019AC8DC6000
PATCH 0000019A819A4260 osReserve address=0000019AC8DD2000
PATCH 0000019A9A1262C0 footerMagic address=0000019AC8DDC000
PATCH 0000019A9A128BD8 unlinkAllocated address=0000019AC8DDE000
PATCH 0000019A9A4F44A8 alloc address=0000019AC8DDA000
PATCH 0000019A819A80F0 encode address=0000019AC8DE4000
PATCH 0000019A819ABA78 pushRemote address=0000019AC8DE8000
PATCH 0000019A9A12B4F0 freeHeaderBlock address=0000019AC8DE2000
PATCH 0000019A9A4F4CE0 realloc address=0000019AC8DEB000
PATCH 0000019A9A4F5518 free address=0000019AC8DEC000
PATCH 0000019A9A4F5D50 freeAll address=0000019AC8DF0000
PATCH 0000019A9A4F6588 assertAllocated address=0000019AC8DF3000
PATCH 0000019A819B1090 isEmpty address=0000019AC8DED000
PATCH 0000019A9A2BC090 __concreteAlias address=0000019AC8DF6000
PATCH 0000019A9A289A30 __tlsGetPtr address=0000019AC8DF5000
PATCH 0000019A819ACAE8 holdsFreeBlock address=0000019AC8DF1000
PATCH 0000019A9A5556A8 Swag.stringCmp address=0000019AC8DF8000
PATCH 0000019A9A2BD100 Swag.typeAs address=0000019AC8DFA000
PATCH 0000019A819B3170 allocatorReleaseSegment address=0000019AC8DEE000
PATCH 0000019A9A551D20 __itoa address=0000019AC8DFE000
PATCH 0000019A9A553E00 __printS64 address=0000019AC8DFF000
PATCH 0000019A9A552D90 __ftoa address=0000019AC8E00000
PATCH 0000019A9A554638 __printF64 address=0000019AC8E01000
PATCH 0000019A9A5535C8 __printU64 address=0000019AC8DFD000
PATCH 0000019A9A4C2100 __peU32 address=0000019AC8E05000
PATCH 0000019A9A4C39A8 __hostReleaseDecodedDebugSection address=0000019AC8E04000
PATCH 0000019A9A4C18C8 __peU16 address=0000019AC8E06000
PATCH 0000019A9A4C1090 __hostImageBaseForAddress address=0000019AC8E03000
PATCH 0000019A9A55E510 __dbgU32 address=0000019AC8E09000
PATCH 0000019A9A552558 __utoa address=0000019AC8DFC000
PATCH 0000019A9A4C3170 __hostDecodeDebugSection address=0000019AC8E08000
PATCH 0000019A9A55ED48 __dbgFindSection address=0000019AC8E0A000
PATCH 0000019A9A570858 __hasStackTraceSymbols address=0000019AC8E0E000
PATCH 0000019A9A4EB4F0 __exitError address=0000019AC8E11000
PATCH 0000019A9A571090 __logStackTrace address=0000019AC8E0F000
PATCH 0000019A9A288188 __tlsAlloc address=0000019AC8E13000
PATCH 0000019A9D30AE78 __run_expr_58 address=0000019AC8E15000
PATCH 0000019A9A570020 __symbolize address=0000019AC8E0C000
PATCH 0000019A9A290858 Swag.jit address=0000019AC8E14000
PATCH 0000019A9FF93BD8 swagLifecycleInitWrapper address=0000019AC8E16000
PATCH 0000019A819B0020 releasePage address=0000019AC8DB8000
PATCH 0000019A9A12E640 assertIsAllocated address=0000019AC8DF2000
PATCH 0000019A9A4E9410 __printString address=0000019AC8DFB000
PATCH 0000019A9A495AF8 __hostTlsGet address=0000019AC8D86000
PATCH 0000019A9A2B9B80 __bootstrapRoundedSize address=0000019AC8D87000
PATCH 0000019A819B66A8 Swag.memcpy address=0000019AC8D8D000
PATCH 0000019A9A496330 __hostTlsSet address=0000019AC8D8E000
PATCH 0000019A819B4E00 __memoryCopyForward address=0000019AC8D8C000
PATCH 0000019A9A1497D0 sizeClass address=0000019AC8D9B000
PATCH 0000019A9A4E9C48 __raiseException666 address=0000019AC8D95000
PATCH 0000019A9A14E1C8 osAllocGuarded address=0000019AC8DA0000
PATCH 0000019A9A14A840 memAlign address=0000019AC8D9D000
PATCH 0000019A9A124A18 headerOf address=0000019AC8DA3000
PATCH 0000019A9A125A88 footer address=0000019AC8DA7000
PATCH 0000019A9A129C48 popCachedBlock address=0000019AC8DA1000
PATCH 0000019A819B5E70 Swag.memset address=0000019AC8DAF000
PATCH 0000019A9A4C0858 __captureStack address=0000019AC8DA5000
PATCH 0000019A9A148F98 classSize address=0000019AC8D9E000
PATCH 0000019A819AEE90 pageCommitEnd address=0000019AC8DB7000
PATCH 0000019A819A5510 allocatorOsDecommit address=0000019AC8DB5000
PATCH 0000019A819AB240 collectRemote address=0000019AC8DB1000
PATCH 0000019A9A14EA00 osFree address=0000019AC8DB9000
PATCH 0000019A9A120858 retireThreadHeap address=0000019AC8DBC000
PATCH 0000019A819AE658 pageCommitStart address=0000019AC8DB4000
PATCH 0000019A9A496B68 __hostThreadStorageAlloc address=0000019AC8DBE000
PATCH 0000019A9A4973A0 __hostThreadStorageFree address=0000019AC8DBF000
PATCH 0000019A9A12ACB8 allocateHeaderBlock address=0000019AC8DA8000
PATCH 0000019A9A497BD8 __hostThreadStorageGet address=0000019AC8DC2000
PATCH 0000019A9A1218C8 linkPage address=0000019AC8DCC000
PATCH 0000019A819A7080 setupBlockDivision address=0000019AC8DCF000
PATCH 0000019A9A498410 __hostThreadStorageSet address=0000019AC8DC4000
PATCH 0000019A819A6848 setup address=0000019AC8DD0000
PATCH 0000019A819B18C8 allocatorAddArena address=0000019AC8DD3000
PATCH 0000019A819AC2B0 acquireBlock address=0000019AC8DCA000
PATCH 0000019A9A122938 acquirePageForClass address=0000019AC8DD6000
PATCH 0000019A9A123170 acquireBlockSlow address=0000019AC8DD7000
PATCH 0000019A819AF6C8 acquirePage address=0000019AC8DD1000
PATCH 0000019A9A1239A8 acquireBlock address=0000019AC8DD8000
PATCH 0000019A9A12C560 allocate address=0000019AC8DD9000
PATCH 0000019A819B2100 allocatorCreateSegment address=0000019AC8DD4000
PATCH 0000019A9A127330 checkFree address=0000019AC8DDF000
PATCH 0000019A9A127B68 checkAllocated address=0000019AC8DDD000
PATCH 0000019A819B39A8 allocatorPageOf address=0000019AC8DDB000
PATCH 0000019A9A12A480 cacheFreedBlock address=0000019AC8DE1000
PATCH 0000019A819AD320 releaseBlock address=0000019AC8DE5000
PATCH 0000019A9A129410 quarantine address=0000019AC8DE0000
PATCH 0000019A9A12D5D0 checkPageAddress address=0000019AC8DE3000
PATCH 0000019A9A1241E0 retirePage address=0000019AC8DE7000
PATCH 0000019A9A12DE08 freeBlock address=0000019AC8DE9000
PATCH 0000019A9A12CD98 reallocate address=0000019AC8DEA000
PATCH 0000019A9A4F0858 releaseAll address=0000019AC8DEF000
PATCH 0000019A9A122100 unlinkPage address=0000019AC8DE6000
PATCH 0000019A9A2BD938 Swag.typeCmp address=0000019AC8DF9000
PATCH 0000019A819B7718 Swag.memcmp address=0000019AC8DF7000
DEFER 0000019AA543C5A0 swagLifecycleInitWrapper shard=8 offset=247792 address=0000000000000000
PATCH 0000019A9A4C2938 __hostDebugSection address=0000019AC8E07000
PATCH 0000019A9A550020 Swag.safetyPanic address=0000019AC8E0D000
PATCH 0000019A9A55F580 __dbgStr address=0000019AC8E0B000
DEFER 0000019A9A4F2938 opDrop shard=8 offset=247800 address=0000000000000000
PATCH 0000019A93F9F008 Swag.panic address=0000019AC8E12000
DEFER 0000019AA11FEC20 swagLifecycleInitWrapper shard=8 offset=250312 address=0000000000000000
PATCH 0000019A93F9E7D0 __printPanicReport address=0000019AC8E10000
DEFER 0000019AA54044F0 swagLifecycleInitWrapper shard=8 offset=250736 address=0000000000000000
DEFER 0000019AA10D1620 swagLifecycleInitWrapper shard=8 offset=251760 address=0000000000000000
DEFER 0000019A9A52A9C0 swagLifecycleInitWrapper shard=8 offset=253504 address=0000000000000000
DEFER 0000019A9D307C20 swagLifecycleInitWrapper shard=8 offset=254328 address=0000000000000000
DEFER 0000019A9A529A70 swagLifecycleInitWrapper shard=8 offset=255352 address=0000000000000000
DEFER 0000019A8701F510 swagLifecycleInitWrapper shard=8 offset=256536 address=0000000000000000
DEFER 0000019A9A89B8A8 swagLifecycleInitWrapper shard=8 offset=257144 address=0000000000000000
PATCH 0000019A9A554E70 Swag.print address=0000019AC8E02000
PATCH 0000019A9A291090 __runtimeAllocator address=0000019AC8DF4000
PATCH 0000019A9A4E8BD8 __hostHasAvx2 address=0000019AC8E17000
PATCH 0000019A9A292938 __checkCpuBaseline address=0000019AC8E18000
PATCH 0000019A9A557B30 freeMem address=0000019AC8E19000
PATCH 0000019A9A5593D8 releaseAll address=0000019AC8E1A000
PATCH 0000019A9A558BA0 release address=0000019AC8E1B000
PATCH 0000019A9A292100 __resetRuntimeContext address=0000019AC8E1C000
DEFER 0000019AA543C5A0 swagLifecycleInitWrapper shard=8 offset=247792 address=0000000000000000
PATCH 0000019A9A4E83A0 __osCommandLine address=0000019AC8E1D000
DEFER 0000019A9A4F2938 opDrop shard=8 offset=247800 address=0000000000000000
DEFER 0000019AA11FEC20 swagLifecycleInitWrapper shard=8 offset=250312 address=0000000000000000
PATCH 0000019A9A559C10 setCapacity address=0000019AC8E1F000
DEFER 0000019AA54044F0 swagLifecycleInitWrapper shard=8 offset=250736 address=0000000000000000
PATCH 0000019A9A293170 __setupRuntime address=0000019AC8E20000
DEFER 0000019AA10D1620 swagLifecycleInitWrapper shard=8 offset=251760 address=0000000000000000
DEFER 0000019A9A52A9C0 swagLifecycleInitWrapper shard=8 offset=253504 address=0000000000000000
DEFER 0000019A9D307C20 swagLifecycleInitWrapper shard=8 offset=254328 address=0000000000000000
DEFER 0000019A9A529A70 swagLifecycleInitWrapper shard=8 offset=255352 address=0000000000000000
DEFER 0000019A8701F510 swagLifecycleInitWrapper shard=8 offset=256536 address=0000000000000000
DEFER 0000019A9A89B8A8 swagLifecycleInitWrapper shard=8 offset=257144 address=0000000000000000
PATCH 0000019A9A4F7E30 installAllocator address=0000019AC8E1E000
PATCH 0000019A93D52960 isNative address=0000019AC8E21000
PATCH 0000019A93D5CDC0 isString address=0000019AC8E22000
PATCH 0000019A93D539D0 isEnum address=0000019AC8E27000
PATCH 0000019A93D54208 isStruct address=0000019AC8E28000
PATCH 0000019A93D0A480 sqrt address=0000019AC8E29000
PATCH 0000019A93D0ACB8 sqrt address=0000019AC8E2A000
PATCH 0000019A9A6B12F0 MAKELANGID address=0000019AC8E2B000
PATCH 0000019A860739A8 canCompare address=0000019AC8E2C000
PATCH 0000019A91EDE6F0 englishDateTime address=0000019AC8E2D000
PATCH 0000019AA4B37F30 opSetLiteral address=0000019AC8E2E000
PATCH 0000019AA4B71448 __run_expr_10159 address=0000019AC8E2F000
PATCH 0000019A89C7CDC0 makeRepeat64 address=0000019AC8E30000
PATCH 0000019A93D61B10 setupArray address=0000019AC8E31000
PATCH 0000019A93D633B8 __run_3 address=0000019AC8E32000
PATCH 0000019A91F6B5D0 colorToWin address=0000019AC8E38000
PATCH 0000019A91F6C030 __run_0 address=0000019AC8E39000
PATCH 0000019A93D56B20 isInteger address=0000019AC8E7D000
PATCH 0000019A93D15250 log address=0000019AC8E7F000
PATCH 0000019A9A4E1090 Swag.log address=0000019AC8E7E000
PATCH 0000019A9A4E18C8 Swag.log address=0000019AC8E80000
PATCH 0000019A93D15A88 log address=0000019AC8E81000
PATCH 0000019A93D162C0 log2 address=0000019AC8EA3000
PATCH 0000019A93D16AF8 log2 address=0000019AC8EA5000
PATCH 0000019A9A4E2100 Swag.log2 address=0000019AC8EA2000
PATCH 0000019A9A4E2938 Swag.log2 address=0000019AC8EA4000
PATCH 0000019A9A4E3170 Swag.log10 address=0000019AC8EA8000
PATCH 0000019A93D17330 log10 address=0000019AC8EA9000
PATCH 0000019A93D17B68 log10 address=0000019AC8EAA000
PATCH 0000019A9A4E39A8 Swag.log10 address=0000019AC8EAB000
PATCH 0000019A93D57358 isFloat address=0000019AC9088000
PATCH 0000019A93D5C588 isBool address=0000019AC908E000
PATCH 0000019A93D5B518 isRune address=0000019AC90B2000
  *  module      core * 349 files * core.dll * 25 s 521 ms
  *  workspace   std [2 roots] * 3 modules * 28 s 846 ms
PATCH 0000019AB3930020 __tlsGetValue address=0000019AC9135000
PATCH 0000019A88BFEC60 Swag.typeAs address=0000019AC913C000
PATCH 0000019AB391E580 __utoa address=0000019AC913E000
PATCH 0000019A88BFDBF0 __concreteAlias address=0000019AC9138000
PATCH 0000019AB391DD48 __itoa address=0000019AC9140000
PATCH 0000019AB39018C8 Swag.stringCmp address=0000019AC913A000
PATCH 0000019AB391EDB8 __ftoa address=0000019AC9142000
PATCH 0000019AB3900858 __printF64 address=0000019AC9143000
PATCH 0000019AB83918C8 __peU32 address=0000019AC9147000
PATCH 0000019AB391F5F0 __printU64 address=0000019AC913F000
PATCH 0000019AB8391090 __peU16 address=0000019AC9148000
PATCH 0000019AB8393170 __hostReleaseDecodedDebugSection address=0000019AC9146000
PATCH 0000019A88BD2350 Swag.jit address=0000019AC9137000
PATCH 0000019AB8392938 __hostDecodeDebugSection address=0000019AC914A000
PATCH 0000019AA3917238 __dbgFindSection address=0000019AC914C000
PATCH 0000019AB8390858 __hostImageBaseForAddress address=0000019AC9145000
PATCH 0000019AB3900020 __printS64 address=0000019AC9141000
PATCH 0000019AA3916A00 __dbgU32 address=0000019AC914B000
PATCH 0000019AA3918AE0 __hasStackTraceSymbols address=0000019AC914F000
PATCH 0000019AB83DACB8 __exitError address=0000019AC9151000
PATCH 0000019AB83E3170 Swag.safetyPanic address=0000019AC9155000
PATCH 0000019AB83D9410 __raiseException666 address=0000019AC9154000
PATCH 0000019A94720D40 swagLifecycleInitWrapper address=0000019AC9157000
PATCH 0000019AB83E2100 __printPanicReport address=0000019AC9152000
PATCH 0000019A88BA1980 __run_expr_5 address=0000019AC9156000
PATCH 0000019AB83852C0 __hostTlsGet address=0000019AC9134000
PATCH 0000019A88BFF498 Swag.typeCmp address=0000019AC913B000
PATCH 0000019AB83E7718 Swag.memcmp address=0000019AC9139000
PATCH 0000019AB8392100 __hostDebugSection address=0000019AC9149000
PATCH 0000019AB8390020 __captureStack address=0000019AC9136000
PATCH 0000019AA3917A70 __dbgStr address=0000019AC914D000
PATCH 0000019AB83D8BD8 __printString address=0000019AC913D000
PATCH 0000019AA39182A8 __symbolize address=0000019AC914E000
PATCH 0000019AA3919318 __logStackTrace address=0000019AC9150000
PATCH 0000019AB83E2938 Swag.panic address=0000019AC9153000
PATCH 0000019AB3901090 Swag.print address=0000019AC9144000
PATCH 0000019A88BD4430 __checkCpuBaseline address=0000019AC9159000
PATCH 0000019AA3939F20 installed address=0000019AC915C000
PATCH 0000019AA39144A8 defaultAllocator address=0000019AC915A000
PATCH 0000019AA393A758 diagnosticMode address=0000019AC915E000
PATCH 0000019AA3938EB0 setup address=0000019AC915D000
PATCH 0000019AB83B51C8 lock address=0000019AC915F000
PATCH 0000019AA3910B20 lockDiagnostic address=0000019AC9160000
PATCH 0000019AB83D83A0 __hostHasAvx2 address=0000019AC9158000
PATCH 0000019AB83B5A00 unlock address=0000019AC9161000
PATCH 0000019AA3911358 unlockDiagnostic address=0000019AC9162000
PATCH 0000019AA3909410 usesHeaderPath address=0000019AC9168000
PATCH 0000019AA39396E8 configure address=0000019AC915B000
PATCH 0000019AA3936DD0 sizeClass address=0000019AC9163000
PATCH 0000019AA3937E40 memAlign address=0000019AC9169000
PATCH 0000019AA3936598 classSize address=0000019AC916A000
PATCH 0000019AB83B2938 __hostPageReserve address=0000019AC916B000
PATCH 0000019AB9356758 atomicAddU64 address=0000019AC916E000
PATCH 0000019AB83B41E0 __hostPageRelease address=0000019AC916D000
PATCH 0000019AB83B3170 __hostPageCommit address=0000019AC916C000
PATCH 0000019AA393AF90 osAlloc address=0000019AC9171000
PATCH 0000019AA393B7C8 osAllocGuarded address=0000019AC916F000
PATCH 0000019AA3902100 headerOf address=0000019AC9172000
PATCH 0000019AA3902938 userAddress address=0000019AC9173000
PATCH 0000019AA39041E0 setFooterMagic address=0000019AC9175000
PATCH 0000019AA3907330 popCachedBlock address=0000019AC9170000
PATCH 0000019AA3905A88 linkAllocated address=0000019AC9177000
PATCH 0000019AB83E5E70 Swag.memset address=0000019AC9176000
PATCH 0000019AB9355F20 atomicGet address=0000019AC9179000
PATCH 0000019AB935DF70 lockRemote address=0000019AC917A000
PATCH 0000019AA39083A0 allocateHeaderBlock address=0000019AC9178000
PATCH 0000019AB935C6C8 decode address=0000019AC917C000
PATCH 0000019AB935E7A8 unlockRemote address=0000019AC917B000
PATCH 0000019AB93577C8 atomicSubU32 address=0000019AC917E000
PATCH 0000019AB9328668 allocatorSegmentOf address=0000019AC9180000
PATCH 0000019AB93223C8 segmentBase address=0000019AC9181000
PATCH 0000019AA3903170 footer address=0000019AC9174000
PATCH 0000019AB9322C00 pageCommitStart address=0000019AC9182000
PATCH 0000019AB9323438 pageCommitEnd address=0000019AC9183000
PATCH 0000019AB83B39A8 __hostPageDecommit address=0000019AC9184000
PATCH 0000019AB935B658 isBlockAddress address=0000019AC917D000
PATCH 0000019AB9356F90 atomicSubU64 address=0000019AC9185000
PATCH 0000019AB935EFE0 collectRemote address=0000019AC917F000
PATCH 0000019AB9359070 allocatorOsDecommit address=0000019AC9186000
PATCH 0000019AB9324CE0 clearPageBit address=0000019AC9187000
PATCH 0000019AA393E0E0 unlinkHeap address=0000019AC9189000
PATCH 0000019AA393C000 osFree address=0000019AC918A000
PATCH 0000019AA3933788 retireAllocatorThreadHeap address=0000019AC918C000
PATCH 0000019AB93244A8 releasePage address=0000019AC9188000
PATCH 0000019AA393D8A8 retireThreadHeap address=0000019AC918B000
PATCH 0000019AB8386330 __hostThreadStorageAlloc address=0000019AC918D000
PATCH 0000019AB8386B68 __hostThreadStorageFree address=0000019AC918E000
PATCH 0000019AA3933FC0 allocatorThreadHeapFlsId address=0000019AC918F000
PATCH 0000019AB83873A0 __hostThreadStorageGet address=0000019AC9190000
PATCH 0000019AA39347F8 currentAllocatorThreadHeap address=0000019AC9191000
PATCH 0000019AA3935030 setCurrentAllocatorThreadHeap address=0000019AC9192000
PATCH 0000019AA3935868 currentThreadId address=0000019AC9195000
PATCH 0000019AB8388410 __hostCurrentThreadId address=0000019AC9194000
PATCH 0000019AA393D070 threadHeap address=0000019AC9197000
PATCH 0000019AB8387BD8 __hostThreadStorageSet address=0000019AC9193000
PATCH 0000019AB9358838 allocatorOsCommit address=0000019AC919B000
PATCH 0000019AA393C838 allocateThreadHeap address=0000019AC9196000
PATCH 0000019AB93598A8 allocatorNextKey address=0000019AC919C000
PATCH 0000019AA393E918 linkPage address=0000019AC919A000
PATCH 0000019AB935AE20 setupBlockDivision address=0000019AC919D000
PATCH 0000019AA3937608 classUnitShift address=0000019AC9199000
PATCH 0000019AB9323C70 acquirePage address=0000019AC919F000
PATCH 0000019AB9358000 osReserve address=0000019AC91A0000
PATCH 0000019AB935A5E8 setup address=0000019AC919E000
PATCH 0000019AB9325D50 allocatorAddArena address=0000019AC91A1000
PATCH 0000019AB9326588 allocatorCreateSegment address=0000019AC91A2000
PATCH 0000019AA3900020 acquirePageForClass address=0000019AC91A4000
PATCH 0000019AB9320858 acquireBlock address=0000019AC9198000
PATCH 0000019AB9326DC0 allocatorAcquireSegment address=0000019AC91A3000
PATCH 0000019AA3900858 acquireBlockSlow address=0000019AC91A5000
PATCH 0000019AA3901090 acquireBlock address=0000019AC91A6000
PATCH 0000019AA3909C48 allocate address=0000019AC91A7000
PATCH 0000019AA3911B90 alloc address=0000019AC91A8000
PATCH 0000019AB9327E30 allocatorPageOf address=0000019AC91A9000
PATCH 0000019AA3905250 checkAllocated address=0000019AC91AB000
PATCH 0000019AA39039A8 footerMagic address=0000019AC91AA000
PATCH 0000019AA3908BD8 freeHeaderBlock address=0000019AC91B0000
PATCH 0000019AA3907B68 cacheFreedBlock address=0000019AC91AF000
PATCH 0000019AA390ACB8 checkPageAddress address=0000019AC91B1000
PATCH 0000019AA39062C0 unlinkAllocated address=0000019AC91AC000
PATCH 0000019AA3906AF8 quarantine address=0000019AC91AE000
PATCH 0000019AB93218C8 releaseBlock address=0000019AC91B3000
PATCH 0000019AA393F150 unlinkPage address=0000019AC91B4000
PATCH 0000019AA3904A18 checkFree address=0000019AC91AD000
PATCH 0000019AB935BE90 encode address=0000019AC91B2000
PATCH 0000019AA39018C8 retirePage address=0000019AC91B5000
PATCH 0000019AB9320020 pushRemote address=0000019AC91B6000
PATCH 0000019AA390B4F0 freeBlock address=0000019AC91B7000
PATCH 0000019AB83E66A8 Swag.memcpy address=0000019AC91B9000
PATCH 0000019AA39123C8 realloc address=0000019AC91BB000
PATCH 0000019AA3912C00 free address=0000019AC91BC000
PATCH 0000019AB83E4E00 __memoryCopyForward address=0000019AC91B8000
PATCH 0000019AB93275F8 allocatorReleaseSegment address=0000019AC91BE000
PATCH 0000019AB9325518 isEmpty address=0000019AC91BD000
PATCH 0000019AA390DE08 releaseAll address=0000019AC91BF000
PATCH 0000019AA390A480 reallocate address=0000019AC91BA000
PATCH 0000019AA3913C70 assertAllocated address=0000019AC91C3000
PATCH 0000019AA390BD28 assertIsAllocated address=0000019AC91C2000
PATCH 0000019AB9321090 holdsFreeBlock address=0000019AC91C1000
PATCH 0000019AA3913438 freeAll address=0000019AC91C0000
DEFER 0000019A897874E0 swagLifecycleInitWrapper shard=8 offset=10136 address=0000000000000000
PATCH 0000019AB39055F8 releaseAll address=0000019AC91C6000
DEFER 0000019AA3910020 opDrop shard=8 offset=10144 address=0000000000000000
PATCH 0000019AB3904DC0 release address=0000019AC91C7000
PATCH 0000019AB3903D50 freeMem address=0000019AC91C5000
DEFER 0000019A945A6BB0 swagLifecycleInitWrapper shard=8 offset=12672 address=0000000000000000
PATCH 0000019A88BD3BF8 __resetRuntimeContext address=0000019AC91C8000
PATCH 0000019AB83D7B68 __osCommandLine address=0000019AC91C9000
PATCH 0000019AB3905E30 setCapacity address=0000019AC91CB000
DEFER 0000019A897874E0 swagLifecycleInitWrapper shard=8 offset=10136 address=0000000000000000
PATCH 0000019A88BD4C68 __setupRuntime address=0000019AC91CC000
DEFER 0000019AA3910020 opDrop shard=8 offset=10144 address=0000000000000000
DEFER 0000019A945F4898 swagLifecycleInitWrapper shard=8 offset=13360 address=0000000000000000
DEFER 0000019A945A6BB0 swagLifecycleInitWrapper shard=8 offset=12672 address=0000000000000000
DEFER 0000019A886F5890 swagLifecycleInitWrapper shard=8 offset=14456 address=0000000000000000
DEFER 0000019A945F4898 swagLifecycleInitWrapper shard=8 offset=13360 address=0000000000000000
DEFER 0000019A897DBE20 swagLifecycleInitWrapper shard=8 offset=16200 address=0000000000000000
DEFER 0000019A886F5890 swagLifecycleInitWrapper shard=8 offset=14456 address=0000000000000000
DEFER 0000019AB8396C40 swagLifecycleInitWrapper shard=8 offset=17032 address=0000000000000000
DEFER 0000019A897DBE20 swagLifecycleInitWrapper shard=8 offset=16200 address=0000000000000000
DEFER 0000019A88BA0A18 swagLifecycleInitWrapper shard=8 offset=18120 address=0000000000000000
DEFER 0000019AB8396C40 swagLifecycleInitWrapper shard=8 offset=17032 address=0000000000000000
DEFER 0000019A89683B90 swagLifecycleInitWrapper shard=8 offset=19320 address=0000000000000000
DEFER 0000019A886D6340 swagLifecycleInitWrapper shard=8 offset=19928 address=0000000000000000
DEFER 0000019A88BA0A18 swagLifecycleInitWrapper shard=8 offset=18120 address=0000000000000000
DEFER 0000019A89683B90 swagLifecycleInitWrapper shard=8 offset=19320 address=0000000000000000
PATCH 0000019A88BD2B88 __runtimeAllocator address=0000019AC91C4000
DEFER 0000019A886D6340 swagLifecycleInitWrapper shard=8 offset=19928 address=0000000000000000
PATCH 0000019AA3915518 installAllocator address=0000019AC91CA000
PATCH 0000019AA3957658 __message_1 address=0000019AC91CD000
PATCH 0000019AB3932100 __message_0 address=0000019AC91CE000
  *  module      api_export_provider * 31 files * 225 ms
PATCH 0000019A897DE1B0 __tlsGetValue address=0000019AC9225000
PATCH 0000019A896D9410 __hostPageReserve address=0000019AC9228000
PATCH 0000019A89F19340 __bootstrapAlloc address=0000019AC922B000
PATCH 0000019A896D9C48 __hostPageCommit address=0000019AC9229000
PATCH 0000019A897DE9E8 __tlsSetValue address=0000019AC922F000
PATCH 0000019A89F19B78 __bootstrapFree address=0000019AC9230000
PATCH 0000019A896DACB8 __hostPageRelease address=0000019AC922A000
PATCH 0000019A89F25D50 defaultAllocator address=0000019AC9231000
PATCH 0000019A8979AF80 configure address=0000019AC9233000
PATCH 0000019A8968B560 __hostTlsAlloc address=0000019AC9224000
PATCH 0000019A8979BFF0 diagnosticMode address=0000019AC9236000
PATCH 0000019A896DBCA0 lock address=0000019AC9237000
PATCH 0000019A8979B7B8 installed address=0000019AC9232000
PATCH 0000019A89F223C8 lockDiagnostic address=0000019AC9238000
PATCH 0000019A89F22C00 unlockDiagnostic address=0000019AC923A000
PATCH 0000019A89F6ACB8 usesHeaderPath address=0000019AC923C000
PATCH 0000019A896DC4D8 unlock address=0000019AC9239000
PATCH 0000019A8979C828 osAlloc address=0000019AC9242000
PATCH 0000019A8979A748 setup address=0000019AC9234000
PATCH 0000019A89F641E0 userAddress address=0000019AC9244000
PATCH 0000019A94764A78 atomicAddU64 address=0000019AC923F000
PATCH 0000019A89F65A88 setFooterMagic address=0000019AC9246000
PATCH 0000019A9476A7A8 decode address=0000019AC924E000
PATCH 0000019A9476C050 lockRemote address=0000019AC924C000
PATCH 0000019A94765AE8 atomicSubU32 address=0000019AC9250000
PATCH 0000019A89F67330 linkAllocated address=0000019AC9249000
PATCH 0000019A897B62C0 allocatorSegmentOf address=0000019AC9252000
PATCH 0000019A897B0020 segmentBase address=0000019AC9253000
PATCH 0000019A94769738 isBlockAddress address=0000019AC924F000
PATCH 0000019A94764240 atomicGet address=0000019AC924B000
PATCH 0000019A9476C888 unlockRemote address=0000019AC924D000
PATCH 0000019A896DA480 __hostPageDecommit address=0000019AC9256000
PATCH 0000019A947652B0 atomicSubU64 address=0000019AC9257000
PATCH 0000019A94767390 allocatorOsDecommit address=0000019AC9258000
PATCH 0000019A897B2938 clearPageBit address=0000019AC9259000
PATCH 0000019A8979D898 osFree address=0000019AC925C000
PATCH 0000019A89795020 retireAllocatorThreadHeap address=0000019AC925E000
PATCH 0000019A89796090 currentAllocatorThreadHeap address=0000019AC9263000
PATCH 0000019A89F60020 unlinkHeap address=0000019AC925B000
PATCH 0000019A89795858 allocatorThreadHeapFlsId address=0000019AC9261000
PATCH 0000019A8979E908 threadHeap address=0000019AC9267000
PATCH 0000019A897968C8 setCurrentAllocatorThreadHeap address=0000019AC9265000
PATCH 0000019A89798EA0 classUnitShift address=0000019AC926B000
PATCH 0000019A94767BC8 allocatorNextKey address=0000019AC926E000
PATCH 0000019A8968EEE8 __hostCurrentThreadId address=0000019AC9269000
PATCH 0000019A89797100 currentThreadId address=0000019AC926D000
PATCH 0000019A94766320 osReserve address=0000019AC9272000
PATCH 0000019A94766B58 allocatorOsCommit address=0000019AC926C000
PATCH 0000019A897B4A18 allocatorAcquireSegment address=0000019AC9276000
PATCH 0000019A897B41E0 allocatorCreateSegment address=0000019AC9275000
PATCH 0000019A89F62100 acquireBlockSlow address=0000019AC9278000
PATCH 0000019A89F618C8 acquirePageForClass address=0000019AC9277000
PATCH 0000019A89F23438 alloc address=0000019AC927B000
PATCH 0000019A89F6B4F0 allocate address=0000019AC927A000
PATCH 0000019A89F65250 footerMagic address=0000019AC927D000
PATCH 0000019A89F67B68 unlinkAllocated address=0000019AC927F000
PATCH 0000019A89F62938 acquireBlock address=0000019AC9279000
PATCH 0000019A89F69410 cacheFreedBlock address=0000019AC9282000
PATCH 0000019A89F683A0 quarantine address=0000019AC9281000
PATCH 0000019A94769F70 encode address=0000019AC9285000
PATCH 0000019A9476F1A0 releaseBlock address=0000019AC9286000
PATCH 0000019A89F6A480 freeHeaderBlock address=0000019AC9283000
PATCH 0000019A89F63170 retirePage address=0000019AC9288000
PATCH 0000019A9476D8F8 pushRemote address=0000019AC9289000
PATCH 0000019A89F61090 unlinkPage address=0000019AC9287000
PATCH 0000019A897B5A88 allocatorPageOf address=0000019AC927C000
PATCH 0000019A89F6BD28 reallocate address=0000019AC928B000
PATCH 0000019A897B3170 isEmpty address=0000019AC928E000
PATCH 0000019A897B5250 allocatorReleaseSegment address=0000019AC928F000
PATCH 0000019A89F6F6B0 releaseAll address=0000019AC9290000
PATCH 0000019A89F244A8 free address=0000019AC928D000
PATCH 0000019A9476E968 holdsFreeBlock address=0000019AC9292000
PATCH 0000019A89F25518 assertAllocated address=0000019AC9294000
PATCH 0000019A89F23C70 realloc address=0000019AC928C000
PATCH 0000019A897DF220 __tlsGetPtr address=0000019AC9296000
PATCH 0000019A896C5540 __concreteAlias address=0000019AC9297000
PATCH 0000019A94729030 Swag.stringCmp address=0000019AC9299000
PATCH 0000019A89F24CE0 freeAll address=0000019AC9291000
PATCH 0000019A897B97F8 Swag.memcmp address=0000019AC9298000
PATCH 0000019A94725EE0 __utoa address=0000019AC929D000
PATCH 0000019A94726F50 __printU64 address=0000019AC929E000
PATCH 0000019A8969F6B0 __printString address=0000019AC929C000
PATCH 0000019A896C65B0 Swag.typeAs address=0000019AC929B000
PATCH 0000019A94726718 __ftoa address=0000019AC92A1000
PATCH 0000019A896C6DE8 Swag.typeCmp address=0000019AC929A000
PATCH 0000019A94727FC0 __printF64 address=0000019AC92A2000
PATCH 0000019A94725468 __itoa address=0000019AC929F000
PATCH 0000019A94727788 __printS64 address=0000019AC92A0000
PATCH 0000019A896E6D48 __hostImageBaseForAddress address=0000019AC92A4000
PATCH 0000019A896E7DB8 __peU32 address=0000019AC92A6000
PATCH 0000019A896E9660 __hostReleaseDecodedDebugSection address=0000019AC92A5000
PATCH 0000019A896E7580 __peU16 address=0000019AC92A7000
PATCH 0000019A9472BDC0 __dbgStr address=0000019AC92AC000
PATCH 0000019A9472B588 __dbgFindSection address=0000019AC92AB000
PATCH 0000019A896E85F0 __hostDebugSection address=0000019AC92A8000
PATCH 0000019A9472CE30 __hasStackTraceSymbols address=0000019AC92AE000
PATCH 0000019A9472C5F8 __symbolize address=0000019AC92AD000
PATCH 0000019A896E8E28 __hostDecodeDebugSection address=0000019AC92A9000
PATCH 0000019A896E18C8 __exitError address=0000019AC92B1000
PATCH 0000019A9472D668 __logStackTrace address=0000019AC92AF000
PATCH 0000019A9472AD50 __dbgU32 address=0000019AC92AA000
PATCH 0000019A9498CA58 __run_expr_1 address=0000019AC92B5000
PATCH 0000019A94744368 swagLifecycleInitWrapper address=0000019AC92B6000
PATCH 0000019A897DD978 __tlsAlloc address=0000019AC92B3000
PATCH 0000019A896C9950 Swag.jit address=0000019AC92B4000
PATCH 0000019A8968BD98 __hostTlsGet address=0000019AC9227000
PATCH 0000019A89F18B08 __bootstrapRoundedSize address=0000019AC9226000
PATCH 0000019A8968C5D0 __hostTlsSet address=0000019AC922E000
PATCH 0000019A897B8788 Swag.memcpy address=0000019AC922D000
PATCH 0000019A896E0020 __raiseException666 address=0000019AC9235000
PATCH 0000019A897B6EE0 __memoryCopyForward address=0000019AC922C000
PATCH 0000019A8979D060 osAllocGuarded address=0000019AC9240000
PATCH 0000019A897996D8 memAlign address=0000019AC923D000
PATCH 0000019A89797E30 classSize address=0000019AC923E000
PATCH 0000019A89F639A8 headerOf address=0000019AC9243000
PATCH 0000019A89F64A18 footer address=0000019AC9245000
PATCH 0000019A89F68BD8 popCachedBlock address=0000019AC9241000
PATCH 0000019A89798668 sizeClass address=0000019AC923B000
PATCH 0000019A897B7F50 Swag.memset address=0000019AC9247000
PATCH 0000019A896E6510 __captureStack address=0000019AC9248000
PATCH 0000019A89F69C48 allocateHeaderBlock address=0000019AC924A000
PATCH 0000019A897B1090 pageCommitEnd address=0000019AC9255000
PATCH 0000019A897B0858 pageCommitStart address=0000019AC9254000
PATCH 0000019A897B2100 releasePage address=0000019AC925A000
PATCH 0000019A9476D0C0 collectRemote address=0000019AC9251000
PATCH 0000019A8968D640 __hostThreadStorageFree address=0000019AC9260000
PATCH 0000019A8968CE08 __hostThreadStorageAlloc address=0000019AC925F000
PATCH 0000019A8968DE78 __hostThreadStorageGet address=0000019AC9262000
PATCH 0000019A8968E6B0 __hostThreadStorageSet address=0000019AC9264000
PATCH 0000019A8979E0D0 allocateThreadHeap address=0000019AC9266000
PATCH 0000019A9476E130 acquireBlock address=0000019AC9268000
PATCH 0000019A89F60858 linkPage address=0000019AC926A000
PATCH 0000019A8979F140 retireThreadHeap address=0000019AC925D000
PATCH 0000019A94768F00 setupBlockDivision address=0000019AC926F000
PATCH 0000019A947239A8 Swag.safetyPanic address=0000019AC9274000
PATCH 0000019A897B39A8 allocatorAddArena address=0000019AC9273000
PATCH 0000019A897B18C8 acquirePage address=0000019AC9271000
PATCH 0000019A947686C8 setup address=0000019AC9270000
PATCH 0000019A89F66AF8 checkAllocated address=0000019AC927E000
PATCH 0000019A89F662C0 checkFree address=0000019AC9280000
PATCH 0000019A89F6C560 checkPageAddress address=0000019AC9284000
PATCH 0000019A89F6CD98 freeBlock address=0000019AC928A000
PATCH 0000019A89F6D5D0 assertIsAllocated address=0000019AC9293000
DEFER 0000019A88C60020 swagLifecycleInitWrapper shard=8 offset=12736 address=0000000000000000
DEFER 0000019A89F218C8 opDrop shard=8 offset=12744 address=0000000000000000
DEFER 0000019A88C5E5E0 swagLifecycleInitWrapper shard=8 offset=15256 address=0000000000000000
DEFER 0000019A88B86268 swagLifecycleInitWrapper shard=8 offset=15944 address=0000000000000000
DEFER 0000019A945A9608 swagLifecycleInitWrapper shard=8 offset=17288 address=0000000000000000
DEFER 0000019A895968D0 swagLifecycleInitWrapper shard=8 offset=19032 address=0000000000000000
DEFER 0000019A9498B980 swagLifecycleInitWrapper shard=8 offset=19856 address=0000000000000000
DEFER 0000019A89F3EBC0 swagLifecycleInitWrapper shard=8 offset=20944 address=0000000000000000
DEFER 0000019A947527A8 swagLifecycleInitWrapper shard=8 offset=22144 address=0000000000000000
PATCH 0000019A94722938 __printPanicReport address=0000019AC92B0000
PATCH 0000019A94723170 Swag.panic address=0000019AC92B2000
DEFER 0000019A856B4F58 swagLifecycleInitWrapper shard=8 offset=22752 address=0000000000000000
PATCH 0000019A896CA188 __runtimeAllocator address=0000019AC9295000
PATCH 0000019A947287F8 Swag.print address=0000019AC92A3000
  *  module      api_static_provider * 28 files * api_static_provider.lib * 254 ms
PATCH 0000019AB3967BD8 __hostTlsAlloc address=0000019AC9314000
PATCH 0000019A95210FC8 __bootstrapAlloc address=0000019AC931B000
PATCH 0000019A95077760 __tlsGetValue address=0000019AC9317000
PATCH 0000019A95077F98 __tlsSetValue address=0000019AC931F000
PATCH 0000019A88835A88 __hostPageReserve address=0000019AC9318000
PATCH 0000019A95103C70 defaultAllocator address=0000019AC9321000
PATCH 0000019A951695E0 installed address=0000019AC9322000
PATCH 0000019A88837330 __hostPageRelease address=0000019AC931A000
PATCH 0000019A95211800 __bootstrapFree address=0000019AC9320000
PATCH 0000019A888362C0 __hostPageCommit address=0000019AC9319000
PATCH 0000019A95168570 setup address=0000019AC9324000
PATCH 0000019A95169E18 diagnosticMode address=0000019AC9326000
PATCH 0000019A95168DA8 configure address=0000019AC9323000
PATCH 0000019A88838318 lock address=0000019AC9327000
PATCH 0000019A95100B20 unlockDiagnostic address=0000019AC932A000
PATCH 0000019A951002E8 lockDiagnostic address=0000019AC9328000
PATCH 0000019A88838B50 unlock address=0000019AC9329000
PATCH 0000019A95178BD8 usesHeaderPath address=0000019AC932C000
PATCH 0000019A89D231D8 atomicAddU64 address=0000019AC932F000
PATCH 0000019A9516A650 osAlloc address=0000019AC9332000
PATCH 0000019A95175250 linkAllocated address=0000019AC9336000
PATCH 0000019A95172100 userAddress address=0000019AC9334000
PATCH 0000019A89D229A0 atomicGet address=0000019AC9338000
PATCH 0000019A89D2A7B0 lockRemote address=0000019AC933A000
PATCH 0000019A89D2AFE8 unlockRemote address=0000019AC933B000
PATCH 0000019A95172938 footer address=0000019AC9339000
PATCH 0000019A951739A8 setFooterMagic address=0000019AC933C000
PATCH 0000019A89D27E98 isBlockAddress address=0000019AC933E000
PATCH 0000019A89D24248 atomicSubU32 address=0000019AC9340000
PATCH 0000019A89D64A18 allocatorSegmentOf address=0000019AC9342000
PATCH 0000019A89D28F08 decode address=0000019AC933D000
PATCH 0000019A89D2E400 segmentBase address=0000019AC9343000
PATCH 0000019A89D23A10 atomicSubU64 address=0000019AC9347000
PATCH 0000019A89D25AF0 allocatorOsDecommit address=0000019AC9348000
PATCH 0000019A89D61090 clearPageBit address=0000019AC9349000
PATCH 0000019A88836AF8 __hostPageDecommit address=0000019AC9346000
PATCH 0000019A9516D7A0 unlinkHeap address=0000019AC934B000
PATCH 0000019A9516B6C0 osFree address=0000019AC934C000
PATCH 0000019A95163440 allocatorThreadHeapFlsId address=0000019AC9351000
PATCH 0000019A95163C78 currentAllocatorThreadHeap address=0000019AC9353000
PATCH 0000019A95164F28 currentThreadId address=0000019AC9357000
PATCH 0000019A95162C08 retireAllocatorThreadHeap address=0000019AC934E000
PATCH 0000019AB396B560 __hostCurrentThreadId address=0000019AC9356000
PATCH 0000019A9516BEF8 allocateThreadHeap address=0000019AC9358000
PATCH 0000019A9516C730 threadHeap address=0000019AC9359000
PATCH 0000019A95166CC8 classUnitShift address=0000019AC935B000
PATCH 0000019A89D252B8 allocatorOsCommit address=0000019AC935C000
PATCH 0000019A89D26328 allocatorNextKey address=0000019AC935E000
PATCH 0000019A951644B0 setCurrentAllocatorThreadHeap address=0000019AC9355000
PATCH 0000019A95101358 alloc address=0000019AC9369000
PATCH 0000019A89D63170 allocatorAcquireSegment address=0000019AC936B000
PATCH 0000019A95175A88 unlinkAllocated address=0000019AC936F000
PATCH 0000019A951783A0 freeHeaderBlock address=0000019AC9372000
PATCH 0000019A89D286D0 encode address=0000019AC9374000
PATCH 0000019A89D24A80 osReserve address=0000019AC9362000
PATCH 0000019A95173170 footerMagic address=0000019AC936C000
PATCH 0000019A89D2C058 pushRemote address=0000019AC9378000
PATCH 0000019A95101B90 realloc address=0000019AC937B000
PATCH 0000019A89D618C8 isEmpty address=0000019AC937D000
PATCH 0000019A951023C8 free address=0000019AC937C000
PATCH 0000019A89D2D0C8 holdsFreeBlock address=0000019AC9382000
PATCH 0000019A89D639A8 allocatorReleaseSegment address=0000019AC937E000
PATCH 0000019A95102C00 freeAll address=0000019AC9381000
PATCH 0000019A95103438 assertAllocated address=0000019AC9384000
PATCH 0000019A950787D0 __tlsGetPtr address=0000019AC9386000
PATCH 0000019A95014978 __concreteAlias address=0000019AC9387000
PATCH 0000019A95240858 Swag.stringCmp address=0000019AC9389000
PATCH 0000019A950159E8 Swag.typeAs address=0000019AC938B000
PATCH 0000019A95016220 Swag.typeCmp address=0000019AC938A000
PATCH 0000019A9517D5D0 releaseAll address=0000019AC9380000
PATCH 0000019A9521CB08 __itoa address=0000019AC938F000
PATCH 0000019A8884BD28 __printString address=0000019AC938C000
PATCH 0000019A9521EBE8 __printS64 address=0000019AC9390000
PATCH 0000019AB395A350 Swag.memcmp address=0000019AC9388000
PATCH 0000019A9521F420 __printF64 address=0000019AC9392000
PATCH 0000019A9521DB78 __ftoa address=0000019AC9391000
PATCH 0000019A9521E3B0 __printU64 address=0000019AC938E000
PATCH 0000019A88814378 __peU32 address=0000019AC9395000
PATCH 0000019A88815C20 __hostReleaseDecodedDebugSection address=0000019AC9396000
PATCH 0000019A9521D340 __utoa address=0000019AC938D000
PATCH 0000019A88814BB0 __hostDebugSection address=0000019AC9398000
PATCH 0000019A95242578 __dbgU32 address=0000019AC939A000
PATCH 0000019A95242DB0 __dbgFindSection address=0000019AC939B000
PATCH 0000019A88813308 __hostImageBaseForAddress address=0000019AC9394000
PATCH 0000019A888153E8 __hostDecodeDebugSection address=0000019AC9399000
PATCH 0000019A88813B40 __peU16 address=0000019AC9397000
PATCH 0000019A952435E8 __dbgStr address=0000019AC939C000
PATCH 0000019A95244658 __hasStackTraceSymbols address=0000019AC939E000
PATCH 0000019A8884DE08 __exitError address=0000019AC93A1000
PATCH 0000019A95076F28 __tlsAlloc address=0000019AC93A3000
PATCH 0000019A95243E20 __symbolize address=0000019AC939D000
PATCH 0000019A95018D88 Swag.jit address=0000019AC93A4000
PATCH 0000019A95244E90 __logStackTrace address=0000019AC939F000
PATCH 0000019A89D33EB0 __run_expr_3 address=0000019AC93A6000
PATCH 0000019A94E04368 swagLifecycleInitWrapper address=0000019AC93A5000
PATCH 0000019AB3968410 __hostTlsGet address=0000019AC9315000
PATCH 0000019AB39592E0 Swag.memcpy address=0000019AC931D000
PATCH 0000019A95210790 __bootstrapRoundedSize address=0000019AC9316000
PATCH 0000019AB3968C48 __hostTlsSet address=0000019AC931E000
PATCH 0000019AB3957A38 __memoryCopyForward address=0000019AC931C000
PATCH 0000019A8884C560 __raiseException666 address=0000019AC9325000
PATCH 0000019A95167500 memAlign address=0000019AC932E000
PATCH 0000019A95165C58 classSize address=0000019AC932D000
PATCH 0000019A9516AE88 osAllocGuarded address=0000019AC9330000
PATCH 0000019A95176AF8 popCachedBlock address=0000019AC9331000
PATCH 0000019A951718C8 headerOf address=0000019AC9333000
PATCH 0000019A89D2B820 collectRemote address=0000019AC9341000
PATCH 0000019A88812AD0 __captureStack address=0000019AC9335000
PATCH 0000019A95166490 sizeClass address=0000019AC932B000
PATCH 0000019A89D2F470 pageCommitEnd address=0000019AC9345000
PATCH 0000019A89D60858 releasePage address=0000019AC934A000
PATCH 0000019AB3958AA8 Swag.memset address=0000019AC933F000
PATCH 0000019A9516CF68 retireThreadHeap address=0000019AC934D000
PATCH 0000019AB3969CB8 __hostThreadStorageFree address=0000019AC9350000
PATCH 0000019AB3969480 __hostThreadStorageAlloc address=0000019AC934F000
PATCH 0000019A89D2EC38 pageCommitStart address=0000019AC9344000
PATCH 0000019AB396AD28 __hostThreadStorageSet address=0000019AC9354000
PATCH 0000019AB396A4F0 __hostThreadStorageGet address=0000019AC9352000
PATCH 0000019A89D2C890 acquireBlock address=0000019AC935A000
PATCH 0000019A9516DFD8 linkPage address=0000019AC935D000
PATCH 0000019A89D27660 setupBlockDivision address=0000019AC935F000
PATCH 0000019A89D26E28 setup address=0000019AC9360000
PATCH 0000019A89D60020 acquirePage address=0000019AC9361000
PATCH 0000019A89D62100 allocatorAddArena address=0000019AC9363000
PATCH 0000019A9516F048 acquirePageForClass address=0000019AC9365000
PATCH 0000019A95170858 acquireBlock address=0000019AC9367000
PATCH 0000019A95170020 acquireBlockSlow address=0000019AC9366000
PATCH 0000019A89D62938 allocatorCreateSegment address=0000019AC9364000
PATCH 0000019A89D641E0 allocatorPageOf address=0000019AC936A000
PATCH 0000019A95174A18 checkAllocated address=0000019AC936D000
PATCH 0000019A95177B68 allocateHeaderBlock address=0000019AC9337000
PATCH 0000019A951741E0 checkFree address=0000019AC936E000
PATCH 0000019A951762C0 quarantine address=0000019AC9370000
PATCH 0000019A95177330 cacheFreedBlock address=0000019AC9371000
PATCH 0000019A9517A480 checkPageAddress address=0000019AC9373000
PATCH 0000019A95171090 retirePage address=0000019AC9377000
PATCH 0000019A9516E810 unlinkPage address=0000019AC9375000
PATCH 0000019A89D2D900 releaseBlock address=0000019AC9376000
PATCH 0000019A95179410 allocate address=0000019AC9368000
PATCH 0000019A95179C48 reallocate address=0000019AC937A000
PATCH 0000019A9517ACB8 freeBlock address=0000019AC9379000
PATCH 0000019A9521AE08 Swag.safetyPanic address=0000019AC937F000
PATCH 0000019A9517B4F0 assertIsAllocated address=0000019AC9383000
DEFER 0000019A95574100 swagLifecycleInitWrapper shard=0 offset=4208 address=0000000000000000
DEFER 0000019A9517F6B0 opDrop shard=0 offset=4216 address=0000000000000000
DEFER 0000019A89D5D260 swagLifecycleInitWrapper shard=0 offset=6728 address=0000000000000000
DEFER 0000019A94A3AC70 swagLifecycleInitWrapper shard=0 offset=7600 address=0000000000000000
DEFER 0000019A94E1A260 swagLifecycleInitWrapper shard=0 offset=8696 address=0000000000000000
DEFER 0000019A9524EFE8 swagLifecycleInitWrapper shard=0 offset=10440 address=0000000000000000
DEFER 0000019A94A5E290 swagLifecycleInitWrapper shard=0 offset=11264 address=0000000000000000
DEFER 0000019A9507AC18 swagLifecycleInitWrapper shard=0 offset=12352 address=0000000000000000
PATCH 0000019A9521A5D0 Swag.panic address=0000019AC93A2000
PATCH 0000019A95219D98 __printPanicReport address=0000019AC93A0000
DEFER 0000019A94A2BBA8 swagLifecycleInitWrapper shard=0 offset=13672 address=0000000000000000
DEFER 0000019A89D3DDC0 swagLifecycleInitWrapper shard=0 offset=14280 address=0000000000000000
PATCH 0000019A950195C0 __runtimeAllocator address=0000019AC9385000
PATCH 0000019A95240020 Swag.print address=0000019AC9393000
  *  module      runtime_context_base_static * 20 files * runtime_context_base_static.lib * 240 ms
PATCH 0000019A9ECED0D8 __tlsGetValue address=0000019AC9407000
PATCH 0000019A9D854A18 __hostPageRelease address=0000019AC940A000
PATCH 0000019A9D853170 __hostPageReserve address=0000019AC9408000
PATCH 0000019A9ECED910 __tlsSetValue address=0000019AC940F000
PATCH 0000019A9D8539A8 __hostPageCommit address=0000019AC9409000
PATCH 0000019A9D816DC0 defaultAllocator address=0000019AC9411000
PATCH 0000019A9D82C818 installed address=0000019AC9412000
PATCH 0000019A9D8052C0 __hostTlsAlloc address=0000019AC9404000
PATCH 0000019A9D82BFE0 configure address=0000019AC9413000
PATCH 0000019A9EC93AF8 __bootstrapAlloc address=0000019AC940B000
PATCH 0000019A9D82D050 diagnosticMode address=0000019AC9416000
PATCH 0000019A9D82B7A8 setup address=0000019AC9414000
PATCH 0000019A9EC94330 __bootstrapFree address=0000019AC9410000
PATCH 0000019A9D856238 unlock address=0000019AC9419000
PATCH 0000019A9D84BD28 usesHeaderPath address=0000019AC941C000
PATCH 0000019A9D813C70 unlockDiagnostic address=0000019AC941A000
PATCH 0000019A88686E58 atomicAddU64 address=0000019AC941F000
PATCH 0000019A9D813438 lockDiagnostic address=0000019AC9418000
PATCH 0000019A9D82D888 osAlloc address=0000019AC9422000
PATCH 0000019A9D845250 userAddress address=0000019AC9423000
PATCH 0000019A9D855A00 lock address=0000019AC9417000
PATCH 0000019A9D8483A0 linkAllocated address=0000019AC9427000
PATCH 0000019A88686620 atomicGet address=0000019AC942A000
PATCH 0000019A9D846AF8 setFooterMagic address=0000019AC9428000
PATCH 0000019A8868E430 lockRemote address=0000019AC942B000
PATCH 0000019A8868BB18 isBlockAddress address=0000019AC942F000
PATCH 0000019A88687EC8 atomicSubU32 address=0000019AC9430000
PATCH 0000019A8868CB88 decode address=0000019AC942E000
PATCH 0000019A886A8668 allocatorSegmentOf address=0000019AC9432000
PATCH 0000019A886A23C8 segmentBase address=0000019AC9433000
PATCH 0000019A88687690 atomicSubU64 address=0000019AC9437000
PATCH 0000019A9D8541E0 __hostPageDecommit address=0000019AC9436000
PATCH 0000019A8868EC68 unlockRemote address=0000019AC942D000
PATCH 0000019A9D82E8F8 osFree address=0000019AC943C000
PATCH 0000019A9D841090 unlinkHeap address=0000019AC943B000
PATCH 0000019A9D826080 retireAllocatorThreadHeap address=0000019AC943E000
PATCH 0000019A886A4CE0 clearPageBit address=0000019AC9439000
PATCH 0000019A88689770 allocatorOsDecommit address=0000019AC9438000
PATCH 0000019A9D8270F0 currentAllocatorThreadHeap address=0000019AC9443000
PATCH 0000019A9D8268B8 allocatorThreadHeapFlsId address=0000019AC9442000
PATCH 0000019A9D828160 currentThreadId address=0000019AC9447000
PATCH 0000019A9D840020 threadHeap address=0000019AC9449000
PATCH 0000019A9D82F130 allocateThreadHeap address=0000019AC9448000
PATCH 0000019A9D829F00 classUnitShift address=0000019AC944B000
PATCH 0000019A9D808C48 __hostCurrentThreadId address=0000019AC9446000
PATCH 0000019A9D827928 setCurrentAllocatorThreadHeap address=0000019AC9445000
PATCH 0000019A88688700 osReserve address=0000019AC9452000
PATCH 0000019A886A6DC0 allocatorAcquireSegment address=0000019AC9455000
PATCH 0000019A88689FA8 allocatorNextKey address=0000019AC944E000
PATCH 0000019A9D8462C0 footerMagic address=0000019AC945C000
PATCH 0000019A9D848BD8 unlinkAllocated address=0000019AC945E000
PATCH 0000019A9D8144A8 alloc address=0000019AC945A000
PATCH 0000019A88688F38 allocatorOsCommit address=0000019AC944D000
PATCH 0000019A9D84B4F0 freeHeaderBlock address=0000019AC9462000
PATCH 0000019A8868C350 encode address=0000019AC9464000
PATCH 0000019A886A0020 pushRemote address=0000019AC9468000
PATCH 0000019A886A75F8 allocatorReleaseSegment address=0000019AC946E000
PATCH 0000019A886A5518 isEmpty address=0000019AC946D000
PATCH 0000019A9D814CE0 realloc address=0000019AC946B000
PATCH 0000019A9D815D50 freeAll address=0000019AC9470000
PATCH 0000019A9D815518 free address=0000019AC946C000
PATCH 0000019A886A1090 holdsFreeBlock address=0000019AC9471000
PATCH 0000019A9D816588 assertAllocated address=0000019AC9473000
PATCH 0000019A9ECEE148 __tlsGetPtr address=0000019AC9476000
PATCH 0000019A886943F8 __utoa address=0000019AC947A000
PATCH 0000019A9EC957D0 __concreteAlias address=0000019AC9479000
PATCH 0000019A88695468 __printU64 address=0000019AC947B000
PATCH 0000019A88697548 Swag.stringCmp address=0000019AC947E000
PATCH 0000019A886964D8 __printF64 address=0000019AC9481000
PATCH 0000019A88695CA0 __printS64 address=0000019AC947F000
PATCH 0000019A88694C30 __ftoa address=0000019AC9480000
PATCH 0000019A888618C8 __peU16 address=0000019AC9485000
PATCH 0000019A88693BC0 __itoa address=0000019AC947D000
PATCH 0000019A88862100 __peU32 address=0000019AC9486000
PATCH 0000019A88699268 __dbgU32 address=0000019AC9489000
PATCH 0000019A88863170 __hostDecodeDebugSection address=0000019AC9488000
PATCH 0000019A88861090 __hostImageBaseForAddress address=0000019AC9483000
PATCH 0000019A888639A8 __hostReleaseDecodedDebugSection address=0000019AC9484000
PATCH 0000019A88699AA0 __dbgFindSection address=0000019AC948A000
PATCH 0000019A8869B348 __hasStackTraceSymbols address=0000019AC948D000
PATCH 0000019A8885B4F0 __exitError address=0000019AC9490000
PATCH 0000019A9ECEC8A0 __tlsAlloc address=0000019AC9493000
PATCH 0000019A9EC99BE0 Swag.jit address=0000019AC9494000
PATCH 0000019A888680D8 __run_expr_3 address=0000019AC9495000
PATCH 0000019A8884DE80 swagLifecycleInitWrapper address=0000019AC9496000
PATCH 0000019A9D805AF8 __hostTlsGet address=0000019AC9406000
PATCH 0000019A9EA592E0 Swag.memcpy address=0000019AC940D000
PATCH 0000019A9EC932C0 __bootstrapRoundedSize address=0000019AC9405000
PATCH 0000019A9D8296C8 sizeClass address=0000019AC941B000
PATCH 0000019A9D82A738 memAlign address=0000019AC941D000
PATCH 0000019A9D806330 __hostTlsSet address=0000019AC940E000
PATCH 0000019A9D82E0C0 osAllocGuarded address=0000019AC9420000
PATCH 0000019A9EA57A38 __memoryCopyForward address=0000019AC940C000
PATCH 0000019A9D849C48 popCachedBlock address=0000019AC9421000
PATCH 0000019A9D828E90 classSize address=0000019AC941E000
PATCH 0000019A9D844A18 headerOf address=0000019AC9424000
PATCH 0000019A9EA58AA8 Swag.memset address=0000019AC942C000
PATCH 0000019A9D845A88 footer address=0000019AC9426000
PATCH 0000019A88859C48 __raiseException666 address=0000019AC9415000
PATCH 0000019A8868F4A0 collectRemote address=0000019AC9431000
PATCH 0000019A88860858 __captureStack address=0000019AC9425000
PATCH 0000019A9D84ACB8 allocateHeaderBlock address=0000019AC9429000
PATCH 0000019A886A3438 pageCommitEnd address=0000019AC9435000
PATCH 0000019A9D840858 retireThreadHeap address=0000019AC943D000
PATCH 0000019A886A44A8 releasePage address=0000019AC943A000
PATCH 0000019A9D806B68 __hostThreadStorageAlloc address=0000019AC943F000
PATCH 0000019A886A2C00 pageCommitStart address=0000019AC9434000
PATCH 0000019A9D808410 __hostThreadStorageSet address=0000019AC9444000
PATCH 0000019A9D8073A0 __hostThreadStorageFree address=0000019AC9440000
PATCH 0000019A886A0858 acquireBlock address=0000019AC944A000
PATCH 0000019A9D8418C8 linkPage address=0000019AC944C000
PATCH 0000019A8868B2E0 setupBlockDivision address=0000019AC944F000
PATCH 0000019A886A5D50 allocatorAddArena address=0000019AC9453000
PATCH 0000019A8868AAA8 setup address=0000019AC9450000
PATCH 0000019A886A6588 allocatorCreateSegment address=0000019AC9454000
PATCH 0000019A9D843170 acquireBlockSlow address=0000019AC9457000
PATCH 0000019A9D842938 acquirePageForClass address=0000019AC9456000
PATCH 0000019A9D807BD8 __hostThreadStorageGet address=0000019AC9441000
PATCH 0000019A9D84C560 allocate address=0000019AC9459000
PATCH 0000019A886A7E30 allocatorPageOf address=0000019AC945B000
PATCH 0000019A9D847B68 checkAllocated address=0000019AC945D000
PATCH 0000019A886A3C70 acquirePage address=0000019AC9451000
PATCH 0000019A9D847330 checkFree address=0000019AC945F000
PATCH 0000019A9D8439A8 acquireBlock address=0000019AC9458000
PATCH 0000019A9D84D5D0 checkPageAddress address=0000019AC9463000
PATCH 0000019A9D84A480 cacheFreedBlock address=0000019AC9461000
PATCH 0000019A9D842100 unlinkPage address=0000019AC9466000
PATCH 0000019A9D849410 quarantine address=0000019AC9460000
PATCH 0000019A9D8441E0 retirePage address=0000019AC9467000
PATCH 0000019A886A18C8 releaseBlock address=0000019AC9465000
PATCH 0000019A9D84CD98 reallocate address=0000019AC946A000
DEFER 0000019A89F0E3E0 swagLifecycleInitWrapper shard=0 offset=13472 address=0000000000000000
PATCH 0000019A9D84DE08 freeBlock address=0000019AC9469000
PATCH 0000019A9D84E640 assertIsAllocated address=0000019AC9472000
DEFER 0000019A9D812938 opDrop shard=0 offset=13480 address=0000000000000000
PATCH 0000019A9EA5A350 Swag.memcmp address=0000019AC947C000
PATCH 0000019A9EC96840 Swag.typeAs address=0000019AC9477000
PATCH 0000019A9EC97078 Swag.typeCmp address=0000019AC9475000
PATCH 0000019A88859410 __printString address=0000019AC9478000
DEFER 0000019A89F03160 swagLifecycleInitWrapper shard=0 offset=16008 address=0000000000000000
PATCH 0000019A8869A2D8 __dbgStr address=0000019AC948B000
PATCH 0000019A88862938 __hostDebugSection address=0000019AC9487000
DEFER 0000019A9ECD9980 swagLifecycleInitWrapper shard=0 offset=16584 address=0000000000000000
PATCH 0000019A9D810858 releaseAll address=0000019AC946F000
PATCH 0000019A8869AB10 __symbolize address=0000019AC948C000
PATCH 0000019A8869BB80 __logStackTrace address=0000019AC948E000
PATCH 0000019A88692100 Swag.safetyPanic address=0000019AC9491000
PATCH 0000019A886918C8 Swag.panic address=0000019AC9492000
DEFER 0000019A8880D8F8 swagLifecycleInitWrapper shard=0 offset=17616 address=0000000000000000
DEFER 0000019A8937E238 swagLifecycleInitWrapper shard=0 offset=19360 address=0000000000000000
PATCH 0000019A88691090 __printPanicReport address=0000019AC948F000
DEFER 0000019A88865F40 swagLifecycleInitWrapper shard=0 offset=20184 address=0000000000000000
DEFER 0000019A886C79B8 swagLifecycleInitWrapper shard=0 offset=21208 address=0000000000000000
DEFER 0000019A897FAC08 swagLifecycleInitWrapper shard=0 offset=22408 address=0000000000000000
DEFER 0000019A9ECAC8D8 swagLifecycleInitWrapper shard=0 offset=23016 address=0000000000000000
PATCH 0000019A9EC9A418 __runtimeAllocator address=0000019AC9474000
PATCH 0000019A88696D10 Swag.print address=0000019AC9482000
  *  module      runtime_context_bridge_dll * 24 files * runtime_context_bridge_dll.dll * 321 ms
PATCH 0000019A94A45FC8 __tlsGetValue address=0000019AC94FA000
PATCH 0000019A95E639A8 __hostPageCommit address=0000019AC94FD000
PATCH 0000019A953A3C48 __bootstrapAlloc address=0000019AC94FF000
PATCH 0000019A95E63170 __hostPageReserve address=0000019AC94FC000
PATCH 0000019A94A46800 __tlsSetValue address=0000019AC9503000
PATCH 0000019A953A4480 __bootstrapFree address=0000019AC9504000
PATCH 0000019A95E64A18 __hostPageRelease address=0000019AC94FE000
PATCH 0000019A95E093A0 installed address=0000019AC9506000
PATCH 0000019A95E08B68 configure address=0000019AC9507000
PATCH 0000019A95E552C0 __hostTlsAlloc address=0000019AC94F8000
PATCH 0000019A95E08330 setup address=0000019AC9508000
PATCH 0000019A95E239A8 defaultAllocator address=0000019AC9505000
PATCH 0000019A95E20858 unlockDiagnostic address=0000019AC950D000
PATCH 0000019A95E66238 unlock address=0000019AC950C000
PATCH 0000019A95E65A00 lock address=0000019AC950A000
PATCH 0000019A9D3031D8 atomicAddU64 address=0000019AC9513000
PATCH 0000019A95E09BD8 diagnosticMode address=0000019AC9512000
PATCH 0000019A95E318C8 userAddress address=0000019AC9518000
PATCH 0000019A95E0A410 osAlloc address=0000019AC9516000
PATCH 0000019A95E33170 setFooterMagic address=0000019AC951A000
PATCH 0000019A9D3029A0 atomicGet address=0000019AC951E000
PATCH 0000019A95E34A18 linkAllocated address=0000019AC951D000
PATCH 0000019A9D304248 atomicSubU32 address=0000019AC9524000
PATCH 0000019A9D30A9F0 lockRemote address=0000019AC9520000
PATCH 0000019A9D309148 decode address=0000019AC9522000
PATCH 0000019A9D354A18 allocatorSegmentOf address=0000019AC9526000
PATCH 0000019A9D30E640 segmentBase address=0000019AC9527000
PATCH 0000019A9D30B228 unlockRemote address=0000019AC9521000
PATCH 0000019A95E641E0 __hostPageDecommit address=0000019AC952A000
PATCH 0000019A9D305AF0 allocatorOsDecommit address=0000019AC952C000
PATCH 0000019A9D351090 clearPageBit address=0000019AC952D000
PATCH 0000019A9D3080D8 isBlockAddress address=0000019AC9523000
PATCH 0000019A95E02C08 retireAllocatorThreadHeap address=0000019AC9532000
PATCH 0000019A95E0B480 osFree address=0000019AC9530000
PATCH 0000019A95E03440 allocatorThreadHeapFlsId address=0000019AC9535000
PATCH 0000019A95E03C78 currentAllocatorThreadHeap address=0000019AC9537000
PATCH 0000019A95E0D560 unlinkHeap address=0000019AC952F000
PATCH 0000019A95E06A88 classUnitShift address=0000019AC953E000
PATCH 0000019A95E044B0 setCurrentAllocatorThreadHeap address=0000019AC953A000
PATCH 0000019A95E58C48 __hostCurrentThreadId address=0000019AC953D000
PATCH 0000019A9D303A10 atomicSubU64 address=0000019AC952B000
PATCH 0000019A9D304A80 osReserve address=0000019AC9546000
PATCH 0000019A9D3052B8 allocatorOsCommit address=0000019AC9541000
PATCH 0000019A9D353170 allocatorAcquireSegment address=0000019AC9549000
PATCH 0000019A95E04CE8 currentThreadId address=0000019AC9540000
PATCH 0000019A95E21090 alloc address=0000019AC954E000
PATCH 0000019A95E35250 unlinkAllocated address=0000019AC9552000
PATCH 0000019A95E32938 footerMagic address=0000019AC9550000
PATCH 0000019A95E37B68 freeHeaderBlock address=0000019AC9556000
PATCH 0000019A9D306568 allocatorNextKey address=0000019AC9542000
PATCH 0000019A9D308910 encode address=0000019AC9558000
PATCH 0000019A9D30C298 pushRemote address=0000019AC955B000
PATCH 0000019A95E218C8 realloc address=0000019AC955E000
PATCH 0000019A9D3518C8 isEmpty address=0000019AC9561000
PATCH 0000019A9D3539A8 allocatorReleaseSegment address=0000019AC9562000
PATCH 0000019A9D30D308 holdsFreeBlock address=0000019AC9565000
PATCH 0000019A95E22100 free address=0000019AC9560000
PATCH 0000019A95E23170 assertAllocated address=0000019AC9567000
PATCH 0000019A94A47038 __tlsGetPtr address=0000019AC9569000
PATCH 0000019A95E22938 freeAll address=0000019AC9564000
PATCH 0000019A953BF598 Swag.stringCmp address=0000019AC956C000
PATCH 0000019A953A5920 __concreteAlias address=0000019AC956A000
PATCH 0000019A953A6990 Swag.typeAs address=0000019AC956E000
PATCH 0000019A953BC448 __utoa address=0000019AC9570000
PATCH 0000019A953BD4B8 __printU64 address=0000019AC9571000
PATCH 0000019A953BBC10 __itoa address=0000019AC9572000
PATCH 0000019A953BCC80 __ftoa address=0000019AC9574000
PATCH 0000019A953BE528 __printF64 address=0000019AC9575000
PATCH 0000019A94D01090 __hostImageBaseForAddress address=0000019AC9577000
PATCH 0000019A94D039A8 __hostReleaseDecodedDebugSection address=0000019AC9578000
PATCH 0000019A94D02100 __peU32 address=0000019AC9579000
PATCH 0000019A94D018C8 __peU16 address=0000019AC957A000
PATCH 0000019A953BDCF0 __printS64 address=0000019AC9573000
PATCH 0000019A94D03170 __hostDecodeDebugSection address=0000019AC957C000
PATCH 0000019A953D8650 __dbgU32 address=0000019AC957D000
PATCH 0000019A953D8E88 __dbgFindSection address=0000019AC957E000
PATCH 0000019A953A9D30 Swag.jit address=0000019AC9587000
PATCH 0000019A952B0858 Swag.safetyPanic address=0000019AC9588000
PATCH 0000019A94A45790 __tlsAlloc address=0000019AC9586000
PATCH 0000019A94E20BF0 __run_expr_3 address=0000019AC9589000
PATCH 0000019A95002C10 swagLifecycleInitWrapper address=0000019AC958A000
PATCH 0000019A94D7B4F0 __exitError address=0000019AC9584000
PATCH 0000019A953DA730 __hasStackTraceSymbols address=0000019AC9581000
PATCH 0000019A953A3410 __bootstrapRoundedSize address=0000019AC94FB000
PATCH 0000019A95E26EE0 Swag.memcpy address=0000019AC9501000
PATCH 0000019A95E25638 __memoryCopyForward address=0000019AC9500000
PATCH 0000019A95E56330 __hostTlsSet address=0000019AC9502000
PATCH 0000019A95E55AF8 __hostTlsGet address=0000019AC94F9000
PATCH 0000019A94D79C48 __raiseException666 address=0000019AC9509000
PATCH 0000019A95E072C0 memAlign address=0000019AC9510000
PATCH 0000019A95E20020 lockDiagnostic address=0000019AC950B000
PATCH 0000019A95E383A0 usesHeaderPath address=0000019AC950F000
PATCH 0000019A95E06250 sizeClass address=0000019AC950E000
PATCH 0000019A95E0AC48 osAllocGuarded address=0000019AC9514000
PATCH 0000019A95E05A18 classSize address=0000019AC9511000
PATCH 0000019A95E362C0 popCachedBlock address=0000019AC9515000
PATCH 0000019A95E31090 headerOf address=0000019AC9517000
PATCH 0000019A95E32100 footer address=0000019AC9519000
PATCH 0000019A95E266A8 Swag.memset address=0000019AC951B000
PATCH 0000019A94D00858 __captureStack address=0000019AC951C000
PATCH 0000019A95E37330 allocateHeaderBlock address=0000019AC951F000
PATCH 0000019A9D30BA60 collectRemote address=0000019AC9525000
PATCH 0000019A9D30F6B0 pageCommitEnd address=0000019AC9529000
PATCH 0000019A95E0CD28 retireThreadHeap address=0000019AC9531000
PATCH 0000019A9D30EE78 pageCommitStart address=0000019AC9528000
PATCH 0000019A9D350858 releasePage address=0000019AC952E000
PATCH 0000019A95E56B68 __hostThreadStorageAlloc address=0000019AC9533000
PATCH 0000019A95E573A0 __hostThreadStorageFree address=0000019AC9534000
PATCH 0000019A95E58410 __hostThreadStorageSet address=0000019AC9538000
PATCH 0000019A95E0BCB8 allocateThreadHeap address=0000019AC9539000
PATCH 0000019A95E0C4F0 threadHeap address=0000019AC953B000
PATCH 0000019A95E0DD98 linkPage address=0000019AC953F000
PATCH 0000019A9D30CAD0 acquireBlock address=0000019AC953C000
PATCH 0000019A9D3078A0 setupBlockDivision address=0000019AC9543000
PATCH 0000019A95E57BD8 __hostThreadStorageGet address=0000019AC9536000
PATCH 0000019A9D307068 setup address=0000019AC9544000
PATCH 0000019A9D352100 allocatorAddArena address=0000019AC9547000
PATCH 0000019A9D350020 acquirePage address=0000019AC9545000
PATCH 0000019A95E0EE08 acquirePageForClass address=0000019AC954B000
PATCH 0000019A95E0F640 acquireBlockSlow address=0000019AC954A000
PATCH 0000019A95E30020 acquireBlock address=0000019AC954C000
PATCH 0000019A9D352938 allocatorCreateSegment address=0000019AC9548000
PATCH 0000019A95E38BD8 allocate address=0000019AC954D000
PATCH 0000019A9D3541E0 allocatorPageOf address=0000019AC954F000
PATCH 0000019A95E341E0 checkAllocated address=0000019AC9551000
PATCH 0000019A95E339A8 checkFree address=0000019AC9553000
PATCH 0000019A95E36AF8 cacheFreedBlock address=0000019AC9555000
PATCH 0000019A95E35A88 quarantine address=0000019AC9554000
PATCH 0000019A9D30DB40 releaseBlock address=0000019AC955D000
PATCH 0000019A95E39C48 checkPageAddress address=0000019AC9557000
PATCH 0000019A95E0E5D0 unlinkPage address=0000019AC9559000
PATCH 0000019A95E30858 retirePage address=0000019AC955A000
PATCH 0000019A95E39410 reallocate address=0000019AC955F000
PATCH 0000019A95E3CD98 releaseAll address=0000019AC9563000
PATCH 0000019A95E3ACB8 assertIsAllocated address=0000019AC9566000
DEFER 0000019A949EE3D0 swagLifecycleInitWrapper shard=0 offset=4360 address=0000000000000000
PATCH 0000019A953A71C8 Swag.typeCmp address=0000019AC956D000
PATCH 0000019A95E27F50 Swag.memcmp address=0000019AC956B000
PATCH 0000019A95E3A480 freeBlock address=0000019AC955C000
PATCH 0000019A94D79410 __printString address=0000019AC956F000
PATCH 0000019A94D02938 __hostDebugSection address=0000019AC957B000
DEFER 0000019A95E3EE78 opDrop shard=0 offset=4368 address=0000000000000000
PATCH 0000019A953D96C0 __dbgStr address=0000019AC957F000
DEFER 0000019A949DDD78 swagLifecycleInitWrapper shard=0 offset=6880 address=0000000000000000
PATCH 0000019A953D9EF8 __symbolize address=0000019AC9580000
DEFER 0000019A9E265B40 swagLifecycleInitWrapper shard=0 offset=7568 address=0000000000000000
PATCH 0000019A952B0020 Swag.panic address=0000019AC9585000
PATCH 0000019A953DAF68 __logStackTrace address=0000019AC9582000
DEFER 0000019A94A63A90 swagLifecycleInitWrapper shard=0 offset=8664 address=0000000000000000
PATCH 0000019A952EF3B0 __printPanicReport address=0000019AC9583000
DEFER 0000019A94D04C90 swagLifecycleInitWrapper shard=0 offset=10408 address=0000000000000000
DEFER 0000019A94E20020 swagLifecycleInitWrapper shard=0 offset=11232 address=0000000000000000
DEFER 0000019A952D8360 swagLifecycleInitWrapper shard=0 offset=12320 address=0000000000000000
PATCH 0000019A953BED60 Swag.print address=0000019AC9576000
DEFER 0000019A9DD07FC8 swagLifecycleInitWrapper shard=0 offset=13520 address=0000000000000000
DEFER 0000019A94E2D700 swagLifecycleInitWrapper shard=0 offset=14128 address=0000000000000000
PATCH 0000019A953AA568 __runtimeAllocator address=0000019AC9568000
  *  module      runtime_context_direct_static * 20 files * runtime_context_direct_static.lib * 232 ms
PATCH 0000019A9EFD6EB8 __tlsGetValue address=0000019AC963A000
PATCH 0000019A9E8E7B68 __hostPageCommit address=0000019AC963D000
PATCH 0000019A9EFD76F0 __tlsSetValue address=0000019AC9643000
PATCH 0000019A9E8E7330 __hostPageReserve address=0000019AC963B000
PATCH 0000019A9E8B1800 __bootstrapFree address=0000019AC9644000
PATCH 0000019A9E8B0FC8 __bootstrapAlloc address=0000019AC963F000
PATCH 0000019A9E8A9480 __hostTlsAlloc address=0000019AC9638000
PATCH 0000019A886A4CE0 defaultAllocator address=0000019AC9645000
PATCH 0000019A9E8CA9B0 installed address=0000019AC9646000
PATCH 0000019A9E8CA178 configure address=0000019AC9647000
PATCH 0000019A9E8C9940 setup address=0000019AC9648000
PATCH 0000019A9E8E8BD8 __hostPageRelease address=0000019AC963E000
PATCH 0000019A9E8EA3F8 unlock address=0000019AC964B000
PATCH 0000019A886A1B90 unlockDiagnostic address=0000019AC964E000
PATCH 0000019A886D9C48 usesHeaderPath address=0000019AC9650000
PATCH 0000019A9E8CB1E8 diagnosticMode address=0000019AC964D000
PATCH 0000019A9EE63678 atomicAddU64 address=0000019AC9653000
PATCH 0000019A9E8CBA20 osAlloc address=0000019AC9656000
PATCH 0000019A886D4A18 setFooterMagic address=0000019AC9659000
PATCH 0000019A9EE62E40 atomicGet address=0000019AC965F000
PATCH 0000019A886D62C0 linkAllocated address=0000019AC965D000
PATCH 0000019A9E8E9BC0 lock address=0000019AC9649000
PATCH 0000019A9EE6AC50 lockRemote address=0000019AC9660000
PATCH 0000019A886D3170 userAddress address=0000019AC9658000
PATCH 0000019A9EE646E8 atomicSubU32 address=0000019AC9664000
PATCH 0000019A9EE6B488 unlockRemote address=0000019AC9661000
PATCH 0000019A9EE05250 allocatorSegmentOf address=0000019AC9666000
PATCH 0000019A9EE68338 isBlockAddress address=0000019AC9663000
PATCH 0000019A9EE6E8A0 segmentBase address=0000019AC9667000
PATCH 0000019A9EE693A8 decode address=0000019AC9662000
PATCH 0000019A9EE018C8 clearPageBit address=0000019AC966D000
PATCH 0000019A9EE65F90 allocatorOsDecommit address=0000019AC966C000
PATCH 0000019A9E8CEB70 unlinkHeap address=0000019AC966F000
PATCH 0000019A9E8CCA90 osFree address=0000019AC9670000
PATCH 0000019A9E8E83A0 __hostPageDecommit address=0000019AC966B000
PATCH 0000019A9E8C4218 retireAllocatorThreadHeap address=0000019AC9672000
PATCH 0000019A9EE63EB0 atomicSubU64 address=0000019AC966A000
PATCH 0000019A9E8C4A50 allocatorThreadHeapFlsId address=0000019AC9675000
PATCH 0000019A9E8C5288 currentAllocatorThreadHeap address=0000019AC9677000
PATCH 0000019A9E8ABD98 __hostThreadStorageGet address=0000019AC9676000
PATCH 0000019A9E8ACE08 __hostCurrentThreadId address=0000019AC967A000
PATCH 0000019A9E8AC5D0 __hostThreadStorageSet address=0000019AC9679000
PATCH 0000019A9E8C62F8 currentThreadId address=0000019AC967C000
PATCH 0000019A9E8CDB00 threadHeap address=0000019AC967E000
PATCH 0000019A9E8C8098 classUnitShift address=0000019AC9680000
PATCH 0000019A9E8CF3A8 linkPage address=0000019AC9681000
PATCH 0000019A9E8C5AC0 setCurrentAllocatorThreadHeap address=0000019AC967B000
PATCH 0000019A9EE667C8 allocatorNextKey address=0000019AC9683000
PATCH 0000019A9EE65758 allocatorOsCommit address=0000019AC9682000
PATCH 0000019A9E8CD2C8 allocateThreadHeap address=0000019AC967D000
PATCH 0000019A9EE672C8 setup address=0000019AC9685000
PATCH 0000019A9EE64F20 osReserve address=0000019AC9687000
PATCH 0000019A9EE67B00 setupBlockDivision address=0000019AC9684000
PATCH 0000019A9EE02938 allocatorAddArena address=0000019AC9688000
PATCH 0000019A9EE039A8 allocatorAcquireSegment address=0000019AC968A000
PATCH 0000019A9EE03170 allocatorCreateSegment address=0000019AC9689000
PATCH 0000019A886D18C8 acquireBlock address=0000019AC968D000
PATCH 0000019A886D1090 acquireBlockSlow address=0000019AC968C000
PATCH 0000019A886A23C8 alloc address=0000019AC968F000
PATCH 0000019A886DA480 allocate address=0000019AC968E000
PATCH 0000019A9EE00858 acquirePage address=0000019AC9686000
PATCH 0000019A886D41E0 footerMagic address=0000019AC9691000
PATCH 0000019A9EE04A18 allocatorPageOf address=0000019AC9690000
PATCH 0000019A886D6AF8 unlinkAllocated address=0000019AC9693000
PATCH 0000019A886D0858 acquirePageForClass address=0000019AC968B000
PATCH 0000019A9EE68B70 encode address=0000019AC9699000
PATCH 0000019A886D7330 quarantine address=0000019AC9695000
PATCH 0000019A9EE6DDA0 releaseBlock address=0000019AC969A000
PATCH 0000019A886D0020 unlinkPage address=0000019AC969B000
PATCH 0000019A9EE6C4F8 pushRemote address=0000019AC969D000
PATCH 0000019A886D2100 retirePage address=0000019AC969C000
PATCH 0000019A886D83A0 cacheFreedBlock address=0000019AC9696000
PATCH 0000019A9EE02100 isEmpty address=0000019AC96A2000
PATCH 0000019A886A2C00 realloc address=0000019AC96A0000
PATCH 0000019A886DACB8 reallocate address=0000019AC969F000
PATCH 0000019A9EE041E0 allocatorReleaseSegment address=0000019AC96A3000
PATCH 0000019A886A3C70 freeAll address=0000019AC96A5000
PATCH 0000019A9EE6D568 holdsFreeBlock address=0000019AC96A6000
PATCH 0000019A886DE640 releaseAll address=0000019AC96A4000
PATCH 0000019A886A3438 free address=0000019AC96A1000
PATCH 0000019A886A44A8 assertAllocated address=0000019AC96A8000
PATCH 0000019A9EF9B0D8 __concreteAlias address=0000019AC96AB000
PATCH 0000019A9EE0CB60 Swag.stringCmp address=0000019AC96AD000
PATCH 0000019A886D9410 freeHeaderBlock address=0000019AC9697000
PATCH 0000019A9EE08788 Swag.memcmp address=0000019AC96AC000
PATCH 0000019A9EFD7F28 __tlsGetPtr address=0000019AC96AA000
PATCH 0000019A9EF9C980 Swag.typeCmp address=0000019AC96AE000
PATCH 0000019A9EE09A10 __utoa address=0000019AC96B1000
PATCH 0000019A9EE091D8 __itoa address=0000019AC96B3000
PATCH 0000019A9476D5D0 __printString address=0000019AC96B0000
PATCH 0000019A9EE0B2B8 __printS64 address=0000019AC96B4000
PATCH 0000019A9EE0A248 __ftoa address=0000019AC96B5000
PATCH 0000019A9EE0BAF0 __printF64 address=0000019AC96B6000
PATCH 0000019A9EF9C148 Swag.typeAs address=0000019AC96AF000
PATCH 0000019A9EE0AA80 __printU64 address=0000019AC96B2000
PATCH 0000019A9EE0E880 __dbgU32 address=0000019AC96BB000
PATCH 0000019A94744BB0 __hostImageBaseForAddress address=0000019AC96B8000
PATCH 0000019A9EE20020 __dbgStr address=0000019AC96BD000
PATCH 0000019A9EE21090 __hasStackTraceSymbols address=0000019AC96C0000
PATCH 0000019A94745C20 __peU32 address=0000019AC96C1000
PATCH 0000019A947453E8 __peU16 address=0000019AC96C3000
PATCH 0000019A947474C8 __hostReleaseDecodedDebugSection address=0000019AC96BE000
PATCH 0000019A9EE218C8 __logStackTrace address=0000019AC96C2000
PATCH 0000019A9476F6B0 __exitError address=0000019AC96C5000
PATCH 0000019A9EFD6680 __tlsAlloc address=0000019AC96C7000
PATCH 0000019A9EF9F4E8 Swag.jit address=0000019AC96C8000
PATCH 0000019AA17B5660 swagLifecycleInitWrapper address=0000019AC96CA000
PATCH 0000019A95A47FB0 __run_expr_9 address=0000019AC96C9000
PATCH 0000019A9EE20858 __symbolize address=0000019AC96BF000
PATCH 0000019A9E8A9CB8 __hostTlsGet address=0000019AC9639000
PATCH 0000019A9E8B0790 __bootstrapRoundedSize address=0000019AC963C000
PATCH 0000019A9EE05E70 __memoryCopyForward address=0000019AC9640000
PATCH 0000019A9E8AA4F0 __hostTlsSet address=0000019AC9642000
PATCH 0000019A9EE07718 Swag.memcpy address=0000019AC9641000
PATCH 0000019A886A1358 lockDiagnostic address=0000019AC964A000
PATCH 0000019A9E8C88D0 memAlign address=0000019AC9651000
PATCH 0000019A9E8C7860 sizeClass address=0000019AC964F000
PATCH 0000019A9476DE08 __raiseException666 address=0000019AC964C000
PATCH 0000019A9E8CC258 osAllocGuarded address=0000019AC9654000
PATCH 0000019A9E8C7028 classSize address=0000019AC9652000
PATCH 0000019A886D7B68 popCachedBlock address=0000019AC9655000
PATCH 0000019A886D39A8 footer address=0000019AC965A000
PATCH 0000019A886D2938 headerOf address=0000019AC9657000
PATCH 0000019A9EE06EE0 Swag.memset address=0000019AC965B000
PATCH 0000019A94744378 __captureStack address=0000019AC965C000
PATCH 0000019A886D8BD8 allocateHeaderBlock address=0000019AC965E000
PATCH 0000019A9EE00020 pageCommitEnd address=0000019AC9669000
PATCH 0000019A9EE6BCC0 collectRemote address=0000019AC9665000
PATCH 0000019A9E8AAD28 __hostThreadStorageAlloc address=0000019AC9673000
PATCH 0000019A9E8CE338 retireThreadHeap address=0000019AC9671000
PATCH 0000019A9E8AB560 __hostThreadStorageFree address=0000019AC9674000
PATCH 0000019A9E8BAE08 Swag.safetyPanic address=0000019AC9678000
PATCH 0000019A9EE6F0D8 pageCommitStart address=0000019AC9668000
PATCH 0000019A9EE01090 releasePage address=0000019AC966E000
PATCH 0000019A9EE6CD30 acquireBlock address=0000019AC967F000
PATCH 0000019A886D5A88 checkAllocated address=0000019AC9692000
PATCH 0000019A886D5250 checkFree address=0000019AC9694000
PATCH 0000019A886DBD28 freeBlock address=0000019AC969E000
PATCH 0000019A886DB4F0 checkPageAddress address=0000019AC9698000
PATCH 0000019A886DC560 assertIsAllocated address=0000019AC96A7000
DEFER 0000019AA3E95020 swagLifecycleInitWrapper shard=8 offset=52736 address=0000000000000000
DEFER 0000019A886A0858 opDrop shard=8 offset=52744 address=0000000000000000
DEFER 0000019AA2B66640 swagLifecycleInitWrapper shard=8 offset=55256 address=0000000000000000
DEFER 0000019AA3E931B8 swagLifecycleInitWrapper shard=8 offset=55816 address=0000000000000000
DEFER 0000019AA27B4238 swagLifecycleInitWrapper shard=8 offset=56840 address=0000000000000000
DEFER 0000019A95A45ED0 swagLifecycleInitWrapper shard=8 offset=58584 address=0000000000000000
DEFER 0000019A95A44EC8 swagLifecycleInitWrapper shard=8 offset=59408 address=0000000000000000
PATCH 0000019A94746458 __hostDebugSection address=0000019AC96B9000
PATCH 0000019A94746C90 __hostDecodeDebugSection address=0000019AC96BA000
DEFER 0000019A95371478 swagLifecycleInitWrapper shard=8 offset=60432 address=0000000000000000
PATCH 0000019A9EE0F0B8 __dbgFindSection address=0000019AC96BC000
DEFER 0000019AA2498850 swagLifecycleInitWrapper shard=8 offset=61632 address=0000000000000000
DEFER 0000019A9EB41B50 swagLifecycleInitWrapper shard=8 offset=62240 address=0000000000000000
PATCH 0000019A9E8BA5D0 Swag.panic address=0000019AC96C6000
PATCH 0000019A9EF80020 __runtimeAllocator address=0000019AC96A9000
PATCH 0000019A9E8B9D98 __printPanicReport address=0000019AC96C4000
PATCH 0000019A9EE0C328 Swag.print address=0000019AC96B7000
PATCH 0000019A9EF818C8 __checkCpuBaseline address=0000019AC96CC000
PATCH 0000019A9476CD98 __hostHasAvx2 address=0000019AC96CB000
PATCH 0000019A886AE7D8 freeMem address=0000019AC96CD000
PATCH 0000019A886B0858 releaseAll address=0000019AC96CE000
PATCH 0000019A886B0020 release address=0000019AC96CF000
PATCH 0000019A9EF81090 __resetRuntimeContext address=0000019AC96D0000
PATCH 0000019A9476C560 __osCommandLine address=0000019AC96D1000
DEFER 0000019AA3E95020 swagLifecycleInitWrapper shard=8 offset=52736 address=0000000000000000
PATCH 0000019A886B1090 setCapacity address=0000019AC96D3000
DEFER 0000019A886A0858 opDrop shard=8 offset=52744 address=0000000000000000
PATCH 0000019A9EF82100 __setupRuntime address=0000019AC96D4000
DEFER 0000019AA2B66640 swagLifecycleInitWrapper shard=8 offset=55256 address=0000000000000000
DEFER 0000019AA3E931B8 swagLifecycleInitWrapper shard=8 offset=55816 address=0000000000000000
DEFER 0000019AA27B4238 swagLifecycleInitWrapper shard=8 offset=56840 address=0000000000000000
DEFER 0000019A95A45ED0 swagLifecycleInitWrapper shard=8 offset=58584 address=0000000000000000
DEFER 0000019A95A44EC8 swagLifecycleInitWrapper shard=8 offset=59408 address=0000000000000000
DEFER 0000019A95371478 swagLifecycleInitWrapper shard=8 offset=60432 address=0000000000000000
DEFER 0000019AA2498850 swagLifecycleInitWrapper shard=8 offset=61632 address=0000000000000000
DEFER 0000019A9EB41B50 swagLifecycleInitWrapper shard=8 offset=62240 address=0000000000000000
PATCH 0000019A886A5D50 installAllocator address=0000019AC96D2000
PATCH 0000019A951EEEA0 isStruct address=0000019AC96D5000
PATCH 0000019A951EE668 isEnum address=0000019AC96D6000
PATCH 0000019A886FAA50 depFutureExport address=0000019AC96DA000
PATCH 0000019A886FEDA8 depDiscardableCount address=0000019AC96DB000
PATCH 0000019A94751E90 __run_expr_8 address=0000019AC96DC000
PATCH 0000019AA3EBA930 makeScratch address=0000019AC96DD000
PATCH 0000019A948E9988 MAKELANGID address=0000019AC96DE000
PATCH 0000019A9EFAE808 depInlineConstexpr address=0000019AC96DF000
PATCH 0000019A950739A8 sqrt address=0000019AC96E0000
PATCH 0000019A9EFAF040 depInlineIncrement address=0000019AC96E1000
PATCH 0000019A95073170 sqrt address=0000019AC96E2000
PATCH 0000019A951ED5F8 isNative address=0000019AC96E3000
PATCH 0000019A95187B68 isString address=0000019AC96E4000
PATCH 0000019A886FF5E0 depDiscardableInlineCount address=0000019AC96F3000
PATCH 0000019A886C20E0 depGeneratedExport address=0000019AC96F4000
PATCH 0000019A9507D810 log address=0000019AC96F6000
PATCH 0000019A94765250 Swag.log address=0000019AC96F5000
PATCH 0000019A94765A88 Swag.log address=0000019AC96F8000
PATCH 0000019A9507E048 log address=0000019AC96F7000
PATCH 0000019A951818C8 isInteger address=0000019AC96FA000
PATCH 0000019A886C18A8 depPlaceholderExport address=0000019AC9700000
PATCH 0000019A94766AF8 Swag.log2 address=0000019AC9705000
PATCH 0000019A9507F0B8 log2 address=0000019AC9706000
PATCH 0000019A947662C0 Swag.log2 address=0000019AC9707000
PATCH 0000019A9507E880 log2 address=0000019AC9708000
PATCH 0000019AA4F8A018 depGenericIdentity address=0000019AC970A000
PATCH 0000019A94767B68 Swag.log10 address=0000019AC970D000
PATCH 0000019A95000858 log10 address=0000019AC970E000
PATCH 0000019A94767330 Swag.log10 address=0000019AC970F000
PATCH 0000019A95000020 log10 address=0000019AC9710000
PATCH 0000019A9EFD93C8 depLegacyValue address=0000019AC9712000
PATCH 0000019AA4F90F58 depMirror address=0000019AC9716000
  *  module      consumer_exe * 64 files * consumer_exe.exe * 905 ms
SWAG_WORKSPACE_MAIN_RAN
  *  workspace   workspace [consumer_exe] * 6 modules * 34 s 338 ms
  *  clean       34 s 340 ms

Exit code: 0
