bin/swc.master.dm.exe unittest --verbose-unittest --num-cores 6 --log-ascii



Status                    : wait
AverageCpuPercent         : 75
MaximumCpuPercent         : 65
AvailablePhysicalGiB      : 16,7
RequiredPhysicalGiB       : 8
CommitHeadroomGiB         : 11,8
RequiredCommitHeadroomGiB : 8





Status                    : wait
AverageCpuPercent         : 75
MaximumCpuPercent         : 65
AvailablePhysicalGiB      : 16,4
RequiredPhysicalGiB       : 8
CommitHeadroomGiB         : 11,3
RequiredCommitHeadroomGiB : 8





Status                    : wait
AverageCpuPercent         : 86
MaximumCpuPercent         : 65
AvailablePhysicalGiB      : 15,7
RequiredPhysicalGiB       : 8
CommitHeadroomGiB         : 10,3
RequiredCommitHeadroomGiB : 8





Status                    : wait
AverageCpuPercent         : 88
MaximumCpuPercent         : 65
AvailablePhysicalGiB      : 15,4
RequiredPhysicalGiB       : 8
CommitHeadroomGiB         : 9,9
RequiredCommitHeadroomGiB : 8





Status                    : wait
AverageCpuPercent         : 89
MaximumCpuPercent         : 65
AvailablePhysicalGiB      : 15
RequiredPhysicalGiB       : 8
CommitHeadroomGiB         : 9,6
RequiredCommitHeadroomGiB : 8





Status                    : wait
AverageCpuPercent         : 91
MaximumCpuPercent         : 65
AvailablePhysicalGiB      : 14,9
RequiredPhysicalGiB       : 8
CommitHeadroomGiB         : 9,9
RequiredCommitHeadroomGiB : 8





Status                    : wait
AverageCpuPercent         : 90
MaximumCpuPercent         : 65
AvailablePhysicalGiB      : 15,1
RequiredPhysicalGiB       : 8
CommitHeadroomGiB         : 10,3
RequiredCommitHeadroomGiB : 8





Status                    : wait
AverageCpuPercent         : 81
MaximumCpuPercent         : 65
AvailablePhysicalGiB      : 15,2
RequiredPhysicalGiB       : 8
CommitHeadroomGiB         : 10,1
RequiredCommitHeadroomGiB : 8





Status                    : wait
AverageCpuPercent         : 80
MaximumCpuPercent         : 65
AvailablePhysicalGiB      : 16,3
RequiredPhysicalGiB       : 8
CommitHeadroomGiB         : 11,3
RequiredCommitHeadroomGiB : 8





Status                    : ready
AverageCpuPercent         : 52
MaximumCpuPercent         : 65
AvailablePhysicalGiB      : 16,4
RequiredPhysicalGiB       : 8
CommitHeadroomGiB         : 11,8
RequiredCommitHeadroomGiB : 8




  >  swag        unittest * sources
PATCH 000002018748F220 __tlsGetValue address=00000201ED86E000
PATCH 0000020187280FC8 __bootstrapAlloc address=00000201ED873000
PATCH 00000201874C0020 __tlsSetValue address=00000201ED877000
PATCH 00000201843AA480 __hostPageRelease address=00000201ED872000
PATCH 00000201843CAD28 __hostTlsAlloc address=00000201ED86C000
PATCH 00000201843A9410 __hostPageCommit address=00000201ED871000
PATCH 0000020187281800 __bootstrapFree address=00000201ED878000
PATCH 00000201845793A0 installed address=00000201ED87A000
PATCH 0000020184578B68 configure address=00000201ED87B000
PATCH 00000201845339A8 defaultAllocator address=00000201ED879000
PATCH 00000201843A8BD8 __hostPageReserve address=00000201ED870000
PATCH 0000020184578330 setup address=00000201ED87C000
PATCH 0000020184530020 lockDiagnostic address=00000201ED87F000
PATCH 0000020184530858 unlockDiagnostic address=00000201ED882000
PATCH 00000201843ABCA0 unlock address=00000201ED881000
PATCH 00000201845683A0 usesHeaderPath address=00000201ED884000
PATCH 0000020184579BD8 diagnosticMode address=00000201ED880000
PATCH 000002018457A410 osAlloc address=00000201ED88A000
PATCH 0000020184562100 footer address=00000201ED88D000
PATCH 0000020184563170 setFooterMagic address=00000201ED88E000
PATCH 00000201843AB468 lock address=00000201ED87D000
PATCH 00000201845618C8 userAddress address=00000201ED88C000
PATCH 0000020184623418 atomicAddU64 address=00000201ED887000
PATCH 0000020184629148 decode address=00000201ED896000
PATCH 0000020184564A18 linkAllocated address=00000201ED891000
PATCH 0000020184622BE0 atomicGet address=00000201ED893000
PATCH 0000020184634A18 allocatorSegmentOf address=00000201ED89A000
PATCH 000002018462A9F0 lockRemote address=00000201ED894000
PATCH 000002018462E640 segmentBase address=00000201ED89B000
PATCH 000002018462B228 unlockRemote address=00000201ED895000
PATCH 0000020184623C50 atomicSubU64 address=00000201ED89F000
PATCH 00000201843A9C48 __hostPageDecommit address=00000201ED89E000
PATCH 0000020184625D30 allocatorOsDecommit address=00000201ED8A0000
PATCH 00000201846280D8 isBlockAddress address=00000201ED897000
PATCH 000002018457B480 osFree address=00000201ED8A3000
PATCH 000002018457D560 unlinkHeap address=00000201ED8A4000
PATCH 0000020184624488 atomicSubU32 address=00000201ED898000
PATCH 0000020184572C08 retireAllocatorThreadHeap address=00000201ED8A7000
PATCH 000002018457CD28 retireThreadHeap address=00000201ED8A6000
PATCH 00000201843CC5D0 __hostThreadStorageAlloc address=00000201ED8A8000
PATCH 0000020184573440 allocatorThreadHeapFlsId address=00000201ED8AA000
PATCH 0000020184631090 clearPageBit address=00000201ED8A1000
PATCH 0000020184573C78 currentAllocatorThreadHeap address=00000201ED8AC000
PATCH 00000201843CDE78 __hostThreadStorageSet address=00000201ED8AD000
PATCH 00000201843CCE08 __hostThreadStorageFree address=00000201ED8A9000
PATCH 00000201843CD640 __hostThreadStorageGet address=00000201ED8AB000
PATCH 00000201843CE6B0 __hostCurrentThreadId address=00000201ED8AF000
PATCH 000002018457C4F0 threadHeap address=00000201ED8B2000
PATCH 0000020184576A88 classUnitShift address=00000201ED8B4000
PATCH 0000020184574CE8 currentThreadId address=00000201ED8B0000
PATCH 00000201845744B0 setCurrentAllocatorThreadHeap address=00000201ED8AE000
PATCH 000002018457BCB8 allocateThreadHeap address=00000201ED8B1000
PATCH 00000201846254F8 allocatorOsCommit address=00000201ED8B6000
PATCH 0000020184626568 allocatorNextKey address=00000201ED8B7000
PATCH 000002018457DD98 linkPage address=00000201ED8B5000
PATCH 00000201846278A0 setupBlockDivision address=00000201ED8B8000
PATCH 0000020184624CC0 osReserve address=00000201ED8BB000
PATCH 0000020184633170 allocatorAcquireSegment address=00000201ED8BE000
PATCH 0000020184632100 allocatorAddArena address=00000201ED8BC000
PATCH 0000020184630020 acquirePage address=00000201ED8BA000
PATCH 000002018457F640 acquireBlockSlow address=00000201ED8C0000
PATCH 0000020184632938 allocatorCreateSegment address=00000201ED8BD000
PATCH 0000020184568BD8 allocate address=00000201ED8C2000
PATCH 0000020184531090 alloc address=00000201ED8C3000
PATCH 0000020184560020 acquireBlock address=00000201ED8C1000
PATCH 0000020184562938 footerMagic address=00000201ED8C4000
PATCH 0000020184565250 unlinkAllocated address=00000201ED8C7000
PATCH 0000020184627068 setup address=00000201ED8B9000
PATCH 0000020184565A88 quarantine address=00000201ED8C9000
PATCH 000002018457EE08 acquirePageForClass address=00000201ED8BF000
PATCH 0000020184566AF8 cacheFreedBlock address=00000201ED8CA000
PATCH 0000020184567B68 freeHeaderBlock address=00000201ED8CB000
PATCH 0000020184628910 encode address=00000201ED8CD000
PATCH 00000201846341E0 allocatorPageOf address=00000201ED8C5000
PATCH 000002018462DB40 releaseBlock address=00000201ED8CE000
PATCH 00000201845318C8 realloc address=00000201ED8D4000
PATCH 0000020184560858 retirePage address=00000201ED8CF000
PATCH 00000201846318C8 isEmpty address=00000201ED8D6000
PATCH 000002018457E5D0 unlinkPage address=00000201ED8D0000
PATCH 00000201846339A8 allocatorReleaseSegment address=00000201ED8D7000
PATCH 000002018462C298 pushRemote address=00000201ED8D1000
PATCH 0000020184532938 freeAll address=00000201ED8D9000
PATCH 0000020184569410 reallocate address=00000201ED8D3000
PATCH 0000020184532100 free address=00000201ED8D5000
PATCH 00000201874C0858 __tlsGetPtr address=00000201ED8DD000
PATCH 0000020184394EF0 __concreteAlias address=00000201ED8DF000
PATCH 0000020184538DF0 Swag.stringCmp address=00000201ED8E1000
PATCH 000002018462D308 holdsFreeBlock address=00000201ED8DA000
PATCH 0000020184396798 Swag.typeCmp address=00000201ED8E2000
PATCH 0000020184395F60 Swag.typeAs address=00000201ED8E3000
PATCH 000002018456CD98 releaseAll address=00000201ED8D8000
PATCH 0000020184535468 __itoa address=00000201ED8E7000
PATCH 00000201874FA350 Swag.memcmp address=00000201ED8E0000
PATCH 0000020184537548 __printS64 address=00000201ED8E8000
PATCH 0000020184533170 assertAllocated address=00000201ED8DC000
PATCH 0000020184537D80 __printF64 address=00000201ED8EA000
PATCH 00000201843EEE78 __printString address=00000201ED8E4000
PATCH 00000201843F8E28 __hostReleaseDecodedDebugSection address=00000201ED8ED000
PATCH 0000020184535CA0 __utoa address=00000201ED8E5000
PATCH 00000201843F6D48 __peU16 address=00000201ED8EF000
PATCH 00000201843F6510 __hostImageBaseForAddress address=00000201ED8EC000
PATCH 0000020184536D10 __printU64 address=00000201ED8E6000
PATCH 00000201843F7DB8 __hostDebugSection address=00000201ED8F0000
PATCH 00000201845364D8 __ftoa address=00000201ED8E9000
PATCH 0000020184635F00 __dbgU32 address=00000201ED8F2000
PATCH 00000201843F85F0 __hostDecodeDebugSection address=00000201ED8F1000
PATCH 0000020184636738 __dbgFindSection address=00000201ED8F3000
PATCH 0000020184636F70 __dbgStr address=00000201ED8F4000
PATCH 00000201843F7580 __peU32 address=00000201ED8EE000
PATCH 0000020184637FE0 __hasStackTraceSymbols address=00000201ED8F6000
PATCH 00000201846377A8 __symbolize address=00000201ED8F5000
PATCH 00000201843F1090 __exitError address=00000201ED8F9000
PATCH 0000020184638818 __logStackTrace address=00000201ED8F7000
PATCH 000002018748E9E8 __tlsAlloc address=00000201ED8FA000
PATCH 0000020184606B20 swagLifecycleInitWrapper address=00000201ED8FD000
PATCH 0000020184399300 Swag.jit address=00000201ED8FC000
PATCH 0000020184665130 __run_expr_0 address=00000201ED8FE000
PATCH 00000201843CB560 __hostTlsGet address=00000201ED86D000
PATCH 00000201874F92E0 Swag.memcpy address=00000201ED875000
PATCH 00000201843CBD98 __hostTlsSet address=00000201ED876000
PATCH 00000201874F7A38 __memoryCopyForward address=00000201ED874000
PATCH 0000020187280790 __bootstrapRoundedSize address=00000201ED86F000
PATCH 00000201843EF6B0 __raiseException666 address=00000201ED87E000
PATCH 0000020184576250 sizeClass address=00000201ED883000
PATCH 00000201845772C0 memAlign address=00000201ED885000
PATCH 000002018457AC48 osAllocGuarded address=00000201ED888000
PATCH 0000020184575A18 classSize address=00000201ED886000
PATCH 00000201845662C0 popCachedBlock address=00000201ED889000
PATCH 0000020184561090 headerOf address=00000201ED88B000
PATCH 00000201843F5CD8 __captureStack address=00000201ED890000
PATCH 00000201874F8AA8 Swag.memset address=00000201ED88F000
PATCH 000002018462BA60 collectRemote address=00000201ED899000
PATCH 000002018462EE78 pageCommitStart address=00000201ED89C000
PATCH 0000020184567330 allocateHeaderBlock address=00000201ED892000
PATCH 000002018462F6B0 pageCommitEnd address=00000201ED89D000
PATCH 0000020184630858 releasePage address=00000201ED8A2000
PATCH 000002018728AE08 Swag.safetyPanic address=00000201ED8A5000
PATCH 000002018462CAD0 acquireBlock address=00000201ED8B3000
PATCH 00000201845641E0 checkAllocated address=00000201ED8C6000
PATCH 00000201845639A8 checkFree address=00000201ED8C8000
PATCH 0000020184569C48 checkPageAddress address=00000201ED8CC000
PATCH 0000020187289D98 __printPanicReport address=00000201ED8F8000
PATCH 000002018456A480 freeBlock address=00000201ED8D2000
PATCH 000002018456ACB8 assertIsAllocated address=00000201ED8DB000
DEFER 0000020184EAB748 swagLifecycleInitWrapper shard=8 offset=4896 address=0000000000000000
DEFER 000002018456EE78 opDrop shard=8 offset=4904 address=0000000000000000
DEFER 000002018455D7F0 swagLifecycleInitWrapper shard=8 offset=7432 address=0000000000000000
PATCH 000002018728A5D0 Swag.panic address=00000201ED8FB000
DEFER 0000020184FE2878 swagLifecycleInitWrapper shard=8 offset=8120 address=0000000000000000
DEFER 0000020184640CB0 swagLifecycleInitWrapper shard=8 offset=9216 address=0000000000000000
DEFER 000002018469E8E8 swagLifecycleInitWrapper shard=8 offset=10960 address=0000000000000000
DEFER 0000020184663558 swagLifecycleInitWrapper shard=8 offset=11784 address=0000000000000000
DEFER 00000201843FA110 swagLifecycleInitWrapper shard=8 offset=12872 address=0000000000000000
DEFER 00000201848ED088 swagLifecycleInitWrapper shard=8 offset=14072 address=0000000000000000
DEFER 0000020184670020 swagLifecycleInitWrapper shard=8 offset=14680 address=0000000000000000
PATCH 00000201845385B8 Swag.print address=00000201ED8EB000
PATCH 0000020184399B38 __runtimeAllocator address=00000201ED8DE000
PATCH 00000201843915D8 probePairReg address=00000201ED8FF000
PATCH 0000020184392648 probeTinyReg address=00000201ED901000
PATCH 0000020184391E10 probePairStack address=00000201ED900000
PATCH 00000201843936B8 probeLargeOutbound address=00000201ED903000
PATCH 0000020184392E80 probeDragEnter address=00000201ED902000
PATCH 0000020187D0F098 __run_expr_4 address=00000201ED954000
PATCH 000002018A4515D8 probePairReg address=00000201ED955000
PATCH 000002018A451E10 probePairStack address=00000201ED956000
PATCH 000002018A452648 probeTinyReg address=00000201ED957000
PATCH 000002018A4536B8 probeLargeOutbound address=00000201ED959000
PATCH 000002018A452E80 probeDragEnter address=00000201ED958000
PATCH 0000020184B1A4F0 __hostTlsAlloc address=00000201EDAF4000
PATCH 0000020184B583A0 __hostPageReserve address=00000201EDAF5000
PATCH 000002018748AF50 __tlsGetValue address=00000201EDAF8000
PATCH 000002018748B788 __tlsSetValue address=00000201EDAFF000
PATCH 0000020184B232C0 __bootstrapFree address=00000201EDB00000
PATCH 00000201845339A8 defaultAllocator address=00000201EDB01000
PATCH 0000020184B58BD8 __hostPageCommit address=00000201EDAF7000
PATCH 0000020184B22A88 __bootstrapAlloc address=00000201EDAFB000
PATCH 0000020184568330 setup address=00000201EDB04000
PATCH 0000020184B59C48 __hostPageRelease address=00000201EDAF9000
PATCH 00000201845693A0 installed address=00000201EDB02000
PATCH 0000020184530020 lockDiagnostic address=00000201EDB08000
PATCH 0000020184B5AC30 lock address=00000201EDB07000
PATCH 0000020184530858 unlockDiagnostic address=00000201EDB0A000
PATCH 00000201845483A0 usesHeaderPath address=00000201EDB0C000
PATCH 0000020184B5B468 unlock address=00000201EDB09000
PATCH 0000020184569BD8 diagnosticMode address=00000201EDB06000
PATCH 000002018456A410 osAlloc address=00000201EDB12000
PATCH 0000020184568B68 configure address=00000201EDB03000
PATCH 000002018A0B31D8 atomicAddU64 address=00000201EDB0F000
PATCH 00000201845418C8 userAddress address=00000201EDB14000
PATCH 0000020184544A18 linkAllocated address=00000201EDB17000
PATCH 0000020184543170 setFooterMagic address=00000201EDB16000
PATCH 0000020184542100 footer address=00000201EDB15000
PATCH 000002018A0B29A0 atomicGet address=00000201EDB1B000
PATCH 000002018A0BA9F0 lockRemote address=00000201EDB1C000
PATCH 000002018A0BB228 unlockRemote address=00000201EDB1D000
PATCH 000002018A0B4248 atomicSubU32 address=00000201EDB20000
PATCH 000002018A0B80D8 isBlockAddress address=00000201EDB1F000
PATCH 000002018A0BE640 segmentBase address=00000201EDB22000
PATCH 000002018A0E4A18 allocatorSegmentOf address=00000201EDB23000
PATCH 000002018A0B9148 decode address=00000201EDB1E000
PATCH 0000020184B59410 __hostPageDecommit address=00000201EDB26000
PATCH 000002018A0B3A10 atomicSubU64 address=00000201EDB27000
PATCH 000002018A0E1090 clearPageBit address=00000201EDB29000
PATCH 0000020184562C08 retireAllocatorThreadHeap address=00000201EDB2E000
PATCH 000002018A0B5D30 allocatorOsDecommit address=00000201EDB28000
PATCH 0000020184563440 allocatorThreadHeapFlsId address=00000201EDB31000
PATCH 000002018456D560 unlinkHeap address=00000201EDB2B000
PATCH 000002018456B480 osFree address=00000201EDB2C000
PATCH 0000020184B1DE78 __hostCurrentThreadId address=00000201EDB35000
PATCH 0000020184564CE8 currentThreadId address=00000201EDB37000
PATCH 000002018456BCB8 allocateThreadHeap address=00000201EDB38000
PATCH 000002018456C4F0 threadHeap address=00000201EDB39000
PATCH 0000020184566A88 classUnitShift address=00000201EDB3B000
PATCH 00000201845644B0 setCurrentAllocatorThreadHeap address=00000201EDB36000
PATCH 000002018A0B4A80 osReserve address=00000201EDB42000
PATCH 0000020184531090 alloc address=00000201EDB4A000
PATCH 000002018A0B6568 allocatorNextKey address=00000201EDB3E000
PATCH 0000020184542938 footerMagic address=00000201EDB4C000
PATCH 000002018A0B52B8 allocatorOsCommit address=00000201EDB3D000
PATCH 0000020184545250 unlinkAllocated address=00000201EDB4E000
PATCH 0000020184563C78 currentAllocatorThreadHeap address=00000201EDB33000
PATCH 0000020184547B68 freeHeaderBlock address=00000201EDB52000
PATCH 000002018A0B8910 encode address=00000201EDB54000
PATCH 000002018A0BC298 pushRemote address=00000201EDB58000
PATCH 000002018A0E3170 allocatorAcquireSegment address=00000201EDB45000
PATCH 0000020184532100 free address=00000201EDB5C000
PATCH 000002018A0E39A8 allocatorReleaseSegment address=00000201EDB5E000
PATCH 00000201845318C8 realloc address=00000201EDB5B000
PATCH 000002018A0BD308 holdsFreeBlock address=00000201EDB61000
PATCH 000002018A0E18C8 isEmpty address=00000201EDB5D000
PATCH 0000020184B24760 __concreteAlias address=00000201EDB66000
PATCH 000002018748BFC0 __tlsGetPtr address=00000201EDB65000
PATCH 0000020184532938 freeAll address=00000201EDB60000
PATCH 00000201874FB230 Swag.stringCmp address=00000201EDB68000
PATCH 0000020184B257D0 Swag.typeAs address=00000201EDB6A000
PATCH 00000201874F80E0 __utoa address=00000201EDB6C000
PATCH 0000020184533170 assertAllocated address=00000201EDB63000
PATCH 00000201874F78A8 __itoa address=00000201EDB6E000
PATCH 00000201874F9988 __printS64 address=00000201EDB6F000
PATCH 00000201874F8918 __ftoa address=00000201EDB70000
PATCH 00000201874F9150 __printU64 address=00000201EDB6D000
PATCH 0000020184B66510 __peU16 address=00000201EDB75000
PATCH 0000020184B65CD8 __hostImageBaseForAddress address=00000201EDB73000
PATCH 0000020184B685F0 __hostReleaseDecodedDebugSection address=00000201EDB74000
PATCH 0000020184B66D48 __peU32 address=00000201EDB77000
PATCH 00000201874FA1C0 __printF64 address=00000201EDB71000
PATCH 0000020184B67DB8 __hostDecodeDebugSection address=00000201EDB78000
PATCH 0000020184537FE0 __hasStackTraceSymbols address=00000201EDB7C000
PATCH 0000020184535F00 __dbgU32 address=00000201EDB79000
PATCH 0000020184536738 __dbgFindSection address=00000201EDB7A000
PATCH 00000201874CB898 Swag.safetyPanic address=00000201EDB84000
PATCH 0000020184B60858 __exitError address=00000201EDB80000
PATCH 0000020186FB8CA8 __run_expr_0 address=00000201EDB85000
PATCH 000002018748A718 __tlsAlloc address=00000201EDB82000
PATCH 000002018A0DF218 swagLifecycleInitWrapper address=00000201EDB86000
PATCH 0000020184B28B70 Swag.jit address=00000201EDB83000
PATCH 00000201874CB060 Swag.panic address=00000201EDB81000
PATCH 0000020184B22250 __bootstrapRoundedSize address=00000201EDAFA000
PATCH 0000020184B1B560 __hostTlsSet address=00000201EDAFE000
PATCH 00000201874CD528 __memoryCopyForward address=00000201EDAFC000
PATCH 000002018454ACB8 assertIsAllocated address=00000201EDB62000
PATCH 00000201874CEDD0 Swag.memcpy address=00000201EDAFD000
PATCH 0000020184B4EE78 __raiseException666 address=00000201EDB05000
PATCH 0000020184B1AD28 __hostTlsGet address=00000201EDAF6000
PATCH 00000201845672C0 memAlign address=00000201EDB0D000
PATCH 0000020184566250 sizeClass address=00000201EDB0B000
PATCH 000002018456AC48 osAllocGuarded address=00000201EDB10000
PATCH 0000020184565A18 classSize address=00000201EDB0E000
PATCH 00000201845462C0 popCachedBlock address=00000201EDB11000
PATCH 0000020184541090 headerOf address=00000201EDB13000
PATCH 00000201874CE598 Swag.memset address=00000201EDB18000
PATCH 000002018456E5D0 unlinkPage address=00000201EDB56000
PATCH 0000020184B654A0 __captureStack address=00000201EDB19000
PATCH 000002018A0BBA60 collectRemote address=00000201EDB21000
PATCH 0000020184547330 allocateHeaderBlock address=00000201EDB1A000
PATCH 000002018A0BEE78 pageCommitStart address=00000201EDB24000
PATCH 000002018A0BF6B0 pageCommitEnd address=00000201EDB25000
PATCH 000002018A0E0858 releasePage address=00000201EDB2A000
PATCH 000002018456CD28 retireThreadHeap address=00000201EDB2D000
PATCH 0000020184B1BD98 __hostThreadStorageAlloc address=00000201EDB2F000
PATCH 0000020184B1C5D0 __hostThreadStorageFree address=00000201EDB30000
PATCH 0000020184B1CE08 __hostThreadStorageGet address=00000201EDB32000
PATCH 0000020184B1D640 __hostThreadStorageSet address=00000201EDB34000
PATCH 000002018A0B78A0 setupBlockDivision address=00000201EDB3F000
PATCH 000002018456DD98 linkPage address=00000201EDB3C000
PATCH 000002018A0B7068 setup address=00000201EDB40000
PATCH 000002018A0E0020 acquirePage address=00000201EDB41000
PATCH 000002018A0BCAD0 acquireBlock address=00000201EDB3A000
PATCH 000002018A0E2100 allocatorAddArena address=00000201EDB43000
PATCH 000002018A0E2938 allocatorCreateSegment address=00000201EDB44000
PATCH 000002018456EE08 acquirePageForClass address=00000201EDB46000
PATCH 000002018456F640 acquireBlockSlow address=00000201EDB47000
PATCH 0000020184540020 acquireBlock address=00000201EDB48000
PATCH 0000020184548BD8 allocate address=00000201EDB49000
PATCH 000002018A0E41E0 allocatorPageOf address=00000201EDB4B000
PATCH 00000201845441E0 checkAllocated address=00000201EDB4D000
PATCH 00000201845439A8 checkFree address=00000201EDB4F000
PATCH 0000020184545A88 quarantine address=00000201EDB50000
PATCH 0000020184546AF8 cacheFreedBlock address=00000201EDB51000
PATCH 0000020184549C48 checkPageAddress address=00000201EDB53000
PATCH 000002018A0BDB40 releaseBlock address=00000201EDB55000
PATCH 0000020184549410 reallocate address=00000201EDB5A000
PATCH 000002018454A480 freeBlock address=00000201EDB59000
PATCH 0000020184540858 retirePage address=00000201EDB57000
PATCH 000002018454CD98 releaseAll address=00000201EDB5F000
PATCH 0000020184B26008 Swag.typeCmp address=00000201EDB69000
PATCH 0000020184B4E640 __printString address=00000201EDB6B000
PATCH 00000201874F0020 Swag.memcmp address=00000201EDB67000
DEFER 0000020186FF1F90 swagLifecycleInitWrapper shard=0 offset=3984 address=0000000000000000
DEFER 000002018454EE78 opDrop shard=0 offset=3992 address=0000000000000000
DEFER 0000020184528E40 swagLifecycleInitWrapper shard=0 offset=6504 address=0000000000000000
PATCH 0000020184536F70 __dbgStr address=00000201EDB7B000
PATCH 0000020184B67580 __hostDebugSection address=00000201EDB76000
PATCH 00000201845377A8 __symbolize address=00000201EDB7D000
DEFER 0000020188175B50 swagLifecycleInitWrapper shard=0 offset=7192 address=0000000000000000
PATCH 0000020184538818 __logStackTrace address=00000201EDB7E000
DEFER 0000020187D85830 swagLifecycleInitWrapper shard=0 offset=8288 address=0000000000000000
PATCH 00000201874CA828 __printPanicReport address=00000201EDB7F000
PATCH 00000201874FA9F8 Swag.print address=00000201EDB72000
DEFER 00000201845780B8 swagLifecycleInitWrapper shard=0 offset=10032 address=0000000000000000
DEFER 000002018A0F1F70 swagLifecycleInitWrapper shard=0 offset=10856 address=0000000000000000
DEFER 0000020186B3E0B8 swagLifecycleInitWrapper shard=0 offset=11944 address=0000000000000000
DEFER 0000020187D14620 swagLifecycleInitWrapper shard=0 offset=13144 address=0000000000000000
DEFER 0000020184518FC0 swagLifecycleInitWrapper shard=0 offset=13752 address=0000000000000000
PATCH 0000020184B293A8 __runtimeAllocator address=00000201EDB64000
PATCH 000002018A8D0020 __tlsGetValue address=00000201EDBE9000
PATCH 00000201881A7B68 __hostPageRelease address=00000201EDBEA000
PATCH 00000201881A62C0 __hostPageReserve address=00000201EDBE6000
PATCH 000002018AA11800 __bootstrapFree address=00000201EDBF0000
PATCH 000002018AA10FC8 __bootstrapAlloc address=00000201EDBEB000
PATCH 00000201881039A8 defaultAllocator address=00000201EDBF1000
PATCH 00000201881A6AF8 __hostPageCommit address=00000201EDBE8000
PATCH 0000020188118B68 configure address=00000201EDBF3000
PATCH 0000020188118330 setup address=00000201EDBF4000
PATCH 0000020188188410 __hostTlsAlloc address=00000201EDBE4000
PATCH 00000201881193A0 installed address=00000201EDBF2000
PATCH 0000020188100020 lockDiagnostic address=00000201EDBF8000
PATCH 00000201881A8B50 lock address=00000201EDBF7000
PATCH 000002018A8D0858 __tlsSetValue address=00000201EDBEF000
PATCH 00000201881A9388 unlock address=00000201EDBF9000
PATCH 0000020188119BD8 diagnosticMode address=00000201EDBF6000
PATCH 0000020188100858 unlockDiagnostic address=00000201EDBFA000
PATCH 000002018A8E31D8 atomicAddU64 address=00000201EDBFE000
PATCH 00000201881383A0 usesHeaderPath address=00000201EDBFC000
PATCH 000002018811A410 osAlloc address=00000201EDC02000
PATCH 0000020188133170 setFooterMagic address=00000201EDC06000
PATCH 00000201881318C8 userAddress address=00000201EDC04000
PATCH 0000020188134A18 linkAllocated address=00000201EDC09000
PATCH 000002018A8EB228 unlockRemote address=00000201EDC0D000
PATCH 000002018A8E29A0 atomicGet address=00000201EDC0B000
PATCH 000002018A8E4248 atomicSubU32 address=00000201EDC10000
PATCH 000002018A8F4A18 allocatorSegmentOf address=00000201EDC12000
PATCH 000002018A8E9148 decode address=00000201EDC0E000
PATCH 000002018A8EA9F0 lockRemote address=00000201EDC0C000
PATCH 00000201881A7330 __hostPageDecommit address=00000201EDC15000
PATCH 000002018A8E3A10 atomicSubU64 address=00000201EDC16000
PATCH 000002018A8E80D8 isBlockAddress address=00000201EDC0F000
PATCH 000002018A8E5D30 allocatorOsDecommit address=00000201EDC18000
PATCH 000002018811D560 unlinkHeap address=00000201EDC1B000
PATCH 000002018811B480 osFree address=00000201EDC1C000
PATCH 000002018A8F1090 clearPageBit address=00000201EDC19000
PATCH 0000020188112C08 retireAllocatorThreadHeap address=00000201EDC1E000
PATCH 0000020188113440 allocatorThreadHeapFlsId address=00000201EDC21000
PATCH 0000020188113C78 currentAllocatorThreadHeap address=00000201EDC23000
PATCH 000002018A8EE640 segmentBase address=00000201EDC13000
PATCH 000002018811C4F0 threadHeap address=00000201EDC27000
PATCH 0000020188116A88 classUnitShift address=00000201EDC2A000
PATCH 000002018A8E6568 allocatorNextKey address=00000201EDC2D000
PATCH 000002018A8E78A0 setupBlockDivision address=00000201EDC2E000
PATCH 000002018A8E7068 setup address=00000201EDC30000
PATCH 000002018A8E4A80 osReserve address=00000201EDC33000
PATCH 0000020188114CE8 currentThreadId address=00000201EDC31000
PATCH 000002018A8F2100 allocatorAddArena address=00000201EDC34000
PATCH 000002018A8F3170 allocatorAcquireSegment address=00000201EDC36000
PATCH 000002018A8F0020 acquirePage address=00000201EDC32000
PATCH 000002018811EE08 acquirePageForClass address=00000201EDC37000
PATCH 000002018811F640 acquireBlockSlow address=00000201EDC38000
PATCH 0000020188130020 acquireBlock address=00000201EDC39000
PATCH 000002018A8E52B8 allocatorOsCommit address=00000201EDC2C000
PATCH 000002018A8F41E0 allocatorPageOf address=00000201EDC3C000
PATCH 0000020188132938 footerMagic address=00000201EDC3D000
PATCH 000002018818BD98 __hostCurrentThreadId address=00000201EDC29000
PATCH 0000020188135250 unlinkAllocated address=00000201EDC3F000
PATCH 000002018A8F2938 allocatorCreateSegment address=00000201EDC35000
PATCH 0000020188135A88 quarantine address=00000201EDC41000
PATCH 0000020188136AF8 cacheFreedBlock address=00000201EDC42000
PATCH 000002018A8E8910 encode address=00000201EDC45000
PATCH 000002018A8EDB40 releaseBlock address=00000201EDC46000
PATCH 000002018811E5D0 unlinkPage address=00000201EDC47000
PATCH 0000020188137B68 freeHeaderBlock address=00000201EDC43000
PATCH 000002018A8EC298 pushRemote address=00000201EDC49000
PATCH 0000020188138BD8 allocate address=00000201EDC3A000
PATCH 00000201881018C8 realloc address=00000201EDC4C000
PATCH 0000020188101090 alloc address=00000201EDC3B000
PATCH 0000020188139410 reallocate address=00000201EDC4B000
PATCH 0000020188130858 retirePage address=00000201EDC48000
PATCH 0000020188102938 freeAll address=00000201EDC51000
PATCH 000002018813CD98 releaseAll address=00000201EDC50000
PATCH 000002018A8ED308 holdsFreeBlock address=00000201EDC52000
PATCH 000002018A8F18C8 isEmpty address=00000201EDC4E000
PATCH 0000020188103170 assertAllocated address=00000201EDC54000
PATCH 00000201881923F8 __concreteAlias address=00000201EDC57000
PATCH 0000020188102100 free address=00000201EDC4D000
PATCH 000002018AA2A7E0 Swag.stringCmp address=00000201EDC59000
PATCH 0000020188193CA0 Swag.typeCmp address=00000201EDC5A000
PATCH 000002018A8D1090 __tlsGetPtr address=00000201EDC56000
PATCH 000002018AA27690 __utoa address=00000201EDC5D000
PATCH 000002018A8F39A8 allocatorReleaseSegment address=00000201EDC4F000
PATCH 000002018AA28700 __printU64 address=00000201EDC5E000
PATCH 000002018AA26E58 __itoa address=00000201EDC5F000
PATCH 000002018AA28F38 __printS64 address=00000201EDC60000
PATCH 000002018AA1F3B0 Swag.memcmp address=00000201EDC58000
PATCH 00000201881CC560 __printString address=00000201EDC5C000
PATCH 00000201881D6458 __hostReleaseDecodedDebugSection address=00000201EDC65000
PATCH 00000201881D4BB0 __peU32 address=00000201EDC66000
PATCH 00000201881D4378 __peU16 address=00000201EDC67000
PATCH 0000020188193468 Swag.typeAs address=00000201EDC5B000
PATCH 00000201881D53E8 __hostDebugSection address=00000201EDC68000
PATCH 00000201881D5C20 __hostDecodeDebugSection address=00000201EDC69000
PATCH 0000020188106738 __dbgFindSection address=00000201EDC6B000
PATCH 000002018AA29770 __printF64 address=00000201EDC62000
PATCH 00000201881D3B40 __hostImageBaseForAddress address=00000201EDC64000
PATCH 0000020188106F70 __dbgStr address=00000201EDC6C000
PATCH 00000201881077A8 __symbolize address=00000201EDC6D000
PATCH 0000020188105F00 __dbgU32 address=00000201EDC6A000
PATCH 00000201881CE640 __exitError address=00000201EDC71000
PATCH 0000020188108818 __logStackTrace address=00000201EDC6F000
PATCH 000002018A8FF008 __tlsAlloc address=00000201EDC73000
PATCH 000002018AA27EC8 __ftoa address=00000201EDC61000
PATCH 0000020188196808 Swag.jit address=00000201EDC74000
PATCH 0000020188107FE0 __hasStackTraceSymbols address=00000201EDC6E000
PATCH 00000201869289F0 swagLifecycleInitWrapper address=00000201EDC76000
PATCH 00000201881D9900 __run_expr_2 address=00000201EDC75000
PATCH 0000020188188C48 __hostTlsGet address=00000201EDBE7000
PATCH 000002018AA10790 __bootstrapRoundedSize address=00000201EDBE5000
PATCH 000002018AA1CA98 __memoryCopyForward address=00000201EDBEC000
PATCH 000002018AA1E340 Swag.memcpy address=00000201EDBED000
PATCH 0000020188189480 __hostTlsSet address=00000201EDBEE000
PATCH 0000020188116250 sizeClass address=00000201EDBFB000
PATCH 0000020188115A18 classSize address=00000201EDBFF000
PATCH 000002018811AC48 osAllocGuarded address=00000201EDC00000
PATCH 00000201881172C0 memAlign address=00000201EDBFD000
PATCH 00000201881362C0 popCachedBlock address=00000201EDC01000
PATCH 0000020188131090 headerOf address=00000201EDC03000
PATCH 0000020188132100 footer address=00000201EDC05000
PATCH 00000201881CCD98 __raiseException666 address=00000201EDBF5000
PATCH 000002018AA1DB08 Swag.memset address=00000201EDC07000
PATCH 0000020188137330 allocateHeaderBlock address=00000201EDC0A000
PATCH 00000201881D3308 __captureStack address=00000201EDC08000
PATCH 000002018A8EBA60 collectRemote address=00000201EDC11000
PATCH 000002018A8EEE78 pageCommitStart address=00000201EDC14000
PATCH 000002018A8F0858 releasePage address=00000201EDC1A000
PATCH 000002018811CD28 retireThreadHeap address=00000201EDC1D000
PATCH 0000020188189CB8 __hostThreadStorageAlloc address=00000201EDC1F000
PATCH 000002018A8EF6B0 pageCommitEnd address=00000201EDC17000
PATCH 000002018818A4F0 __hostThreadStorageFree address=00000201EDC20000
PATCH 000002018818AD28 __hostThreadStorageGet address=00000201EDC22000
PATCH 00000201881144B0 setCurrentAllocatorThreadHeap address=00000201EDC24000
PATCH 000002018818B560 __hostThreadStorageSet address=00000201EDC26000
PATCH 000002018811BCB8 allocateThreadHeap address=00000201EDC25000
PATCH 000002018AA1AE08 Swag.safetyPanic address=00000201EDC2F000
PATCH 000002018A8ECAD0 acquireBlock address=00000201EDC28000
PATCH 000002018811DD98 linkPage address=00000201EDC2B000
PATCH 00000201881341E0 checkAllocated address=00000201EDC3E000
PATCH 00000201881339A8 checkFree address=00000201EDC40000
PATCH 0000020188139C48 checkPageAddress address=00000201EDC44000
PATCH 000002018813A480 freeBlock address=00000201EDC4A000
PATCH 000002018813ACB8 assertIsAllocated address=00000201EDC53000
DEFER 000002018BCA33F0 swagLifecycleInitWrapper shard=0 offset=4320 address=0000000000000000
PATCH 000002018AA1A5D0 Swag.panic address=00000201EDC72000
DEFER 000002018813EE78 opDrop shard=0 offset=4328 address=0000000000000000
DEFER 0000020187D3D318 swagLifecycleInitWrapper shard=0 offset=6856 address=0000000000000000
PATCH 000002018AA19D98 __printPanicReport address=00000201EDC70000
DEFER 000002018B6D5DD0 swagLifecycleInitWrapper shard=0 offset=7544 address=0000000000000000
DEFER 000002018B6D52D0 swagLifecycleInitWrapper shard=0 offset=8640 address=0000000000000000
DEFER 000002018A8AF0C0 swagLifecycleInitWrapper shard=0 offset=10384 address=0000000000000000
DEFER 000002018AA48B00 swagLifecycleInitWrapper shard=0 offset=11208 address=0000000000000000
DEFER 000002018A8AE000 swagLifecycleInitWrapper shard=0 offset=12296 address=0000000000000000
DEFER 000002018B8D1EC0 swagLifecycleInitWrapper shard=0 offset=13496 address=0000000000000000
PATCH 000002018AA29FA8 Swag.print address=00000201EDC63000
DEFER 000002018A8DA8C0 swagLifecycleInitWrapper shard=0 offset=14104 address=0000000000000000
PATCH 0000020188197040 __runtimeAllocator address=00000201EDC55000
PATCH 00000201842D5D20 freeMem address=00000201EDC79000
PATCH 00000201842D75C8 releaseAll address=00000201EDC7A000
PATCH 00000201881988E8 __checkCpuBaseline address=00000201EDC78000
DEFER 000002018BCA33F0 swagLifecycleInitWrapper shard=0 offset=4320 address=0000000000000000
DEFER 000002018813EE78 opDrop shard=0 offset=4328 address=0000000000000000
PATCH 00000201881CBD28 __hostHasAvx2 address=00000201EDC77000
DEFER 0000020187D3D318 swagLifecycleInitWrapper shard=0 offset=6856 address=0000000000000000
PATCH 00000201842D7E00 setCapacity address=00000201EDC7F000
DEFER 000002018B6D5DD0 swagLifecycleInitWrapper shard=0 offset=7544 address=0000000000000000
PATCH 00000201842D6D90 release address=00000201EDC7B000
DEFER 000002018B6D52D0 swagLifecycleInitWrapper shard=0 offset=8640 address=0000000000000000
PATCH 0000020188199120 __setupRuntime address=00000201EDC80000
DEFER 000002018A8AF0C0 swagLifecycleInitWrapper shard=0 offset=10384 address=0000000000000000
PATCH 00000201881980B0 __resetRuntimeContext address=00000201EDC7C000
DEFER 000002018AA48B00 swagLifecycleInitWrapper shard=0 offset=11208 address=0000000000000000
PATCH 00000201881CB4F0 __osCommandLine address=00000201EDC7D000
DEFER 000002018A8AE000 swagLifecycleInitWrapper shard=0 offset=12296 address=0000000000000000
DEFER 000002018B8D1EC0 swagLifecycleInitWrapper shard=0 offset=13496 address=0000000000000000
DEFER 000002018A8DA8C0 swagLifecycleInitWrapper shard=0 offset=14104 address=0000000000000000
PATCH 0000020188104A18 installAllocator address=00000201EDC7E000
PATCH 00000201881D6D48 takeValue address=00000201EDC81000
PATCH 0000020187675680 __tlsGetValue address=00000201EDCD2000
PATCH 000002018BCB7330 __hostPageRelease address=00000201EDCD6000
PATCH 0000020186910FC8 __bootstrapAlloc address=00000201EDCD7000
PATCH 000002018BCB5A88 __hostPageReserve address=00000201EDCD4000
PATCH 0000020187675EB8 __tlsSetValue address=00000201EDCDB000
PATCH 0000020186911800 __bootstrapFree address=00000201EDCDC000
PATCH 000002018B8993A0 installed address=00000201EDCDE000
PATCH 000002018B898B68 configure address=00000201EDCDF000
PATCH 000002018BCB62C0 __hostPageCommit address=00000201EDCD5000
PATCH 000002018B899BD8 diagnosticMode address=00000201EDCE2000
PATCH 000002018B898330 setup address=00000201EDCE0000
PATCH 000002018B8E39A8 defaultAllocator address=00000201EDCDD000
PATCH 000002018B8E0020 lockDiagnostic address=00000201EDCE4000
PATCH 000002018BCB8318 lock address=00000201EDCE3000
PATCH 000002018B8E0858 unlockDiagnostic address=00000201EDCE6000
PATCH 000002018BCB8B50 unlock address=00000201EDCE5000
PATCH 000002018B8F83A0 usesHeaderPath address=00000201EDCE8000
PATCH 000002018B8F2100 footer address=00000201EDCF1000
PATCH 000002018BCF7BD8 __hostTlsAlloc address=00000201EDCD0000
PATCH 000002018B8F3170 setFooterMagic address=00000201EDCF2000
PATCH 000002018B89A410 osAlloc address=00000201EDCEE000
PATCH 000002018B8F4A18 linkAllocated address=00000201EDCF5000
PATCH 000002018835A7B0 lockRemote address=00000201EDCF8000
PATCH 0000020188358F08 decode address=00000201EDCFA000
PATCH 0000020188357E98 isBlockAddress address=00000201EDCFB000
PATCH 00000201883531D8 atomicAddU64 address=00000201EDCEB000
PATCH 0000020188364A18 allocatorSegmentOf address=00000201EDCFE000
PATCH 000002018835E400 segmentBase address=00000201EDCFF000
PATCH 000002018B8F18C8 userAddress address=00000201EDCF0000
PATCH 000002018BCB6AF8 __hostPageDecommit address=00000201EDD02000
PATCH 0000020188355AF0 allocatorOsDecommit address=00000201EDD04000
PATCH 0000020188354248 atomicSubU32 address=00000201EDCFC000
PATCH 0000020188353A10 atomicSubU64 address=00000201EDD03000
PATCH 000002018B89B480 osFree address=00000201EDD08000
PATCH 000002018835AFE8 unlockRemote address=00000201EDCF9000
PATCH 00000201883529A0 atomicGet address=00000201EDCF6000
PATCH 000002018B893440 allocatorThreadHeapFlsId address=00000201EDD0E000
PATCH 000002018BCFA4F0 __hostThreadStorageGet address=00000201EDD0F000
PATCH 000002018BCF9480 __hostThreadStorageAlloc address=00000201EDD0B000
PATCH 000002018B893C78 currentAllocatorThreadHeap address=00000201EDD10000
PATCH 000002018B892C08 retireAllocatorThreadHeap address=00000201EDD0A000
PATCH 000002018BCFAD28 __hostThreadStorageSet address=00000201EDD11000
PATCH 000002018BCFB560 __hostCurrentThreadId address=00000201EDD13000
PATCH 000002018B894CE8 currentThreadId address=00000201EDD14000
PATCH 0000020188361090 clearPageBit address=00000201EDD05000
PATCH 000002018B896A88 classUnitShift address=00000201EDD18000
PATCH 000002018B89D560 unlinkHeap address=00000201EDD07000
PATCH 000002018B8944B0 setCurrentAllocatorThreadHeap address=00000201EDD12000
PATCH 00000201883552B8 allocatorOsCommit address=00000201EDD1A000
PATCH 0000020188356328 allocatorNextKey address=00000201EDD1B000
PATCH 0000020188357660 setupBlockDivision address=00000201EDD1C000
PATCH 000002018B89BCB8 allocateThreadHeap address=00000201EDD15000
PATCH 0000020188354A80 osReserve address=00000201EDD1F000
PATCH 0000020188356E28 setup address=00000201EDD1D000
PATCH 000002018B89C4F0 threadHeap address=00000201EDD16000
PATCH 000002018B89DD98 linkPage address=00000201EDD19000
PATCH 0000020188362100 allocatorAddArena address=00000201EDD20000
PATCH 0000020188363170 allocatorAcquireSegment address=00000201EDD23000
PATCH 000002018B89F640 acquireBlockSlow address=00000201EDD24000
PATCH 0000020188360020 acquirePage address=00000201EDD1E000
PATCH 0000020188362938 allocatorCreateSegment address=00000201EDD21000
PATCH 000002018B8F8BD8 allocate address=00000201EDD26000
PATCH 000002018B8F2938 footerMagic address=00000201EDD29000
PATCH 000002018B8E1090 alloc address=00000201EDD27000
PATCH 00000201883641E0 allocatorPageOf address=00000201EDD28000
PATCH 000002018B8F5250 unlinkAllocated address=00000201EDD2B000
PATCH 000002018B89EE08 acquirePageForClass address=00000201EDD22000
PATCH 000002018B8F5A88 quarantine address=00000201EDD2D000
PATCH 00000201883586D0 encode address=00000201EDD32000
PATCH 000002018B89E5D0 unlinkPage address=00000201EDD33000
PATCH 000002018835C058 pushRemote address=00000201EDD35000
PATCH 000002018B8F0020 acquireBlock address=00000201EDD25000
PATCH 000002018B8F6AF8 cacheFreedBlock address=00000201EDD2E000
PATCH 000002018B8E18C8 realloc address=00000201EDD38000
PATCH 000002018B8F9410 reallocate address=00000201EDD37000
PATCH 000002018B8E2100 free address=00000201EDD39000
PATCH 000002018B8F7B68 freeHeaderBlock address=00000201EDD2F000
PATCH 000002018B8FCD98 releaseAll address=00000201EDD3C000
PATCH 000002018835D900 releaseBlock address=00000201EDD31000
PATCH 000002018835D0C8 holdsFreeBlock address=00000201EDD3E000
PATCH 000002018B8E2938 freeAll address=00000201EDD3D000
PATCH 000002018B8F0858 retirePage address=00000201EDD34000
PATCH 000002018B8E3170 assertAllocated address=00000201EDD40000
PATCH 00000201876623F8 __concreteAlias address=00000201EDD43000
PATCH 0000020186920858 Swag.stringCmp address=00000201EDD45000
PATCH 00000201883618C8 isEmpty address=00000201EDD3A000
PATCH 000002018BCDA350 Swag.memcmp address=00000201EDD44000
PATCH 00000201876766F0 __tlsGetPtr address=00000201EDD42000
PATCH 000002018BCABD28 __printString address=00000201EDD48000
PATCH 00000201883639A8 allocatorReleaseSegment address=00000201EDD3B000
PATCH 000002018691D100 __utoa address=00000201EDD49000
PATCH 000002018691E170 __printU64 address=00000201EDD4A000
PATCH 000002018691C8C8 __itoa address=00000201EDD4B000
PATCH 000002018691F1E0 __printF64 address=00000201EDD4E000
PATCH 0000020187663CA0 Swag.typeCmp address=00000201EDD46000
PATCH 0000020187663468 Swag.typeAs address=00000201EDD47000
PATCH 000002018691E9A8 __printS64 address=00000201EDD4C000
PATCH 000002018691D938 __ftoa address=00000201EDD4D000
PATCH 000002018BC83308 __hostImageBaseForAddress address=00000201EDD50000
PATCH 0000020188365F00 __dbgU32 address=00000201EDD55000
PATCH 000002018BC84378 __peU32 address=00000201EDD56000
PATCH 0000020188366738 __dbgFindSection address=00000201EDD57000
PATCH 000002018BC83B40 __peU16 address=00000201EDD52000
PATCH 00000201883677A8 __symbolize address=00000201EDD59000
PATCH 000002018BC85C20 __hostReleaseDecodedDebugSection address=00000201EDD51000
PATCH 0000020188367FE0 __hasStackTraceSymbols address=00000201EDD5A000
PATCH 0000020187674E48 __tlsAlloc address=00000201EDD5F000
PATCH 0000020188366F70 __dbgStr address=00000201EDD58000
PATCH 0000020188368818 __logStackTrace address=00000201EDD5B000
PATCH 000002018BCADE08 __exitError address=00000201EDD5D000
PATCH 0000020187608748 swagLifecycleInitWrapper address=00000201EDD62000
PATCH 000002018767B128 __run_expr_2 address=00000201EDD61000
PATCH 0000020187666808 Swag.jit address=00000201EDD60000
PATCH 000002018BCF8410 __hostTlsGet address=00000201EDCD1000
PATCH 0000020186910790 __bootstrapRoundedSize address=00000201EDCD3000
PATCH 000002018BCD92E0 Swag.memcpy address=00000201EDCD9000
PATCH 000002018BCD7A38 __memoryCopyForward address=00000201EDCD8000
PATCH 000002018BCF8C48 __hostTlsSet address=00000201EDCDA000
PATCH 000002018BCAC560 __raiseException666 address=00000201EDCE1000
PATCH 000002018B8972C0 memAlign address=00000201EDCE9000
PATCH 000002018B895A18 classSize address=00000201EDCEA000
PATCH 000002018B89AC48 osAllocGuarded address=00000201EDCEC000
PATCH 000002018B896250 sizeClass address=00000201EDCE7000
PATCH 000002018B8F1090 headerOf address=00000201EDCEF000
PATCH 000002018B8F62C0 popCachedBlock address=00000201EDCED000
PATCH 000002018BCD8AA8 Swag.memset address=00000201EDCF3000
PATCH 000002018BC82AD0 __captureStack address=00000201EDCF4000
PATCH 000002018B8F7330 allocateHeaderBlock address=00000201EDCF7000
PATCH 000002018835B820 collectRemote address=00000201EDCFD000
PATCH 000002018835EC38 pageCommitStart address=00000201EDD00000
PATCH 000002018835F470 pageCommitEnd address=00000201EDD01000
PATCH 0000020188360858 releasePage address=00000201EDD06000
PATCH 000002018B89CD28 retireThreadHeap address=00000201EDD09000
PATCH 000002018691AE08 Swag.safetyPanic address=00000201EDD0D000
PATCH 000002018BCF9CB8 __hostThreadStorageFree address=00000201EDD0C000
PATCH 000002018835C890 acquireBlock address=00000201EDD17000
PATCH 000002018B8F41E0 checkAllocated address=00000201EDD2A000
PATCH 000002018B8F39A8 checkFree address=00000201EDD2C000
PATCH 000002018B8F9C48 checkPageAddress address=00000201EDD30000
PATCH 000002018B8FA480 freeBlock address=00000201EDD36000
PATCH 000002018B8FACB8 assertIsAllocated address=00000201EDD3F000
DEFER 00000201869559B0 swagLifecycleInitWrapper shard=8 offset=4296 address=0000000000000000
DEFER 000002018B8FEE78 opDrop shard=8 offset=4304 address=0000000000000000
DEFER 0000020187930020 swagLifecycleInitWrapper shard=8 offset=6832 address=0000000000000000
DEFER 000002018BD88D48 swagLifecycleInitWrapper shard=8 offset=7520 address=0000000000000000
PATCH 000002018BC84BB0 __hostDebugSection address=00000201EDD53000
PATCH 000002018BC853E8 __hostDecodeDebugSection address=00000201EDD54000
DEFER 0000020187D340D8 swagLifecycleInitWrapper shard=8 offset=8616 address=0000000000000000
PATCH 000002018691A5D0 Swag.panic address=00000201EDD5E000
DEFER 0000020188313278 swagLifecycleInitWrapper shard=8 offset=10360 address=0000000000000000
PATCH 0000020186919D98 __printPanicReport address=00000201EDD5C000
DEFER 000002018767A610 swagLifecycleInitWrapper shard=8 offset=11184 address=0000000000000000
DEFER 0000020186967498 swagLifecycleInitWrapper shard=8 offset=12272 address=0000000000000000
DEFER 000002018765F1E0 swagLifecycleInitWrapper shard=8 offset=13472 address=0000000000000000
DEFER 000002018BC8DD70 swagLifecycleInitWrapper shard=8 offset=14080 address=0000000000000000
PATCH 0000020186920020 Swag.print address=00000201EDD4F000
PATCH 0000020187667040 __runtimeAllocator address=00000201EDD41000
PATCH 0000020186924588 releaseAll address=00000201EDD66000
PATCH 00000201876688E8 __checkCpuBaseline address=00000201EDD64000
PATCH 0000020186922CE0 freeMem address=00000201EDD65000
PATCH 0000020186923D50 release address=00000201EDD67000
PATCH 0000020186924DC0 setCapacity address=00000201EDD6B000
DEFER 00000201869559B0 swagLifecycleInitWrapper shard=8 offset=4296 address=0000000000000000
DEFER 000002018B8FEE78 opDrop shard=8 offset=4304 address=0000000000000000
DEFER 0000020187930020 swagLifecycleInitWrapper shard=8 offset=6832 address=0000000000000000
PATCH 000002018BCAB4F0 __hostHasAvx2 address=00000201EDD63000
DEFER 000002018BD88D48 swagLifecycleInitWrapper shard=8 offset=7520 address=0000000000000000
PATCH 00000201876680B0 __resetRuntimeContext address=00000201EDD68000
DEFER 0000020187D340D8 swagLifecycleInitWrapper shard=8 offset=8616 address=0000000000000000
PATCH 0000020187669120 __setupRuntime address=00000201EDD6C000
DEFER 0000020188313278 swagLifecycleInitWrapper shard=8 offset=10360 address=0000000000000000
PATCH 000002018BCAACB8 __osCommandLine address=00000201EDD69000
DEFER 000002018767A610 swagLifecycleInitWrapper shard=8 offset=11184 address=0000000000000000
DEFER 0000020186967498 swagLifecycleInitWrapper shard=8 offset=12272 address=0000000000000000
DEFER 000002018765F1E0 swagLifecycleInitWrapper shard=8 offset=13472 address=0000000000000000
DEFER 000002018BC8DD70 swagLifecycleInitWrapper shard=8 offset=14080 address=0000000000000000
PATCH 000002018B8E4A18 installAllocator address=00000201EDD6A000
PATCH 000002018A63CE50 takeValue address=00000201EDD6D000
PATCH 0000020186E06EB8 __tlsGetValue address=00000201EDDBE000
PATCH 000002018E610FC8 __bootstrapAlloc address=00000201EDDC3000
PATCH 000002018E60A480 __hostPageReserve address=00000201EDDC0000
PATCH 0000020186E076F0 __tlsSetValue address=00000201EDDC7000
PATCH 000002018E611800 __bootstrapFree address=00000201EDDC8000
PATCH 000002018E66C5D0 __hostTlsAlloc address=00000201EDDBC000
PATCH 0000020187D193A0 installed address=00000201EDDCA000
PATCH 0000020187D18B68 configure address=00000201EDDCB000
PATCH 000002018E60ACB8 __hostPageCommit address=00000201EDDC1000
PATCH 0000020187D19BD8 diagnosticMode address=00000201EDDCE000
PATCH 0000020187D18330 setup address=00000201EDDCC000
PATCH 000002018E60BD28 __hostPageRelease address=00000201EDDC2000
PATCH 0000020187D339A8 defaultAllocator address=00000201EDDC9000
PATCH 000002018E60CD10 lock address=00000201EDDCF000
PATCH 000002018E60D548 unlock address=00000201EDDD1000
PATCH 0000020187D30858 unlockDiagnostic address=00000201EDDD2000
PATCH 0000020187D30020 lockDiagnostic address=00000201EDDD0000
PATCH 0000020187D783A0 usesHeaderPath address=00000201EDDD4000
PATCH 0000020186E531D8 atomicAddU64 address=00000201EDDD7000
PATCH 0000020187D1A410 osAlloc address=00000201EDDDA000
PATCH 0000020187D74A18 linkAllocated address=00000201EDDDD000
PATCH 0000020186E529A0 atomicGet address=00000201EDDE0000
PATCH 0000020187D718C8 userAddress address=00000201EDDDF000
PATCH 0000020186E5A7B0 lockRemote address=00000201EDDE1000
PATCH 0000020186E5AFE8 unlockRemote address=00000201EDDE3000
PATCH 0000020187D73170 setFooterMagic address=00000201EDDE2000
PATCH 0000020186E57E98 isBlockAddress address=00000201EDDE6000
PATCH 0000020186E54248 atomicSubU32 address=00000201EDDE8000
PATCH 0000020186E64A18 allocatorSegmentOf address=00000201EDDEA000
PATCH 0000020186E58F08 decode address=00000201EDDE5000
PATCH 0000020186E53A10 atomicSubU64 address=00000201EDDEF000
PATCH 0000020186E61090 clearPageBit address=00000201EDDF1000
PATCH 0000020186E55AF0 allocatorOsDecommit address=00000201EDDF0000
PATCH 0000020187D1D560 unlinkHeap address=00000201EDDF3000
PATCH 000002018E60B4F0 __hostPageDecommit address=00000201EDDED000
PATCH 0000020187D1B480 osFree address=00000201EDDF4000
PATCH 0000020187D12C08 retireAllocatorThreadHeap address=00000201EDDF6000
PATCH 0000020186E5E400 segmentBase address=00000201EDDEB000
PATCH 0000020187D13C78 currentAllocatorThreadHeap address=00000201EDDFB000
PATCH 0000020187D13440 allocatorThreadHeapFlsId address=00000201EDDF9000
PATCH 0000020187D16A88 classUnitShift address=00000201EDE00000
PATCH 0000020186E56328 allocatorNextKey address=00000201EDE05000
PATCH 0000020186E552B8 allocatorOsCommit address=00000201EDE03000
PATCH 0000020187D144B0 setCurrentAllocatorThreadHeap address=00000201EDE01000
PATCH 0000020186E54A80 osReserve address=00000201EDE0A000
PATCH 000002018E600020 __hostCurrentThreadId address=00000201EDE04000
PATCH 0000020187D14CE8 currentThreadId address=00000201EDE07000
PATCH 0000020187D72938 footerMagic address=00000201EDE13000
PATCH 0000020187D31090 alloc address=00000201EDE11000
PATCH 0000020187D75250 unlinkAllocated address=00000201EDE16000
PATCH 0000020187D77B68 freeHeaderBlock address=00000201EDE1A000
PATCH 0000020186E586D0 encode address=00000201EDE1C000
PATCH 0000020186E5C058 pushRemote address=00000201EDE20000
PATCH 0000020186E63170 allocatorAcquireSegment address=00000201EDE0F000
PATCH 0000020186E639A8 allocatorReleaseSegment address=00000201EDE26000
PATCH 0000020186E618C8 isEmpty address=00000201EDE25000
PATCH 0000020186E5D0C8 holdsFreeBlock address=00000201EDE2A000
PATCH 0000020187D32938 freeAll address=00000201EDE29000
PATCH 0000020187D318C8 realloc address=00000201EDE23000
PATCH 0000020187D33170 assertAllocated address=00000201EDE2C000
PATCH 0000020186E07F28 __tlsGetPtr address=00000201EDE2E000
PATCH 000002018BDD23F8 __concreteAlias address=00000201EDE2F000
PATCH 0000020187D32100 free address=00000201EDE24000
PATCH 0000020186E68DF0 Swag.stringCmp address=00000201EDE31000
PATCH 000002018BDD3CA0 Swag.typeCmp address=00000201EDE32000
PATCH 000002018BDD3468 Swag.typeAs address=00000201EDE33000
PATCH 0000020186E65CA0 __utoa address=00000201EDE35000
PATCH 0000020186E65468 __itoa address=00000201EDE37000
PATCH 000002018E61F3B0 Swag.memcmp address=00000201EDE30000
PATCH 0000020187D7CD98 releaseAll address=00000201EDE28000
PATCH 0000020186E67548 __printS64 address=00000201EDE38000
PATCH 0000020186E67D80 __printF64 address=00000201EDE3A000
PATCH 0000020186E66D10 __printU64 address=00000201EDE36000
PATCH 000002018E648E28 __peU32 address=00000201EDE3E000
PATCH 000002018E647DB8 __hostImageBaseForAddress address=00000201EDE3C000
PATCH 000002018E64A6D0 __hostReleaseDecodedDebugSection address=00000201EDE3D000
PATCH 000002018E6485F0 __peU16 address=00000201EDE3F000
PATCH 0000020186E664D8 __ftoa address=00000201EDE39000
PATCH 000002018BD99070 __dbgU32 address=00000201EDE42000
PATCH 000002018E649660 __hostDebugSection address=00000201EDE40000
PATCH 000002018E640858 __printString address=00000201EDE34000
PATCH 000002018BD9A0E0 __dbgStr address=00000201EDE44000
PATCH 000002018BD9B150 __hasStackTraceSymbols address=00000201EDE46000
PATCH 000002018E649E98 __hostDecodeDebugSection address=00000201EDE41000
PATCH 000002018BD9A918 __symbolize address=00000201EDE45000
PATCH 000002018E642938 __exitError address=00000201EDE49000
PATCH 0000020186E06680 __tlsAlloc address=00000201EDE4B000
PATCH 000002018BD998A8 __dbgFindSection address=00000201EDE43000
PATCH 000002018BD9B988 __logStackTrace address=00000201EDE47000
PATCH 000002018BDD6808 Swag.jit address=00000201EDE4C000
PATCH 0000020187D56FF0 swagLifecycleInitWrapper address=00000201EDE4E000
PATCH 000002018AED0020 __run_expr_2 address=00000201EDE4D000
PATCH 000002018E66CE08 __hostTlsGet address=00000201EDDBD000
PATCH 000002018E61E340 Swag.memcpy address=00000201EDDC5000
PATCH 000002018E61CA98 __memoryCopyForward address=00000201EDDC4000
PATCH 000002018E610790 __bootstrapRoundedSize address=00000201EDDBF000
PATCH 000002018E66D640 __hostTlsSet address=00000201EDDC6000
PATCH 000002018E641090 __raiseException666 address=00000201EDDCD000
PATCH 0000020187D16250 sizeClass address=00000201EDDD3000
PATCH 0000020187D172C0 memAlign address=00000201EDDD5000
PATCH 0000020187D762C0 popCachedBlock address=00000201EDDD9000
PATCH 0000020187D1AC48 osAllocGuarded address=00000201EDDD8000
PATCH 0000020187D71090 headerOf address=00000201EDDDB000
PATCH 0000020187D15A18 classSize address=00000201EDDD6000
PATCH 0000020187D72100 footer address=00000201EDDDC000
PATCH 000002018E647580 __captureStack address=00000201EDDE7000
PATCH 000002018E61DB08 Swag.memset address=00000201EDDE4000
PATCH 0000020186E5EC38 pageCommitStart address=00000201EDDEC000
PATCH 0000020186E5B820 collectRemote address=00000201EDDE9000
PATCH 0000020187D77330 allocateHeaderBlock address=00000201EDDDE000
PATCH 0000020186E5F470 pageCommitEnd address=00000201EDDEE000
PATCH 0000020187D1CD28 retireThreadHeap address=00000201EDDF5000
PATCH 0000020186E57660 setupBlockDivision address=00000201EDE06000
PATCH 0000020186E60858 releasePage address=00000201EDDF2000
PATCH 000002018E66EEE8 __hostThreadStorageGet address=00000201EDDFA000
PATCH 000002018E66E6B0 __hostThreadStorageFree address=00000201EDDF8000
PATCH 0000020187D1BCB8 allocateThreadHeap address=00000201EDDFD000
PATCH 000002018E66F720 __hostThreadStorageSet address=00000201EDDFC000
PATCH 000002018E66DE78 __hostThreadStorageAlloc address=00000201EDDF7000
PATCH 0000020187D1C4F0 threadHeap address=00000201EDDFE000
PATCH 0000020186E5C890 acquireBlock address=00000201EDDFF000
PATCH 0000020186E62100 allocatorAddArena address=00000201EDE0B000
PATCH 0000020186E62938 allocatorCreateSegment address=00000201EDE0C000
PATCH 0000020187D1DD98 linkPage address=00000201EDE02000
PATCH 0000020187D1F640 acquireBlockSlow address=00000201EDE0D000
PATCH 0000020187D70020 acquireBlock address=00000201EDE0E000
PATCH 0000020187D78BD8 allocate address=00000201EDE10000
PATCH 0000020186E60020 acquirePage address=00000201EDE09000
PATCH 0000020186E641E0 allocatorPageOf address=00000201EDE12000
PATCH 0000020187D76AF8 cacheFreedBlock address=00000201EDE18000
PATCH 0000020187D741E0 checkAllocated address=00000201EDE14000
PATCH 0000020187D739A8 checkFree address=00000201EDE17000
PATCH 0000020187D75A88 quarantine address=00000201EDE19000
PATCH 0000020187D79C48 checkPageAddress address=00000201EDE1B000
PATCH 0000020187D1EE08 acquirePageForClass address=00000201EDE15000
PATCH 0000020187D1E5D0 unlinkPage address=00000201EDE1E000
PATCH 0000020187D70858 retirePage address=00000201EDE1F000
PATCH 0000020186E56E28 setup address=00000201EDE08000
PATCH 0000020187D79410 reallocate address=00000201EDE22000
PATCH 000002018E61AE08 Swag.safetyPanic address=00000201EDE27000
PATCH 0000020186E5D900 releaseBlock address=00000201EDE1D000
PATCH 0000020187D7A480 freeBlock address=00000201EDE21000
PATCH 0000020187D7ACB8 assertIsAllocated address=00000201EDE2B000
DEFER 000002018BCDCEC0 swagLifecycleInitWrapper shard=0 offset=8440 address=0000000000000000
DEFER 0000020187D7EE78 opDrop shard=0 offset=8448 address=0000000000000000
DEFER 000002018BCD22D8 swagLifecycleInitWrapper shard=0 offset=10960 address=0000000000000000
DEFER 000002018AEBC7E8 swagLifecycleInitWrapper shard=0 offset=11648 address=0000000000000000
DEFER 000002018BA2DEB0 swagLifecycleInitWrapper shard=0 offset=12744 address=0000000000000000
DEFER 000002018E64CF08 swagLifecycleInitWrapper shard=0 offset=14488 address=0000000000000000
DEFER 000002018E5FE0A8 swagLifecycleInitWrapper shard=0 offset=15312 address=0000000000000000
PATCH 000002018E61A5D0 Swag.panic address=00000201EDE4A000
DEFER 0000020186E0B088 swagLifecycleInitWrapper shard=0 offset=16432 address=0000000000000000
PATCH 000002018E619D98 __printPanicReport address=00000201EDE48000
DEFER 000002018E5BC6E8 swagLifecycleInitWrapper shard=0 offset=17632 address=0000000000000000
DEFER 000002018E5D81F0 swagLifecycleInitWrapper shard=0 offset=18240 address=0000000000000000
PATCH 000002018BDD7040 __runtimeAllocator address=00000201EDE2D000
PATCH 0000020186E685B8 Swag.print address=00000201EDE3B000
PATCH 0000020186E6B278 freeMem address=00000201EDE50000
PATCH 0000020186E6CB20 releaseAll address=00000201EDE52000
PATCH 000002018BDD88E8 __checkCpuBaseline address=00000201EDE51000
PATCH 000002018E65F6B0 __osCommandLine address=00000201EDE55000
PATCH 0000020186E6C2E8 release address=00000201EDE53000
PATCH 0000020186E6D358 setCapacity address=00000201EDE57000
PATCH 000002018E640020 __hostHasAvx2 address=00000201EDE4F000
PATCH 000002018BDD9120 __setupRuntime address=00000201EDE58000
PATCH 000002018BDD80B0 __resetRuntimeContext address=00000201EDE54000
DEFER 000002018BCDCEC0 swagLifecycleInitWrapper shard=0 offset=8440 address=0000000000000000
DEFER 0000020187D7EE78 opDrop shard=0 offset=8448 address=0000000000000000
DEFER 000002018BCD22D8 swagLifecycleInitWrapper shard=0 offset=10960 address=0000000000000000
DEFER 000002018AEBC7E8 swagLifecycleInitWrapper shard=0 offset=11648 address=0000000000000000
DEFER 000002018BA2DEB0 swagLifecycleInitWrapper shard=0 offset=12744 address=0000000000000000
DEFER 000002018E64CF08 swagLifecycleInitWrapper shard=0 offset=14488 address=0000000000000000
DEFER 000002018E5FE0A8 swagLifecycleInitWrapper shard=0 offset=15312 address=0000000000000000
DEFER 0000020186E0B088 swagLifecycleInitWrapper shard=0 offset=16432 address=0000000000000000
DEFER 000002018E5BC6E8 swagLifecycleInitWrapper shard=0 offset=17632 address=0000000000000000
DEFER 000002018E5D81F0 swagLifecycleInitWrapper shard=0 offset=18240 address=0000000000000000
PATCH 0000020187D34A18 installAllocator address=00000201EDE56000
PATCH 000002018AB0CE50 takeValue address=00000201EDE59000
PATCH 000002018BA21CF8 __tlsGetValue address=00000201EDEAB000
PATCH 000002018AD9ACB8 __hostPageRelease address=00000201EDEAE000
PATCH 000002018BA22530 __tlsSetValue address=00000201EDEB3000
PATCH 000002018F211800 __bootstrapFree address=00000201EDEB4000
PATCH 000002018AD8B560 __hostTlsAlloc address=00000201EDEA8000
PATCH 000002018BCF39A8 defaultAllocator address=00000201EDEB5000
PATCH 000002018AD99C48 __hostPageCommit address=00000201EDEAD000
PATCH 000002018F210FC8 __bootstrapAlloc address=00000201EDEAF000
PATCH 000002018BCC8B68 configure address=00000201EDEB7000
PATCH 000002018AD99410 __hostPageReserve address=00000201EDEA9000
PATCH 000002018BCC8330 setup address=00000201EDEB8000
PATCH 000002018BCC9BD8 diagnosticMode address=00000201EDEBA000
PATCH 000002018AD9BCA0 lock address=00000201EDEBB000
PATCH 000002018BCC93A0 installed address=00000201EDEB6000
PATCH 000002018BCF0858 unlockDiagnostic address=00000201EDEBE000
PATCH 000002018BCF0020 lockDiagnostic address=00000201EDEBC000
PATCH 000002018BC983A0 usesHeaderPath address=00000201EDEC0000
PATCH 000002018AD9C4D8 unlock address=00000201EDEBD000
PATCH 000002018B6A31D8 atomicAddU64 address=00000201EDEC3000
PATCH 000002018BC918C8 userAddress address=00000201EDEC8000
PATCH 000002018BC93170 setFooterMagic address=00000201EDECA000
PATCH 000002018BCCA410 osAlloc address=00000201EDEC6000
PATCH 000002018BC94A18 linkAllocated address=00000201EDECD000
PATCH 000002018B6AA9F0 lockRemote address=00000201EDED0000
PATCH 000002018B6AB228 unlockRemote address=00000201EDED1000
PATCH 000002018B6A80D8 isBlockAddress address=00000201EDED2000
PATCH 000002018B6A9148 decode address=00000201EDED3000
PATCH 000002018B6F4A18 allocatorSegmentOf address=00000201EDED6000
PATCH 000002018BC92100 footer address=00000201EDEC9000
PATCH 000002018AD9A480 __hostPageDecommit address=00000201EDEDA000
PATCH 000002018B6A3A10 atomicSubU64 address=00000201EDEDB000
PATCH 000002018B6A29A0 atomicGet address=00000201EDECF000
PATCH 000002018B6A5AF0 allocatorOsDecommit address=00000201EDEDC000
PATCH 000002018B6F1090 clearPageBit address=00000201EDEDD000
PATCH 000002018B6A4248 atomicSubU32 address=00000201EDED4000
PATCH 000002018BCCD560 unlinkHeap address=00000201EDEE0000
PATCH 000002018BCC2C08 retireAllocatorThreadHeap address=00000201EDEE2000
PATCH 000002018BCCB480 osFree address=00000201EDEDF000
PATCH 000002018BCC3440 allocatorThreadHeapFlsId address=00000201EDEE5000
PATCH 000002018B6AE640 segmentBase address=00000201EDED7000
PATCH 000002018BCC3C78 currentAllocatorThreadHeap address=00000201EDEE7000
PATCH 000002018BCCBCB8 allocateThreadHeap address=00000201EDEEA000
PATCH 000002018BCC6A88 classUnitShift address=00000201EDEEE000
PATCH 000002018B6A52B8 allocatorOsCommit address=00000201EDEF0000
PATCH 000002018B6A6328 allocatorNextKey address=00000201EDEF1000
PATCH 000002018AD8EEE8 __hostCurrentThreadId address=00000201EDEF2000
PATCH 000002018B6A4A80 osReserve address=00000201EDEF6000
PATCH 000002018BCC44B0 setCurrentAllocatorThreadHeap address=00000201EDEED000
PATCH 000002018B6F3170 allocatorAcquireSegment address=00000201EDEFB000
PATCH 000002018BC92938 footerMagic address=00000201EDF00000
PATCH 000002018BCF1090 alloc address=00000201EDEFE000
PATCH 000002018BC97B68 freeHeaderBlock address=00000201EDF06000
PATCH 000002018B6A8910 encode address=00000201EDF08000
PATCH 000002018B6AC298 pushRemote address=00000201EDF0C000
PATCH 000002018BCF2100 free address=00000201EDF10000
PATCH 000002018B6F39A8 allocatorReleaseSegment address=00000201EDF12000
PATCH 000002018BCF2938 freeAll address=00000201EDF14000
PATCH 000002018B6AD308 holdsFreeBlock address=00000201EDF15000
PATCH 000002018BCF3170 assertAllocated address=00000201EDF17000
PATCH 000002018BCF18C8 realloc address=00000201EDF0F000
PATCH 000002018BA22D68 __tlsGetPtr address=00000201EDF19000
PATCH 000002018B6F18C8 isEmpty address=00000201EDF11000
PATCH 000002018B6F8DF0 Swag.stringCmp address=00000201EDF1C000
PATCH 000002018ADC23F8 __concreteAlias address=00000201EDF1A000
PATCH 000002018BC95250 unlinkAllocated address=00000201EDF02000
PATCH 000002018B6F5CA0 __utoa address=00000201EDF20000
PATCH 000002018ADC3468 Swag.typeAs address=00000201EDF1E000
PATCH 000002018B6F7548 __printS64 address=00000201EDF23000
PATCH 000002018B6F64D8 __ftoa address=00000201EDF24000
PATCH 000002018B6F7D80 __printF64 address=00000201EDF25000
PATCH 000002018B6F5468 __itoa address=00000201EDF22000
PATCH 000002018ADE7DB8 __peU32 address=00000201EDF29000
PATCH 000002018ADE9660 __hostReleaseDecodedDebugSection address=00000201EDF28000
PATCH 000002018ADE7580 __peU16 address=00000201EDF2A000
PATCH 000002018B6F6D10 __printU64 address=00000201EDF21000
PATCH 000002018F264658 __dbgU32 address=00000201EDF2D000
PATCH 000002018ADE8E28 __hostDecodeDebugSection address=00000201EDF2C000
PATCH 000002018ADE6D48 __hostImageBaseForAddress address=00000201EDF27000
PATCH 000002018F266738 __hasStackTraceSymbols address=00000201EDF31000
PATCH 000002018ADE18C8 __exitError address=00000201EDF34000
PATCH 000002018F264E90 __dbgFindSection address=00000201EDF2E000
PATCH 000002018BA214C0 __tlsAlloc address=00000201EDF36000
PATCH 000002018F21AE08 Swag.safetyPanic address=00000201EDF38000
PATCH 000002018ADC6808 Swag.jit address=00000201EDF37000
PATCH 000002018ADEC1E8 __run_expr_2 address=00000201EDF39000
PATCH 000002018F240870 swagLifecycleInitWrapper address=00000201EDF3A000
PATCH 000002018BC9A480 freeBlock address=00000201EDF0D000
PATCH 000002018AD8BD98 __hostTlsGet address=00000201EDEAA000
PATCH 000002018F210790 __bootstrapRoundedSize address=00000201EDEAC000
PATCH 000002018ADCB5E8 __memoryCopyForward address=00000201EDEB0000
PATCH 000002018ADCCE90 Swag.memcpy address=00000201EDEB1000
PATCH 000002018AD8C5D0 __hostTlsSet address=00000201EDEB2000
PATCH 000002018B6AF6B0 pageCommitEnd address=00000201EDED9000
PATCH 000002018BC96AF8 cacheFreedBlock address=00000201EDF05000
PATCH 000002018ADE0020 __raiseException666 address=00000201EDEB9000
PATCH 000002018BCC72C0 memAlign address=00000201EDEC1000
PATCH 000002018BCC6250 sizeClass address=00000201EDEBF000
PATCH 000002018BCC5A18 classSize address=00000201EDEC2000
PATCH 000002018BC962C0 popCachedBlock address=00000201EDEC4000
PATCH 000002018BCCAC48 osAllocGuarded address=00000201EDEC5000
PATCH 000002018BCCEE08 acquirePageForClass address=00000201EDEF9000
PATCH 000002018BC91090 headerOf address=00000201EDEC7000
PATCH 000002018ADCC658 Swag.memset address=00000201EDECB000
PATCH 000002018ADE6510 __captureStack address=00000201EDECC000
PATCH 000002018BC97330 allocateHeaderBlock address=00000201EDECE000
PATCH 000002018B6ABA60 collectRemote address=00000201EDED5000
PATCH 000002018B6F0858 releasePage address=00000201EDEDE000
PATCH 000002018BCCCD28 retireThreadHeap address=00000201EDEE1000
PATCH 000002018B6AEE78 pageCommitStart address=00000201EDED8000
PATCH 000002018AD8D640 __hostThreadStorageFree address=00000201EDEE4000
PATCH 000002018AD8CE08 __hostThreadStorageAlloc address=00000201EDEE3000
PATCH 000002018AD8E6B0 __hostThreadStorageSet address=00000201EDEE8000
PATCH 000002018AD8DE78 __hostThreadStorageGet address=00000201EDEE6000
PATCH 000002018BCCC4F0 threadHeap address=00000201EDEEB000
PATCH 000002018BCC4CE8 currentThreadId address=00000201EDEE9000
PATCH 000002018BCCDD98 linkPage address=00000201EDEEF000
PATCH 000002018B6A78A0 setupBlockDivision address=00000201EDEF3000
PATCH 000002018B6ACAD0 acquireBlock address=00000201EDEEC000
PATCH 000002018B6A7068 setup address=00000201EDEF4000
PATCH 000002018B6F0020 acquirePage address=00000201EDEF5000
PATCH 000002018BCCF640 acquireBlockSlow address=00000201EDEFA000
PATCH 000002018B6F2100 allocatorAddArena address=00000201EDEF7000
PATCH 000002018B6F2938 allocatorCreateSegment address=00000201EDEF8000
PATCH 000002018BC90020 acquireBlock address=00000201EDEFC000
PATCH 000002018BC98BD8 allocate address=00000201EDEFD000
PATCH 000002018B6F41E0 allocatorPageOf address=00000201EDEFF000
PATCH 000002018BC941E0 checkAllocated address=00000201EDF01000
PATCH 000002018BC939A8 checkFree address=00000201EDF03000
PATCH 000002018BC99C48 checkPageAddress address=00000201EDF07000
PATCH 000002018B6ADB40 releaseBlock address=00000201EDF09000
PATCH 000002018BC95A88 quarantine address=00000201EDF04000
PATCH 000002018BC99410 reallocate address=00000201EDF0E000
PATCH 000002018BCCE5D0 unlinkPage address=00000201EDF0A000
PATCH 000002018BC9CD98 releaseAll address=00000201EDF13000
PATCH 000002018BC9ACB8 assertIsAllocated address=00000201EDF16000
PATCH 000002018BC90858 retirePage address=00000201EDF0B000
DEFER 000002018F25C858 swagLifecycleInitWrapper shard=0 offset=4184 address=0000000000000000
DEFER 000002018BC9EE78 opDrop shard=0 offset=4192 address=0000000000000000
PATCH 000002018ADCDF00 Swag.memcmp address=00000201EDF1B000
PATCH 000002018ADC3CA0 Swag.typeCmp address=00000201EDF1D000
DEFER 000002018B69A3D0 swagLifecycleInitWrapper shard=0 offset=6704 address=0000000000000000
PATCH 000002018ADDF6B0 __printString address=00000201EDF1F000
DEFER 000002018B948E60 swagLifecycleInitWrapper shard=0 offset=7392 address=0000000000000000
PATCH 000002018ADE85F0 __hostDebugSection address=00000201EDF2B000
PATCH 000002018F2656C8 __dbgStr address=00000201EDF2F000
DEFER 000002018BA4AA90 swagLifecycleInitWrapper shard=0 offset=8488 address=0000000000000000
PATCH 000002018F265F00 __symbolize address=00000201EDF30000
PATCH 000002018F266F70 __logStackTrace address=00000201EDF32000
DEFER 000002018F26E970 swagLifecycleInitWrapper shard=0 offset=10232 address=0000000000000000
PATCH 000002018F21A5D0 Swag.panic address=00000201EDF35000
PATCH 000002018F219D98 __printPanicReport address=00000201EDF33000
DEFER 000002018BC813A8 swagLifecycleInitWrapper shard=0 offset=11056 address=0000000000000000
DEFER 000002018ADEB110 swagLifecycleInitWrapper shard=0 offset=12144 address=0000000000000000
DEFER 00000201879B2520 swagLifecycleInitWrapper shard=0 offset=13344 address=0000000000000000
DEFER 000002018BA12728 swagLifecycleInitWrapper shard=0 offset=13952 address=0000000000000000
PATCH 000002018B6F85B8 Swag.print address=00000201EDF26000
PATCH 000002018ADC7040 __runtimeAllocator address=00000201EDF18000
PATCH 000002018B6FC2E8 release address=00000201EDF3E000
PATCH 000002018ADC80B0 __resetRuntimeContext address=00000201EDF40000
PATCH 000002018B6FB278 freeMem address=00000201EDF3D000
PATCH 000002018ADDEE78 __hostHasAvx2 address=00000201EDF3B000
DEFER 000002018F25C858 swagLifecycleInitWrapper shard=0 offset=4184 address=0000000000000000
DEFER 000002018BC9EE78 opDrop shard=0 offset=4192 address=0000000000000000
PATCH 000002018ADC88E8 __checkCpuBaseline address=00000201EDF3C000
PATCH 000002018B6FCB20 releaseAll address=00000201EDF3F000
PATCH 000002018ADC9120 __setupRuntime address=00000201EDF44000
PATCH 000002018B6FD358 setCapacity address=00000201EDF43000
PATCH 000002018ADDE640 __osCommandLine address=00000201EDF41000
DEFER 000002018B69A3D0 swagLifecycleInitWrapper shard=0 offset=6704 address=0000000000000000
DEFER 000002018B948E60 swagLifecycleInitWrapper shard=0 offset=7392 address=0000000000000000
DEFER 000002018BA4AA90 swagLifecycleInitWrapper shard=0 offset=8488 address=0000000000000000
DEFER 000002018F26E970 swagLifecycleInitWrapper shard=0 offset=10232 address=0000000000000000
DEFER 000002018BC813A8 swagLifecycleInitWrapper shard=0 offset=11056 address=0000000000000000
DEFER 000002018ADEB110 swagLifecycleInitWrapper shard=0 offset=12144 address=0000000000000000
DEFER 00000201879B2520 swagLifecycleInitWrapper shard=0 offset=13344 address=0000000000000000
DEFER 000002018BA12728 swagLifecycleInitWrapper shard=0 offset=13952 address=0000000000000000
PATCH 000002018BCF4A18 installAllocator address=00000201EDF42000
PATCH 000002018BCFE670 takeValue address=00000201EDF45000
  Test-ABI_AddressedNarrowIntegerHomeUsesNarrowLoad  ok (1 ms)
  Test-ABI_SwagSimdArgsUseExtendedRegistersThenWideStackSlots  ok (2 us)
  Test-FFI_CallNativeNoArgBool  ok (2 ms)
  Test-FFI_CallNativeU8       ok (994 us)
  Test-FFI_CallNativeI32      ok (200 us)
  Test-FFI_CallNativeF32      ok (180 us)
  Test-FFI_CallNativeF64      ok (153 us)
  Test-FFI_CallNativeF64StackArg  ok (280 us)
  Test-FFI_CallNativeMixedArgs  ok (208 us)
  Test-FFI_CallNativeStackArgs  ok (561 us)
  Test-FFI_CallNativePointerArg  ok (164 us)
  Test-ABI_SwagStructArgPassingMatchesNative  ok (2 us)
  Test-FFI_CallSwagStructByValueInteropDevMode  ok (765 ms)
  Test-FFI_CallSwagStructByValueInteropRelease  ok (565 ms)
  Test-FFI_CallNativeStructByValueRegister  ok (339 us)
  Test-FFI_CallNativeStructByValueStack  ok (162 us)
  Test-FFI_CallNativeStructByReferenceCopy  ok (99 us)
  Test-FFI_CallNativeStructReturnByValueRegister  ok (126 us)
  Test-FFI_CallNativeStructReturnByReference  ok (76 us)
  Test-ConstantManager_CopiesBorrowedStructPayloadOutsideDataSegment  ok (15 us)
  Test-ConstantManager_StoresNullableCStringFromBlockPointer  ok (9 us)
  Test-ConstantValue_MakesNullableCStringFromRuntimePointer  ok (2 us)
  Test-ConstantManager_CopiesBorrowedArrayPayloadOutsideDataSegment  ok (34 us)
  Test-ConstantManager_DeduplicatesBorrowedArrayPayloadsByValue  ok (4 us)
  Test-ConstantManager_CachesZeroPayloadConstantsByType  ok (40 us)
  Test-ConstantManager_CopiesBorrowedSlicePayloadOutsideDataSegment  ok (6 us)
  Test-ConstantManager_AcceptsEmptyBorrowedSlicePayloads  ok (12 us)
  Test-ConstantManager_DistinguishesPresentEmptySlicePayloads  ok (15 us)
  Test-ConstantManager_DeduplicatesMaterializedArrayPayloadConstants  ok (14 us)
  Test-ConstantManager_DoesNotDeduplicateMaterializedArrayPayloadsWithDifferentRelocations  ok (11 us)
  Test-ConstantManager_OwnsAggregateElementsAfterInputsAreDestroyed  ok (318 us)
  Test-ConstantManager_ReleasesOwnedAggregatePayloads  ok (15 ms)
  Test-ConstantManager_PreservesStringNormalizationOnRepeatedInputs  ok (522 us)
  Test-ConstantManager_PublishesCanonicalReferencesAcrossGrowth  ok (14 ms)
  Test-ConstantManager_EnrichesStorageReferencesWithoutMutatingInputs  ok (274 us)
  Test-ConstantManager_ConcurrentInterningKeepsCanonicalStorage  ok (9 ms)
  Test-Compiler_NewScriptCommandParsesDefaultPath  ok (130 us)
  Test-Compiler_CommandLineHelpStopsBeforeCompilation  ok (202 us)
  Test-Compiler_NewModuleCommandParsesWorkspace  ok (86 us)
  Test-Compiler_DocSearchPreservesLiteralCode  ok (9 us)
  Test-Compiler_DocCommandParsesOptions  ok (807 us)
  Test-Compiler_DocMarkdownRendersSupportedBlocks  ok (98 us)
  Test-Compiler_DocBlockCommentsPreserveCodeIndentation  ok (24 us)
  Test-Compiler_DocMarkdownRendersCompleteLists  ok (117 us)
  Test-Compiler_DocMarkdownRendersHeaderlessTableAndNestedInline  ok (39 us)
  Test-Compiler_LegacyStaticControlDirectivesAreNotKeywords  ok (1 us)
  Test-Compiler_AutoInlineCostPricesCallsAndRewardsOneModuleCallSite  ok (894 us)
  Test-Compiler_ExplicitInlineExpandsCrossFileBody  ok (355 ms)
  Test-Compiler_InMemorySourceRunsSemaWithoutDiskIO  ok (305 us)
  Test-Compiler_InMemorySourceKeepsFormatCommandGlobalIfDuringFormat  ok (229 us)
  Test-Compiler_InMemorySourceSkipsFalseGlobalIf  ok (87 us)
  Test-Compiler_InMemorySourceSkipsTestCommandGlobalIfOutsideTests  ok (78 us)
  Test-Compiler_InMemorySourceKeepsTestCommandGlobalIfDuringTests  ok (95 us)
  Test-Compiler_GenericUnionDeductionRemainsStableForHistoricalRandomSeed1002  ok (360 ms)
  Test-Compiler_GenericUnionDeductionRemainsStableForHistoricalRandomSeed1009  ok (398 ms)
  Test-Compiler_GenericUnionDeductionRemainsStableForHistoricalRandomSeed1032  ok (483 ms)
  Test-Compiler_GenericUnionDeductionRemainsStableForHistoricalRandomSeed1143  ok (416 ms)
  Test-Compiler_AstVisitPreservesSiblingsAcrossPauseSkipAndRestart  ok (200 us)
  Test-Compiler_AstVisitResolvesChildrenWithoutFollowingActiveAncestors  ok (108 us)
  Test-Compiler_SymbolLocationSortKeepsStableTokenOrderWithinOneFile  ok (122 us)
  Test-Compiler_SymbolLocationSortKePATCH 00000201879E0FC8 __bootstrapAlloc address=00000201EDF9B000
PATCH 0000020186A08BD8 __hostPageReserve address=00000201EDF98000
PATCH 0000020186A4AD28 __hostTlsAlloc address=00000201EDF94000
PATCH 00000201879E1800 __bootstrapFree address=00000201EDFA0000
PATCH 0000020186A09410 __hostPageCommit address=00000201EDF99000
PATCH 000002018E5593A0 installed address=00000201EDFA2000
PATCH 000002018E558B68 configure address=00000201EDFA3000
PATCH 000002018E5439A8 defaultAllocator address=00000201EDFA1000
PATCH 000002018E558330 setup address=00000201EDFA4000
PATCH 0000020186A0A480 __hostPageRelease address=00000201EDF9A000
PATCH 000002018E559BD8 diagnosticMode address=00000201EDFA7000
PATCH 0000020186A0B468 lock address=00000201EDFA6000
PATCH 0000020186A0BCA0 unlock address=00000201EDFA9000
PATCH 000002018E540020 lockDiagnostic address=00000201EDFA8000
PATCH 000002018F87ED68 __tlsSetValue address=00000201EDF9F000
PATCH 000002018E5283A0 usesHeaderPath address=00000201EDFAC000
PATCH 000002018E540858 unlockDiagnostic address=00000201EDFAA000
PATCH 000002018E55AC48 osAllocGuarded address=00000201EDFB2000
PATCH 000002018E55A410 osAlloc address=00000201EDFB3000
PATCH 000002018E555A18 classSize address=00000201EDFAE000
PATCH 000002018E5218C8 userAddress address=00000201EDFB5000
PATCH 000002018E521090 headerOf address=00000201EDFB4000
PATCH 000002018E8331D8 atomicAddU64 address=00000201EDFAF000
PATCH 000002018E523170 setFooterMagic address=00000201EDFB7000
PATCH 0000020186A2B938 Swag.memset address=00000201EDFB8000
PATCH 0000020186A65CD8 __captureStack address=00000201EDFB9000
PATCH 000002018E524A18 linkAllocated address=00000201EDFBA000
PATCH 000002018E522100 footer address=00000201EDFB6000
PATCH 000002018E83B228 unlockRemote address=00000201EDFBE000
PATCH 000002018E527330 allocateHeaderBlock address=00000201EDFBB000
PATCH 000002018E839148 decode address=00000201EDFBF000
PATCH 000002018E5262C0 popCachedBlock address=00000201EDFB1000
PATCH 000002018E8380D8 isBlockAddress address=00000201EDFC0000
PATCH 000002018E8329A0 atomicGet address=00000201EDFBC000
PATCH 000002018E83E640 segmentBase address=00000201EDFC4000
PATCH 000002018E83A9F0 lockRemote address=00000201EDFBD000
PATCH 000002018E83EE78 pageCommitStart address=00000201EDFC5000
PATCH 000002018E834248 atomicSubU32 address=00000201EDFC1000
PATCH 0000020186A09C48 __hostPageDecommit address=00000201EDFC7000
PATCH 000002018E835D30 allocatorOsDecommit address=00000201EDFC9000
PATCH 000002018E840858 releasePage address=00000201EDFCB000
PATCH 000002018E83F6B0 pageCommitEnd address=00000201EDFC6000
PATCH 000002018E55D560 unlinkHeap address=00000201EDFCC000
PATCH 000002018E55B480 osFree address=00000201EDFCD000
PATCH 000002018E844A18 allocatorSegmentOf address=00000201EDFC3000
PATCH 000002018E55CD28 retireThreadHeap address=00000201EDFCE000
PATCH 000002018E552C08 retireAllocatorThreadHeap address=00000201EDFCF000
PATCH 000002018E833A10 atomicSubU64 address=00000201EDFC8000
PATCH 0000020186A4CE08 __hostThreadStorageFree address=00000201EDFD1000
PATCH 0000020186A4C5D0 __hostThreadStorageAlloc address=00000201EDFD0000
PATCH 000002018E841090 clearPageBit address=00000201EDFCA000
PATCH 0000020186A4D640 __hostThreadStorageGet address=00000201EDFD3000
PATCH 000002018E553C78 currentAllocatorThreadHeap address=00000201EDFD4000
PATCH 0000020186A4DE78 __hostThreadStorageSet address=00000201EDFD5000
PATCH 000002018E5544B0 setCurrentAllocatorThreadHeap address=00000201EDFD6000
PATCH 000002018E554CE8 currentThreadId address=00000201EDFD8000
PATCH 0000020186A4E6B0 __hostCurrentThreadId address=00000201EDFD7000
PATCH 000002018E55C4F0 threadHeap address=00000201EDFDA000
PATCH 000002018E55BCB8 allocateThreadHeap address=00000201EDFD9000
PATCH 000002018E553440 allocatorThreadHeapFlsId address=00000201EDFD2000
PATCH 000002018E55DD98 linkPage address=00000201EDFDD000
PATCH 000002018E8354F8 allocatorOsCommit address=00000201EDFDE000
PATCH 000002018E836568 allocatorNextKey address=00000201EDFDF000
PATCH 000002018E840020 acquirePage address=00000201EDFE2000
PATCH 000002018E556A88 classUnitShift address=00000201EDFDC000
PATCH 000002018E8378A0 setupBlockDivision address=00000201EDFE0000
PATCH 000002018E834A80 osReserve address=00000201EDFE3000
PATCH 000002018E837068 setup address=00000201EDFE1000
PATCH 000002018E843170 allocatorAcquireSegment address=00000201EDFE6000
PATCH 000002018E842100 allocatorAddArena address=00000201EDFE4000
PATCH 000002018E55EE08 acquirePageForClass address=00000201EDFE7000
PATCH 000002018E528BD8 allocate address=00000201EDFEA000
PATCH 000002018E842938 allocatorCreateSegment address=00000201EDFE5000
PATCH 000002018E541090 alloc address=00000201EDFEB000
PATCH 000002018E522938 footerMagic address=00000201EDFED000
PATCH 000002018E8441E0 allocatorPageOf address=00000201EDFEC000
PATCH 000002018E525250 unlinkAllocated address=00000201EDFEF000
PATCH 000002018E55F640 acquireBlockSlow address=00000201EDFE8000
PATCH 000002018E525A88 quarantine address=00000201EDFF1000
PATCH 000002018E527B68 freeHeaderBlock address=00000201EDFF3000
PATCH 000002018E526AF8 cacheFreedBlock address=00000201EDFF2000
PATCH 000002018E520020 acquireBlock address=00000201EDFE9000
PATCH 000002018E83DB40 releaseBlock address=00000201EDFF8000
PATCH 000002018E55E5D0 unlinkPage address=00000201EDFF6000
PATCH 000002018E83C298 pushRemote address=00000201EDFF9000
PATCH 000002018E838910 encode address=00000201EDFF5000
PATCH 000002018E529410 reallocate address=00000201EDFFB000
PATCH 000002018E5418C8 realloc address=00000201EDFFC000
PATCH 000002018E8418C8 isEmpty address=00000201EDFFE000
PATCH 000002018E8439A8 allocatorReleaseSegment address=00000201EDFFF000
PATCH 000002018E520858 retirePage address=00000201EDFF7000
PATCH 000002018E52CD98 releaseAll address=00000201EE000000
PATCH 000002018E83D308 holdsFreeBlock address=00000201EE002000
PATCH 000002018E542938 freeAll address=00000201EE001000
PATCH 000002018E543170 assertAllocated address=00000201EE004000
PATCH 000002018F87F5A0 __tlsGetPtr address=00000201EE006000
PATCH 000002018E548DF0 Swag.stringCmp address=00000201EE009000
PATCH 0000020186A216D8 __concreteAlias address=00000201EE007000
PATCH 0000020186A22F80 Swag.typeCmp address=00000201EE00A000
PATCH 0000020186A22748 Swag.typeAs address=00000201EE00B000
PATCH 000002018E542100 free address=00000201EDFFD000
PATCH 0000020186A5EE78 __printString address=00000201EE00C000
PATCH 0000020186A2D1E0 Swag.memcmp address=00000201EE008000
PATCH 000002018E547548 __printS64 address=00000201EE010000
PATCH 000002018E545468 __itoa address=00000201EE00F000
PATCH 000002018E546D10 __printU64 address=00000201EE00E000
PATCH 0000020186A67580 __peU32 address=00000201EE015000
PATCH 000002018E5464D8 __ftoa address=00000201EE011000
PATCH 000002018E545CA0 __utoa address=00000201EE00D000
PATCH 000002018E547D80 __printF64 address=00000201EE012000
PATCH 0000020186A685F0 __hostDecodeDebugSection address=00000201EE019000
PATCH 0000020186A66510 __hostImageBaseForAddress address=00000201EE014000
PATCH 000002018F8755B8 __dbgU32 address=00000201EE01A000
PATCH 000002018F875DF0 __dbgFindSection address=00000201EE01B000
PATCH 0000020186A68E28 __hostReleaseDecodedDebugSection address=00000201EE016000
PATCH 0000020186A66D48 __peU16 address=00000201EE017000
PATCH 000002018F876628 __dbgStr address=00000201EE01C000
PATCH 000002018F877698 __hasStackTraceSymbols address=00000201EE01E000
PATCH 0000020186A67DB8 __hostDebugSection address=00000201EE018000
PATCH 000002018F876E60 __symbolize address=00000201EE01D000
PATCH 0000020186A61090 __exitError address=00000201EE021000
PATCH 000002018F830D40 swagLifecycleInitWrapper address=00000201EE026000
PATCH 000002018F87DCF8 __tlsAlloc address=00000201EE023000
PATCH 0000020186A25AE8 Swag.jit address=00000201EE024000
PATCH 000002018F877ED0 __logStackTrace address=00000201EE01F000
PATCH 000002018F8215D0 __run_expr_1 address=00000201EE025000
PATCH 000002018F87E530 __tlsGetValue address=00000201EDF95000
PATCH 0000020186A4B560 __hostTlsGet address=00000201EDF97000
PATCH 0000020186A2C170 Swag.memcpy address=00000201EDF9D000
PATCH 00000201879E0790 __bootstrapRoundedSize address=00000201EDF96000
PATCH 000002018E556250 sizeClass address=00000201EDFAB000
PATCH 0000020186A5F6B0 __raiseException666 address=00000201EDFA5000
PATCH 000002018E5572C0 memAlign address=00000201EDFAD000
PATCH 00000201879EAE08 Swag.safetyPanic address=00000201EDFB0000
PATCH 0000020186A2A8C8 __memoryCopyForward address=00000201EDF9C000
PATCH 0000020186A4BD98 __hostTlsSet address=00000201EDF9E000
PATCH 000002018E83BA60 collectRemote address=00000201EDFC2000
PATCH 000002018E83CAD0 acquireBlock address=00000201EDFDB000
PATCH 000002018E5241E0 checkAllocated address=00000201EDFEE000
PATCH 000002018E529C48 checkPageAddress address=00000201EDFF4000
PATCH 000002018E5239A8 checkFree address=00000201EDFF0000
PATCH 000002018E52A480 freeBlock address=00000201EDFFA000
DEFER 0000020187D5AC30 swagLifecycleInitWrapper shard=0 offset=4640 address=0000000000000000
PATCH 000002018E52ACB8 assertIsAllocated address=00000201EE003000
DEFER 000002018E52EE78 opDrop shard=0 offset=4648 address=0000000000000000
DEFER 000002018AD9C688 swagLifecycleInitWrapper shard=0 offset=7176 address=0000000000000000
DEFER 000002018BEC3910 swagLifecycleInitWrapper shard=0 offset=7864 address=0000000000000000
DEFER 0000020187D44448 swagLifecycleInitWrapper shard=0 offset=8960 address=0000000000000000
DEFER 00000201879B7000 swagLifecycleInitWrapper shard=0 offset=10704 address=0000000000000000
DEFER 000002018E56CB80 swagLifecycleInitWrapper shard=0 offset=11528 address=0000000000000000
DEFER 000002018F822A30 swagLifecycleInitWrapper shard=0 offset=12616 address=0000000000000000
DEFER 000002018BCB9C10 swagLifecycleInitWrapper shard=0 offset=13816 address=0000000000000000
DEFER 000002018E5179C0 swagLifecycleInitWrapper shard=0 offset=14424 address=0000000000000000
PATCH 00000201879EA5D0 Swag.panic address=00000201EE022000
PATCH 0000020186A26320 __runtimeAllocator address=00000201EE005000
PATCH 000002018E5485B8 Swag.print address=00000201EE013000
PATCH 00000201879E9D98 __printPanicReport address=00000201EE020000
PATCH 000002018BEA66F0 __tlsGetValue address=00000201EE083000
PATCH 000002018BA48410 __hostTlsAlloc address=00000201EE080000
PATCH 000002018B8E0FC8 __bootstrapAlloc address=00000201EE087000
PATCH 000002018BA56AF8 __hostPageCommit address=00000201EE085000
PATCH 000002018BEA6F28 __tlsSetValue address=00000201EE08B000
PATCH 000002018CDA39A8 defaultAllocator address=00000201EE08D000
PATCH 000002018B8E1800 __bootstrapFree address=00000201EE08C000
PATCH 000002018CDB8330 setup address=00000201EE090000
PATCH 000002018BA562C0 __hostPageReserve address=00000201EE084000
PATCH 000002018BA57B68 __hostPageRelease address=00000201EE086000
PATCH 000002018CDA0020 lockDiagnostic address=00000201EE094000
PATCH 000002018CDB93A0 installed address=00000201EE08E000
PATCH 000002018BA59388 unlock address=00000201EE095000
PATCH 000002018CDA0858 unlockDiagnostic address=00000201EE096000
PATCH 000002018CDB8B68 configure address=00000201EE08F000
PATCH 000002018CDE83A0 usesHeaderPath address=00000201EE098000
PATCH 000002018CDB9BD8 diagnosticMode address=00000201EE092000
PATCH 000002018CFB31D8 atomicAddU64 address=00000201EE09B000
PATCH 000002018CDE18C8 userAddress address=00000201EE0A0000
PATCH 000002018CDE3170 setFooterMagic address=00000201EE0A2000
PATCH 000002018CDBA410 osAlloc address=00000201EE09E000
PATCH 000002018CFB29A0 atomicGet address=00000201EE0A7000
PATCH 000002018CDE4A18 linkAllocated address=00000201EE0A5000
PATCH 000002018CFB9148 decode address=00000201EE0AB000
PATCH 000002018BA58B50 lock address=00000201EE093000
PATCH 000002018CFB4248 atomicSubU32 address=00000201EE0AD000
PATCH 000002018CFBA9F0 lockRemote address=00000201EE0A9000
PATCH 000002018CFA4A18 allocatorSegmentOf address=00000201EE0AF000
PATCH 000002018CFB80D8 isBlockAddress address=00000201EE0AC000
PATCH 000002018CFBEE78 pageCommitStart address=00000201EE0B1000
PATCH 000002018BA57330 __hostPageDecommit address=00000201EE0B3000
PATCH 000002018CFB3A10 atomicSubU64 address=00000201EE0B4000
PATCH 000002018CFBB228 unlockRemote address=00000201EE0AA000
PATCH 000002018CFA1090 clearPageBit address=00000201EE0B6000
PATCH 000002018CFA0858 releasePage address=00000201EE0B7000
PATCH 000002018CFBF6B0 pageCommitEnd address=00000201EE0B2000
PATCH 000002018CDBB480 osFree address=00000201EE0B9000
PATCH 000002018CDBCD28 retireThreadHeap address=00000201EE0BA000
PATCH 000002018CFB5D30 allocatorOsDecommit address=00000201EE0B5000
PATCH 000002018CDB2C08 retireAllocatorThreadHeap address=00000201EE0BB000
PATCH 000002018CFBE640 segmentBase address=00000201EE0B0000
PATCH 000002018CDB3440 allocatorThreadHeapFlsId address=00000201EE0BE000
PATCH 000002018CDBD560 unlinkHeap address=00000201EE0B8000
PATCH 000002018CDB3C78 currentAllocatorThreadHeap address=00000201EE0C0000
PATCH 000002018BA49CB8 __hostThreadStorageAlloc address=00000201EE0BC000
PATCH 000002018BA4B560 __hostThreadStorageSet address=00000201EE0C1000
PATCH 000002018CDB44B0 setCurrentAllocatorThreadHeap address=00000201EE0C2000
PATCH 000002018BA4AD28 __hostThreadStorageGet address=00000201EE0BF000
PATCH 000002018BA4BD98 __hostCurrentThreadId address=00000201EE0C3000
PATCH 000002018CDBC4F0 threadHeap address=00000201EE0C6000
PATCH 000002018BA4A4F0 __hostThreadStorageFree address=00000201EE0BD000
PATCH 000002018CDB6A88 classUnitShift address=00000201EE0C8000
PATCH 000002018CDBDD98 linkPage address=00000201EE0C9000
PATCH 000002018CFB54F8 allocatorOsCommit address=00000201EE0CA000
PATCH 000002018CFB6568 allocatorNextKey address=00000201EE0CB000
PATCH 000002018CFB78A0 setupBlockDivision address=00000201EE0CC000
PATCH 000002018CFB4CC0 osReserve address=00000201EE0CF000
PATCH 000002018CDB4CE8 currentThreadId address=00000201EE0C4000
PATCH 000002018CFB7068 setup address=00000201EE0CD000
PATCH 000002018CFA0020 acquirePage address=00000201EE0CE000
PATCH 000002018CDBBCB8 allocateThreadHeap address=00000201EE0C5000
PATCH 000002018CFA3170 allocatorAcquireSegment address=00000201EE0D1000
PATCH 000002018CDBEE08 acquirePageForClass address=00000201EE0D3000
PATCH 000002018CFA2938 allocatorCreateSegment address=00000201EE0D2000
PATCH 000002018CFA2100 allocatorAddArena address=00000201EE0D0000
PATCH 000002018CDA1090 alloc address=00000201EE0D6000
PATCH 000002018CDE8BD8 allocate address=00000201EE0D7000
PATCH 000002018CFA41E0 allocatorPageOf address=00000201EE0D8000
PATCH 000002018CDE0020 acquireBlock address=00000201EE0D5000
PATCH 000002018CDE5A88 quarantine address=00000201EE0DD000
PATCH 000002018CDE6AF8 cacheFreedBlock address=00000201EE0DE000
PATCH 000002018CDE2938 footerMagic address=00000201EE0D9000
PATCH 000002018CDE5250 unlinkAllocated address=00000201EE0DB000
PATCH 000002018CDBE5D0 unlinkPage address=00000201EE0E3000
PATCH 000002018CDE0858 retirePage address=00000201EE0E4000
PATCH 000002018CDBF640 acquireBlockSlow address=00000201EE0D4000
PATCH 000002018CFBC298 pushRemote address=00000201EE0E5000
PATCH 000002018CDE7B68 freeHeaderBlock address=00000201EE0DF000
PATCH 000002018CDA18C8 realloc address=00000201EE0E8000
PATCH 000002018CDA2100 free address=00000201EE0E9000
PATCH 000002018CDE9410 reallocate address=00000201EE0E7000
PATCH 000002018CFA18C8 isEmpty address=00000201EE0EA000
PATCH 000002018CDECD98 releaseAll address=00000201EE0EC000
PATCH 000002018CDA2938 freeAll address=00000201EE0ED000
PATCH 000002018CFBDB40 releaseBlock address=00000201EE0E2000
PATCH 000002018CFBD308 holdsFreeBlock address=00000201EE0EE000
PATCH 000002018CFA39A8 allocatorReleaseSegment address=00000201EE0EB000
PATCH 000002018B8E2CA0 __concreteAlias address=00000201EE0F3000
PATCH 000002018CFB8910 encode address=00000201EE0E1000
PATCH 000002018BE984A8 Swag.stringCmp address=00000201EE0F5000
PATCH 000002018B8EE9E8 Swag.memcmp address=00000201EE0F4000
PATCH 000002018BEA7760 __tlsGetPtr address=00000201EE0F2000
PATCH 000002018B8E4548 Swag.typeCmp address=00000201EE0F6000
PATCH 000002018B8E3D10 Swag.typeAs address=00000201EE0F7000
PATCH 000002018CDA3170 assertAllocated address=00000201EE0F0000
PATCH 000002018BE94B20 __itoa address=00000201EE0FB000
PATCH 000002018BE96C00 __printS64 address=00000201EE0FC000
PATCH 000002018BE95358 __utoa address=00000201EE0F9000
PATCH 000002018BE97438 __printF64 address=00000201EE0FE000
PATCH 000002018BA0C560 __printString address=00000201EE0F8000
PATCH 000002018CDD3B40 __hostImageBaseForAddress address=00000201EE100000
PATCH 000002018CDD6458 __hostReleaseDecodedDebugSection address=00000201EE101000
PATCH 000002018CDD4378 __peU16 address=00000201EE103000
PATCH 000002018CDD53E8 __hostDebugSection address=00000201EE104000
PATCH 000002018BE963C8 __printU64 address=00000201EE0FA000
PATCH 000002018B897080 __dbgU32 address=00000201EE106000
PATCH 000002018B8978B8 __dbgFindSection address=00000201EE107000
PATCH 000002018BE95B90 __ftoa address=00000201EE0FD000
PATCH 000002018B8980F0 __dbgStr address=00000201EE108000
PATCH 000002018B899160 __hasStackTraceSymbols address=00000201EE10A000
PATCH 000002018CDD5C20 __hostDecodeDebugSection address=00000201EE105000
PATCH 000002018B898928 __symbolize address=00000201EE109000
PATCH 000002018B899998 __logStackTrace address=00000201EE10B000
PATCH 000002018BA0E640 __exitError address=00000201EE10D000
PATCH 000002018BEA5EB8 __tlsAlloc address=00000201EE10F000
PATCH 000002018BEB1AF8 swagLifecycleInitWrapper address=00000201EE112000
PATCH 000002018B8E70B0 Swag.jit address=00000201EE110000
PATCH 000002018CDD4BB0 __peU32 address=00000201EE102000
PATCH 000002018CDAEB20 __run_expr_1 address=00000201EE111000
PATCH 000002018BA48C48 __hostTlsGet address=00000201EE081000
PATCH 000002018B8EBE90 __memoryCopyForward address=00000201EE088000
PATCH 000002018BA49480 __hostTlsSet address=00000201EE08A000
PATCH 000002018BA0CD98 __raiseException666 address=00000201EE091000
PATCH 000002018B8E0790 __bootstrapRoundedSize address=00000201EE082000
PATCH 000002018CDB6250 sizeClass address=00000201EE097000
PATCH 000002018CDB5A18 classSize address=00000201EE09A000
PATCH 000002018B8ED738 Swag.memcpy address=00000201EE089000
PATCH 000002018CDBAC48 osAllocGuarded address=00000201EE09C000
PATCH 000002018CDE1090 headerOf address=00000201EE09F000
PATCH 000002018CDE2100 footer address=00000201EE0A1000
PATCH 000002018CDE62C0 popCachedBlock address=00000201EE09D000
PATCH 000002018B8ECF00 Swag.memset address=00000201EE0A3000
PATCH 000002018BA6A078 Swag.safetyPanic address=00000201EE0A8000
PATCH 000002018CDD3308 __captureStack address=00000201EE0A4000
PATCH 000002018CDB72C0 memAlign address=00000201EE099000
PATCH 000002018CFBBA60 collectRemote address=00000201EE0AE000
PATCH 000002018CDE7330 allocateHeaderBlock address=00000201EE0A6000
PATCH 000002018CFBCAD0 acquireBlock address=00000201EE0C7000
PATCH 000002018CDE39A8 checkFree address=00000201EE0DC000
PATCH 000002018CDE41E0 checkAllocated address=00000201EE0DA000
PATCH 000002018CDE9C48 checkPageAddress address=00000201EE0E0000
PATCH 000002018CDEA480 freeBlock address=00000201EE0E6000
PATCH 000002018CDEACB8 assertIsAllocated address=00000201EE0EF000
DEFER 000002018CC8D2A0 swagLifecycleInitWrapper shard=0 offset=3792 address=0000000000000000
DEFER 000002018CDEEE78 opDrop shard=0 offset=3800 address=0000000000000000
DEFER 000002018C5ECCE8 swagLifecycleInitWrapper shard=0 offset=6312 address=0000000000000000
DEFER 000002018BB66D30 swagLifecycleInitWrapper shard=0 offset=7000 address=0000000000000000
PATCH 000002018BA69840 Swag.panic address=00000201EE10E000
DEFER 0000020187FE1E60 swagLifecycleInitWrapper shard=0 offset=8096 address=0000000000000000
PATCH 000002018BA69008 __printPanicReport address=00000201EE10C000
DEFER 0000020187FE2960 swagLifecycleInitWrapper shard=0 offset=9840 address=0000000000000000
DEFER 00000201879CE7F8 swagLifecycleInitWrapper shard=0 offset=10664 address=0000000000000000
PATCH 000002018BE97C70 Swag.print address=00000201EE0FF000
DEFER 000002018CDD7F08 swagLifecycleInitWrapper shard=0 offset=11752 address=0000000000000000
DEFER 000002018BB08BF0 swagLifecycleInitWrapper shard=0 offset=12952 address=0000000000000000
DEFER 000002018CDF0AD0 swagLifecycleInitWrapper shard=0 offset=13560 address=0000000000000000
PATCH 000002018B8E78E8 __runtimeAllocator address=00000201EE0F1000
PATCH 000002018CC87760 __tlsGetValue address=00000201EE1A9000
PATCH 000002018C5E8BD8 __hostPageRelease address=00000201EE1AA000
PATCH 000002018C5E7B68 __hostPageCommit address=00000201EE1A8000
PATCH 000002018CC87F98 __tlsSetValue address=00000201EE1AF000
PATCH 000002018CCC1800 __bootstrapFree address=00000201EE1B0000
PATCH 000002018CF139A8 defaultAllocator address=00000201EE1B1000
PATCH 000002018C5E7330 __hostPageReserve address=00000201EE1A6000
PATCH 000002018CF68B68 configure address=00000201EE1B3000
PATCH 000002018CF693A0 installed address=00000201EE1B2000
PATCH 000002018CF68330 setup address=00000201EE1B4000
PATCH 000002018CF69BD8 diagnosticMode address=00000201EE1B6000
PATCH 000002018CCC0FC8 __bootstrapAlloc address=00000201EE1AB000
PATCH 000002018C5E9BC0 lock address=00000201EE1B7000
PATCH 000002018C5EA3F8 unlock address=00000201EE1B9000
PATCH 000002018C5D9480 __hostTlsAlloc address=00000201EE1A4000
PATCH 000002018CF083A0 usesHeaderPath address=00000201EE1BC000
PATCH 000002018CF10020 lockDiagnostic address=00000201EE1B8000
PATCH 000002018C5A31D8 atomicAddU64 address=00000201EE1BF000
PATCH 000002018CF6A410 osAlloc address=00000201EE1C2000
PATCH 000002018CF10858 unlockDiagnostic address=00000201EE1BA000
PATCH 000002018CF018C8 userAddress address=00000201EE1C4000
PATCH 000002018CF02100 footer address=00000201EE1C5000
PATCH 000002018CF03170 setFooterMagic address=00000201EE1C6000
PATCH 000002018CF04A18 linkAllocated address=00000201EE1C8000
PATCH 000002018C5A29A0 atomicGet address=00000201EE1CB000
PATCH 000002018C5AAFE8 unlockRemote address=00000201EE1CD000
PATCH 000002018C5AA7B0 lockRemote address=00000201EE1CC000
PATCH 000002018C5A8F08 decode address=00000201EE1CE000
PATCH 000002018C5AE400 segmentBase address=00000201EE1D3000
PATCH 000002018C5A4248 atomicSubU32 address=00000201EE1D0000
PATCH 000002018C5E83A0 __hostPageDecommit address=00000201EE1D6000
PATCH 000002018C5A5AF0 allocatorOsDecommit address=00000201EE1D8000
PATCH 000002018C5F4A18 allocatorSegmentOf address=00000201EE1D2000
PATCH 000002018C5F1090 clearPageBit address=00000201EE1D9000
PATCH 000002018CF6D560 unlinkHeap address=00000201EE1DB000
PATCH 000002018C5A3A10 atomicSubU64 address=00000201EE1D7000
PATCH 000002018CF6B480 osFree address=00000201EE1DC000
PATCH 000002018CF62C08 retireAllocatorThreadHeap address=00000201EE1DE000
PATCH 000002018C5A7E98 isBlockAddress address=00000201EE1CF000
PATCH 000002018CF63C78 currentAllocatorThreadHeap address=00000201EE1E3000
PATCH 000002018CF64CE8 currentThreadId address=00000201EE1E7000
PATCH 000002018CF6C4F0 threadHeap address=00000201EE1E9000
PATCH 000002018CF6BCB8 allocateThreadHeap address=00000201EE1E8000
PATCH 000002018CF644B0 setCurrentAllocatorThreadHeap address=00000201EE1E5000
PATCH 000002018CF66A88 classUnitShift address=00000201EE1EB000
PATCH 000002018C5A52B8 allocatorOsCommit address=00000201EE1ED000
PATCH 000002018C5A6328 allocatorNextKey address=00000201EE1EE000
PATCH 000002018CF63440 allocatorThreadHeapFlsId address=00000201EE1E1000
PATCH 000002018C5A4A80 osReserve address=00000201EE1F2000
PATCH 000002018C5DCE08 __hostCurrentThreadId address=00000201EE1E6000
PATCH 000002018C5F3170 allocatorAcquireSegment address=00000201EE1F8000
PATCH 000002018CF02938 footerMagic address=00000201EE1FC000
PATCH 000002018CF05A88 quarantine address=00000201EE201000
PATCH 000002018CF07B68 freeHeaderBlock address=00000201EE203000
PATCH 000002018CF06AF8 cacheFreedBlock address=00000201EE202000
PATCH 000002018CF11090 alloc address=00000201EE1FA000
PATCH 000002018CF05250 unlinkAllocated address=00000201EE1FE000
PATCH 000002018CF6E5D0 unlinkPage address=00000201EE205000
PATCH 000002018C5A86D0 encode address=00000201EE208000
PATCH 000002018CF09410 reallocate address=00000201EE20B000
PATCH 000002018CF118C8 realloc address=00000201EE20C000
PATCH 000002018CF12100 free address=00000201EE20D000
PATCH 000002018CF00858 retirePage address=00000201EE206000
PATCH 000002018CF0CD98 releaseAll address=00000201EE20F000
PATCH 000002018C5F39A8 allocatorReleaseSegment address=00000201EE210000
PATCH 000002018CF12938 freeAll address=00000201EE211000
PATCH 000002018C5AC058 pushRemote address=00000201EE207000
PATCH 000002018C5AD0C8 holdsFreeBlock address=00000201EE212000
PATCH 000002018CF13170 assertAllocated address=00000201EE214000
PATCH 000002018C5AD900 releaseBlock address=00000201EE209000
PATCH 000002018CC887D0 __tlsGetPtr address=00000201EE216000
PATCH 000002018D630C88 __concreteAlias address=00000201EE217000
PATCH 000002018C5F18C8 isEmpty address=00000201EE20E000
PATCH 000002018C5F8DF0 Swag.stringCmp address=00000201EE219000
PATCH 000002018D632530 Swag.typeCmp address=00000201EE21A000
PATCH 000002018D631CF8 Swag.typeAs address=00000201EE21B000
PATCH 000002018C5F5CA0 __utoa address=00000201EE21D000
PATCH 000002018C5F5468 __itoa address=00000201EE21F000
PATCH 000002018D63C790 Swag.memcmp address=00000201EE218000
PATCH 000002018C5F6D10 __printU64 address=00000201EE21E000
PATCH 000002018C5F64D8 __ftoa address=00000201EE221000
PATCH 000002018C5F7D80 __printF64 address=00000201EE222000
PATCH 000002018C5F7548 __printS64 address=00000201EE220000
PATCH 000002018C5974C8 __hostReleaseDecodedDebugSection address=00000201EE225000
PATCH 000002018C5CD5D0 __printString address=00000201EE21C000
PATCH 000002018C596C90 __hostDecodeDebugSection address=00000201EE229000
PATCH 000002018C596458 __hostDebugSection address=00000201EE228000
PATCH 000002018C5953E8 __peU16 address=00000201EE227000
PATCH 000002018CF16F70 __dbgStr address=00000201EE22C000
PATCH 000002018CF16738 __dbgFindSection address=00000201EE22B000
PATCH 000002018C594BB0 __hostImageBaseForAddress address=00000201EE224000
PATCH 000002018C595C20 __peU32 address=00000201EE226000
PATCH 000002018CF18818 __logStackTrace address=00000201EE22E000
PATCH 000002018CF17FE0 __hasStackTraceSymbols address=00000201EE22F000
PATCH 000002018C5CF6B0 __exitError address=00000201EE231000
PATCH 000002018CF177A8 __symbolize address=00000201EE22D000
PATCH 000002018CC86F28 __tlsAlloc address=00000201EE233000
PATCH 000002018D635098 Swag.jit address=00000201EE234000
PATCH 000002018CC8C088 __run_expr_0 address=00000201EE235000
PATCH 000002018CF52CC8 swagLifecycleInitWrapper address=00000201EE236000
PATCH 000002018CF15F00 __dbgU32 address=00000201EE22A000
PATCH 000002018CF6DD98 linkPage address=00000201EE1EC000
PATCH 000002018CF0ACB8 assertIsAllocated address=00000201EE213000
PATCH 000002018CCC0790 __bootstrapRoundedSize address=00000201EE1A5000
PATCH 000002018D639E78 __memoryCopyForward address=00000201EE1AC000
PATCH 000002018D63B720 Swag.memcpy address=00000201EE1AD000
PATCH 000002018C5CDE08 __raiseException666 address=00000201EE1B5000
PATCH 000002018C5D9CB8 __hostTlsGet address=00000201EE1A7000
PATCH 000002018CF66250 sizeClass address=00000201EE1BB000
PATCH 000002018CF65A18 classSize address=00000201EE1BE000
PATCH 000002018CF672C0 memAlign address=00000201EE1BD000
PATCH 000002018CF6AC48 osAllocGuarded address=00000201EE1C0000
PATCH 000002018CF062C0 popCachedBlock address=00000201EE1C1000
PATCH 000002018CF01090 headerOf address=00000201EE1C3000
PATCH 000002018C5DA4F0 __hostTlsSet address=00000201EE1AE000
PATCH 000002018D63AEE8 Swag.memset address=00000201EE1C7000
PATCH 000002018CF07330 allocateHeaderBlock address=00000201EE1C9000
PATCH 000002018C5AB820 collectRemote address=00000201EE1D1000
PATCH 000002018C5AEC38 pageCommitStart address=00000201EE1D4000
PATCH 000002018C5F0858 releasePage address=00000201EE1DA000
PATCH 000002018C5AF470 pageCommitEnd address=00000201EE1D5000
PATCH 000002018C5DAD28 __hostThreadStorageAlloc address=00000201EE1DF000
PATCH 000002018C5DB560 __hostThreadStorageFree address=00000201EE1E0000
PATCH 000002018CF6CD28 retireThreadHeap address=00000201EE1DD000
PATCH 000002018C594378 __captureStack address=00000201EE1CA000
PATCH 000002018C5DC5D0 __hostThreadStorageSet address=00000201EE1E4000
PATCH 000002018C5DBD98 __hostThreadStorageGet address=00000201EE1E2000
PATCH 000002018C5A7660 setupBlockDivision address=00000201EE1EF000
PATCH 000002018C5AC890 acquireBlock address=00000201EE1EA000
PATCH 000002018C5A6E28 setup address=00000201EE1F0000
PATCH 000002018C5F2100 allocatorAddArena address=00000201EE1F3000
PATCH 000002018CF6EE08 acquirePageForClass address=00000201EE1F5000
PATCH 000002018C5F2938 allocatorCreateSegment address=00000201EE1F4000
PATCH 000002018CF0A480 freeBlock address=00000201EE20A000
PATCH 000002018CF00020 acquireBlock address=00000201EE1F7000
PATCH 000002018CF08BD8 allocate address=00000201EE1F9000
PATCH 000002018CF041E0 checkAllocated address=00000201EE1FD000
PATCH 000002018C5F41E0 allocatorPageOf address=00000201EE1FB000
PATCH 000002018C5F0020 acquirePage address=00000201EE1F1000
PATCH 000002018CCCAE08 Swag.safetyPanic address=00000201EE1FF000
PATCH 000002018CF6F640 acquireBlockSlow address=00000201EE1F6000
PATCH 000002018CF039A8 checkFree address=00000201EE200000
PATCH 000002018CF09C48 checkPageAddress address=00000201EE204000
DEFER 0000020187D98EE0 swagLifecycleInitWrapper shard=8 offset=4624 address=0000000000000000
DEFER 000002018CF0EE78 opDrop shard=8 offset=4632 address=0000000000000000
DEFER 000002018CC93388 swagLifecycleInitWrapper shard=8 offset=7160 address=0000000000000000
DEFER 000002018CD23580 swagLifecycleInitWrapper shard=8 offset=7848 address=0000000000000000
DEFER 0000020187D97078 swagLifecycleInitWrapper shard=8 offset=8944 address=0000000000000000
DEFER 000002018C921CB0 swagLifecycleInitWrapper shard=8 offset=10688 address=0000000000000000
DEFER 000002018C5986E8 swagLifecycleInitWrapper shard=8 offset=11512 address=0000000000000000
PATCH 000002018CCCA5D0 Swag.panic address=00000201EE232000
DEFER 000002018CF1ECF8 swagLifecycleInitWrapper shard=8 offset=12600 address=0000000000000000
PATCH 000002018CCC9D98 __printPanicReport address=00000201EE230000
DEFER 000002018CF71658 swagLifecycleInitWrapper shard=8 offset=13800 address=0000000000000000
DEFER 000002018BCBADF0 swagLifecycleInitWrapper shard=8 offset=14408 address=0000000000000000
PATCH 000002018D6358D0 __runtimeAllocator address=00000201EE215000
PATCH 000002018C5F85B8 Swag.print address=00000201EE223000
PATCH 000002018CC22530 __tlsGetValue address=00000201EE295000
PATCH 000002018C979410 __hostPageRelease address=00000201EE296000
PATCH 000002018C977B68 __hostPageReserve address=00000201EE292000
PATCH 000002018CC22D68 __tlsSetValue address=00000201EE29B000
PATCH 000002018CD51800 __bootstrapFree address=00000201EE29C000
PATCH 000002018CD50FC8 __bootstrapAlloc address=00000201EE297000
PATCH 000002018BF193A0 installed address=00000201EE29E000
PATCH 000002018BF18B68 configure address=00000201EE29F000
PATCH 000002018C929CB8 __hostTlsAlloc address=00000201EE290000
PATCH 000002018BF18330 setup address=00000201EE2A0000
PATCH 000002018C9783A0 __hostPageCommit address=00000201EE294000
PATCH 000002018C97A3F8 lock address=00000201EE2A3000
PATCH 000002018BF339A8 defaultAllocator address=00000201EE29D000
PATCH 000002018BF30020 lockDiagnostic address=00000201EE2A4000
PATCH 000002018C97AC30 unlock address=00000201EE2A5000
PATCH 000002018CC031D8 atomicAddU64 address=00000201EE2AB000
PATCH 000002018BF30858 unlockDiagnostic address=00000201EE2A6000
PATCH 000002018BF1A410 osAlloc address=00000201EE2AE000
PATCH 000002018BF283A0 usesHeaderPath address=00000201EE2A8000
PATCH 000002018BF218C8 userAddress address=00000201EE2B0000
PATCH 000002018BF23170 setFooterMagic address=00000201EE2B1000
PATCH 000002018BF24A18 linkAllocated address=00000201EE2B5000
PATCH 000002018BF19BD8 diagnosticMode address=00000201EE2A2000
PATCH 000002018CC0AFE8 unlockRemote address=00000201EE2B9000
PATCH 000002018CC07E98 isBlockAddress address=00000201EE2BB000
PATCH 000002018CC04248 atomicSubU32 address=00000201EE2BC000
PATCH 000002018CC0A7B0 lockRemote address=00000201EE2B8000
PATCH 000002018CC08F08 decode address=00000201EE2BA000
PATCH 000002018CC14A18 allocatorSegmentOf address=00000201EE2BE000
PATCH 000002018CC0E400 segmentBase address=00000201EE2BF000
PATCH 000002018C978BD8 __hostPageDecommit address=00000201EE2C2000
PATCH 000002018CC03A10 atomicSubU64 address=00000201EE2C3000
PATCH 000002018BF1D560 unlinkHeap address=00000201EE2C8000
PATCH 000002018CC05AF0 allocatorOsDecommit address=00000201EE2C4000
PATCH 000002018BF1B480 osFree address=00000201EE2C9000
PATCH 000002018CC11090 clearPageBit address=00000201EE2C5000
PATCH 000002018BF1CD28 retireThreadHeap address=00000201EE2CA000
PATCH 000002018CC029A0 atomicGet address=00000201EE2B7000
PATCH 000002018BF13440 allocatorThreadHeapFlsId address=00000201EE2CE000
PATCH 000002018C92BD98 __hostThreadStorageFree address=00000201EE2CD000
PATCH 000002018C92C5D0 __hostThreadStorageGet address=00000201EE2CF000
PATCH 000002018BF12C08 retireAllocatorThreadHeap address=00000201EE2CB000
PATCH 000002018BF13C78 currentAllocatorThreadHeap address=00000201EE2D0000
PATCH 000002018C92D640 __hostCurrentThreadId address=00000201EE2D2000
PATCH 000002018C92CE08 __hostThreadStorageSet address=00000201EE2D3000
PATCH 000002018C92B560 __hostThreadStorageAlloc address=00000201EE2CC000
PATCH 000002018BF1BCB8 allocateThreadHeap address=00000201EE2D5000
PATCH 000002018BF1C4F0 threadHeap address=00000201EE2D6000
PATCH 000002018BF14CE8 currentThreadId address=00000201EE2D4000
PATCH 000002018BF16A88 classUnitShift address=00000201EE2D8000
PATCH 000002018CC052B8 allocatorOsCommit address=00000201EE2DA000
PATCH 000002018BF1DD98 linkPage address=00000201EE2D9000
PATCH 000002018CC06328 allocatorNextKey address=00000201EE2DB000
PATCH 000002018CC07660 setupBlockDivision address=00000201EE2DC000
PATCH 000002018CC04A80 osReserve address=00000201EE2DF000
PATCH 000002018CC10020 acquirePage address=00000201EE2DE000
PATCH 000002018CC06E28 setup address=00000201EE2DD000
PATCH 000002018CC13170 allocatorAcquireSegment address=00000201EE2E2000
PATCH 000002018BF1F640 acquireBlockSlow address=00000201EE2E4000
PATCH 000002018BF1EE08 acquirePageForClass address=00000201EE2E3000
PATCH 000002018BF20020 acquireBlock address=00000201EE2E5000
PATCH 000002018BF28BD8 allocate address=00000201EE2E6000
PATCH 000002018BF22938 footerMagic address=00000201EE2E9000
PATCH 000002018CC12938 allocatorCreateSegment address=00000201EE2E1000
PATCH 000002018BF25250 unlinkAllocated address=00000201EE2EB000
PATCH 000002018CC12100 allocatorAddArena address=00000201EE2E0000
PATCH 000002018BF26AF8 cacheFreedBlock address=00000201EE2EE000
PATCH 000002018BF27B68 freeHeaderBlock address=00000201EE2EF000
PATCH 000002018CC141E0 allocatorPageOf address=00000201EE2E8000
PATCH 000002018BF1E5D0 unlinkPage address=00000201EE2F3000
PATCH 000002018CC0D900 releaseBlock address=00000201EE2F2000
PATCH 000002018BF31090 alloc address=00000201EE2E7000
PATCH 000002018CC0C058 pushRemote address=00000201EE2F5000
PATCH 000002018CC086D0 encode address=00000201EE2F1000
PATCH 000002018BF318C8 realloc address=00000201EE2F7000
PATCH 000002018BF20858 retirePage address=00000201EE2F4000
PATCH 000002018CC118C8 isEmpty address=00000201EE2FA000
PATCH 000002018CC139A8 allocatorReleaseSegment address=00000201EE2FB000
PATCH 000002018BF25A88 quarantine address=00000201EE2ED000
PATCH 000002018CC0D0C8 holdsFreeBlock address=00000201EE2FE000
PATCH 000002018BF32938 freeAll address=00000201EE2FD000
PATCH 000002018BF2CD98 releaseAll address=00000201EE2FC000
PATCH 000002018BF33170 assertAllocated address=00000201EE300000
PATCH 000002018CC235A0 __tlsGetPtr address=00000201EE302000
PATCH 000002018C950EA0 __concreteAlias address=00000201EE303000
PATCH 000002018BF32100 free address=00000201EE2F9000
PATCH 000002018C952748 Swag.typeCmp address=00000201EE306000
PATCH 000002018C95C9A8 Swag.memcmp address=00000201EE304000
PATCH 000002018C951F10 Swag.typeAs address=00000201EE307000
PATCH 000002018BF36D10 __printU64 address=00000201EE30A000
PATCH 000002018BF29410 reallocate address=00000201EE2F8000
PATCH 000002018BF38DF0 Swag.stringCmp address=00000201EE305000
PATCH 000002018BF35CA0 __utoa address=00000201EE309000
PATCH 000002018BF37D80 __printF64 address=00000201EE30E000
PATCH 000002018BF364D8 __ftoa address=00000201EE30D000
PATCH 000002018C91DE08 __printString address=00000201EE308000
PATCH 000002018C9454A0 __hostImageBaseForAddress address=00000201EE310000
PATCH 000002018C947DB8 __hostReleaseDecodedDebugSection address=00000201EE311000
PATCH 000002018BF37548 __printS64 address=00000201EE30C000
PATCH 000002018C945CD8 __peU16 address=00000201EE313000
PATCH 000002018C946510 __peU32 address=00000201EE312000
PATCH 000002018BF3AB10 __dbgU32 address=00000201EE316000
PATCH 000002018BF35468 __itoa address=00000201EE30B000
PATCH 000002018C946D48 __hostDebugSection address=00000201EE314000
PATCH 000002018BF3BB80 __dbgStr address=00000201EE318000
PATCH 000002018BF3B348 __dbgFindSection address=00000201EE317000
PATCH 000002018BF3CBF0 __hasStackTraceSymbols address=00000201EE31A000
PATCH 000002018BF3C3B8 __symbolize address=00000201EE319000
PATCH 000002018C940020 __exitError address=00000201EE31C000
PATCH 000002018BF3D428 __logStackTrace address=00000201EE31B000
PATCH 000002018CC21CF8 __tlsAlloc address=00000201EE31F000
PATCH 000002018C503E98 swagLifecycleInitWrapper address=00000201EE321000
PATCH 000002018C9552B0 Swag.jit address=00000201EE320000
PATCH 000002018CC4E6F8 __run_expr_0 address=00000201EE322000
PATCH 000002018C947580 __hostDecodeDebugSection address=00000201EE315000
PATCH 000002018C92A4F0 __hostTlsGet address=00000201EE293000
PATCH 000002018C95B938 Swag.memcpy address=00000201EE299000
PATCH 000002018C92AD28 __hostTlsSet address=00000201EE29A000
PATCH 000002018CD50790 __bootstrapRoundedSize address=00000201EE291000
PATCH 000002018C95A090 __memoryCopyForward address=00000201EE298000
PATCH 000002018C91E640 __raiseException666 address=00000201EE2A1000
PATCH 000002018BF16250 sizeClass address=00000201EE2A7000
PATCH 000002018BF15A18 classSize address=00000201EE2AA000
PATCH 000002018BF1AC48 osAllocGuarded address=00000201EE2AC000
PATCH 000002018BF262C0 popCachedBlock address=00000201EE2AD000
PATCH 000002018BF21090 headerOf address=00000201EE2AF000
PATCH 000002018BF172C0 memAlign address=00000201EE2A9000
PATCH 000002018BF22100 footer address=00000201EE2B2000
PATCH 000002018C944C68 __captureStack address=00000201EE2B4000
PATCH 000002018C95B100 Swag.memset address=00000201EE2B3000
PATCH 000002018CC0B820 collectRemote address=00000201EE2BD000
PATCH 000002018CC0EC38 pageCommitStart address=00000201EE2C0000
PATCH 000002018CC0F470 pageCommitEnd address=00000201EE2C1000
PATCH 000002018C9A0858 Swag.safetyPanic address=00000201EE2C7000
PATCH 000002018BF27330 allocateHeaderBlock address=00000201EE2B6000
PATCH 000002018CC10858 releasePage address=00000201EE2C6000
PATCH 000002018BF144B0 setCurrentAllocatorThreadHeap address=00000201EE2D1000
PATCH 000002018CC0C890 acquireBlock address=00000201EE2D7000
PATCH 000002018BF241E0 checkAllocated address=00000201EE2EA000
PATCH 000002018BF239A8 checkFree address=00000201EE2EC000
PATCH 000002018BF29C48 checkPageAddress address=00000201EE2F0000
PATCH 000002018BF2A480 freeBlock address=00000201EE2F6000
PATCH 000002018BF2ACB8 assertIsAllocated address=00000201EE2FF000
DEFER 000002018CE10020 swagLifecycleInitWrapper shard=8 offset=13032 address=0000000000000000
DEFER 000002018BF2EE78 opDrop shard=8 offset=13040 address=0000000000000000
DEFER 000002018BF72AC0 swagLifecycleInitWrapper shard=8 offset=15568 address=0000000000000000
DEFER 000002018C8E30C0 swagLifecycleInitWrapper shard=8 offset=16432 address=0000000000000000
PATCH 000002018C9A0020 Swag.panic address=00000201EE31E000
DEFER 000002018C552358 swagLifecycleInitWrapper shard=8 offset=17528 address=0000000000000000
PATCH 000002018C9BF3B0 __printPanicReport address=00000201EE31D000
DEFER 000002018CC29768 swagLifecycleInitWrapper shard=8 offset=19272 address=0000000000000000
DEFER 000002018CD67780 swagLifecycleInitWrapper shard=8 offset=20096 address=0000000000000000
PATCH 000002018BF385B8 Swag.print address=00000201EE30F000
DEFER 000002018BF48338 swagLifecycleInitWrapper shard=8 offset=21184 address=0000000000000000
DEFER 000002018C8D9870 swagLifecycleInitWrapper shard=8 offset=22384 address=0000000000000000
DEFER 000002018C830020 swagLifecycleInitWrapper shard=8 offset=22992 address=0000000000000000
PATCH 000002018C955AE8 __runtimeAllocator address=00000201EE301000
PATCH 000002018DE44250 __hostTlsAlloc address=00000201EE37C000
PATCH 000002018DE239A8 __hostPageRelease address=00000201EE382000
PATCH 000002018DEA7760 __tlsSetValue address=00000201EE387000
PATCH 000002018DE22100 __hostPageReserve address=00000201EE37F000
PATCH 000002018C5B39A8 defaultAllocator address=00000201EE389000
PATCH 000002018DE22938 __hostPageCommit address=00000201EE381000
PATCH 000002018C5D8B68 configure address=00000201EE38B000
PATCH 000002018DE91A18 __bootstrapFree address=00000201EE388000
PATCH 000002018C5D8330 setup address=00000201EE38C000
PATCH 000002018DE911E0 __bootstrapAlloc address=00000201EE383000
PATCH 000002018DE24990 lock address=00000201EE38F000
PATCH 000002018C5D93A0 installed address=00000201EE38A000
PATCH 000002018C5B0020 lockDiagnostic address=00000201EE390000
PATCH 000002018DE251C8 unlock address=00000201EE391000
PATCH 000002018C5D9BD8 diagnosticMode address=00000201EE38E000
PATCH 000002018C5E83A0 usesHeaderPath address=00000201EE394000
PATCH 000002018C5DA410 osAlloc address=00000201EE39A000
PATCH 000002018C5B0858 unlockDiagnostic address=00000201EE392000
PATCH 000002018C5E18C8 userAddress address=00000201EE39C000
PATCH 000002018C5E3170 setFooterMagic address=00000201EE39D000
PATCH 000002018CE229A0 atomicGet address=00000201EE3A3000
PATCH 000002018CE2AFE8 unlockRemote address=00000201EE3A5000
PATCH 000002018CE28F08 decode address=00000201EE3A6000
PATCH 000002018CE27E98 isBlockAddress address=00000201EE3A7000
PATCH 000002018CE24248 atomicSubU32 address=00000201EE3A8000
PATCH 000002018CE2A7B0 lockRemote address=00000201EE3A4000
PATCH 000002018CE04A18 allocatorSegmentOf address=00000201EE3AA000
PATCH 000002018CE231D8 atomicAddU64 address=00000201EE397000
PATCH 000002018DE23170 __hostPageDecommit address=00000201EE3AE000
PATCH 000002018CE25AF0 allocatorOsDecommit address=00000201EE3B0000
PATCH 000002018C5E4A18 linkAllocated address=00000201EE3A0000
PATCH 000002018CE01090 clearPageBit address=00000201EE3B1000
PATCH 000002018CE2E400 segmentBase address=00000201EE3AB000
PATCH 000002018C5DD560 unlinkHeap address=00000201EE3B3000
PATCH 000002018CE23A10 atomicSubU64 address=00000201EE3AF000
PATCH 000002018C5D2C08 retireAllocatorThreadHeap address=00000201EE3B6000
PATCH 000002018C5DB480 osFree address=00000201EE3B4000
PATCH 000002018C5D3440 allocatorThreadHeapFlsId address=00000201EE3B9000
PATCH 000002018C5D3C78 currentAllocatorThreadHeap address=00000201EE3BC000
PATCH 000002018C5D44B0 setCurrentAllocatorThreadHeap address=00000201EE3BD000
PATCH 000002018C5D4CE8 currentThreadId address=00000201EE3BF000
PATCH 000002018C5D6A88 classUnitShift address=00000201EE3C3000
PATCH 000002018C5DC4F0 threadHeap address=00000201EE3C1000
PATCH 000002018CE26328 allocatorNextKey address=00000201EE3C7000
PATCH 000002018DE47BD8 __hostCurrentThreadId address=00000201EE3BE000
PATCH 000002018C5DBCB8 allocateThreadHeap address=00000201EE3C0000
PATCH 000002018CE26E28 setup address=00000201EE3C9000
PATCH 000002018CE00020 acquirePage address=00000201EE3CA000
PATCH 000002018CE252B8 allocatorOsCommit address=00000201EE3C5000
PATCH 000002018CE02938 allocatorCreateSegment address=00000201EE3CE000
PATCH 000002018CE27660 setupBlockDivision address=00000201EE3C8000
PATCH 000002018C5DEE08 acquirePageForClass address=00000201EE3CF000
PATCH 000002018C5DF640 acquireBlockSlow address=00000201EE3D0000
PATCH 000002018CE24A80 osReserve address=00000201EE3CB000
PATCH 000002018C5B1090 alloc address=00000201EE3D3000
PATCH 000002018CE03170 allocatorAcquireSegment address=00000201EE3CD000
PATCH 000002018CE041E0 allocatorPageOf address=00000201EE3D4000
PATCH 000002018C5E2938 footerMagic address=00000201EE3D5000
PATCH 000002018C5E5A88 quarantine address=00000201EE3D9000
PATCH 000002018C5E0020 acquireBlock address=00000201EE3D1000
PATCH 000002018C5E6AF8 cacheFreedBlock address=00000201EE3DA000
PATCH 000002018C5E7B68 freeHeaderBlock address=00000201EE3DB000
PATCH 000002018C5E8BD8 allocate address=00000201EE3D2000
PATCH 000002018C5DE5D0 unlinkPage address=00000201EE3DF000
PATCH 000002018CE02100 allocatorAddArena address=00000201EE3CC000
PATCH 000002018C5E0858 retirePage address=00000201EE3E0000
PATCH 000002018C5E5250 unlinkAllocated address=00000201EE3D7000
PATCH 000002018CE2D900 releaseBlock address=00000201EE3DE000
PATCH 000002018C5B18C8 realloc address=00000201EE3E4000
PATCH 000002018C5E9410 reallocate address=00000201EE3E3000
PATCH 000002018CE018C8 isEmpty address=00000201EE3E6000
PATCH 000002018CE2C058 pushRemote address=00000201EE3E1000
PATCH 000002018C5ECD98 releaseAll address=00000201EE3E8000
PATCH 000002018C5B2100 free address=00000201EE3E5000
PATCH 000002018C5B3170 assertAllocated address=00000201EE3EC000
PATCH 000002018CE039A8 allocatorReleaseSegment address=00000201EE3E7000
PATCH 000002018D1B0C88 __concreteAlias address=00000201EE3EF000
PATCH 000002018CE286D0 encode address=00000201EE3DD000
PATCH 000002018CE2D0C8 holdsFreeBlock address=00000201EE3EA000
PATCH 000002018D1E7CF8 Swag.stringCmp address=00000201EE3F1000
PATCH 000002018C5B2938 freeAll address=00000201EE3E9000
PATCH 000002018D1B1CF8 Swag.typeAs address=00000201EE3F3000
PATCH 000002018D1BC790 Swag.memcmp address=00000201EE3F0000
PATCH 000002018DEA7F98 __tlsGetPtr address=00000201EE3EE000
PATCH 000002018D1E4BA8 __utoa address=00000201EE3F5000
PATCH 000002018D1E4370 __itoa address=00000201EE3F7000
PATCH 000002018D1B2530 Swag.typeCmp address=00000201EE3F2000
PATCH 000002018D1E53E0 __ftoa address=00000201EE3F9000
PATCH 000002018D1E6C88 __printF64 address=00000201EE3FA000
PATCH 000002018D1E5C18 __printU64 address=00000201EE3F6000
PATCH 000002018CE71090 __peU32 address=00000201EE3FD000
PATCH 000002018CE70858 __peU16 address=00000201EE3FE000
PATCH 000002018CE183A0 __printString address=00000201EE3F4000
PATCH 000002018CE72938 __hostReleaseDecodedDebugSection address=00000201EE3FF000
PATCH 000002018D1E6450 __printS64 address=00000201EE3F8000
PATCH 000002018CE718C8 __hostDebugSection address=00000201EE400000
PATCH 000002018D191508 __dbgFindSection address=00000201EE403000
PATCH 000002018CE70020 __hostImageBaseForAddress address=00000201EE3FC000
PATCH 000002018D191D40 __dbgStr address=00000201EE404000
PATCH 000002018D192DB0 __hasStackTraceSymbols address=00000201EE406000
PATCH 000002018D192578 __symbolize address=00000201EE405000
PATCH 000002018D190CD0 __dbgU32 address=00000201EE402000
PATCH 000002018D1935E8 __logStackTrace address=00000201EE407000
PATCH 000002018CE1A480 __exitError address=00000201EE409000
PATCH 000002018CE72100 __hostDecodeDebugSection address=00000201EE401000
PATCH 000002018DEA66F0 __tlsAlloc address=00000201EE40C000
PATCH 000002018CE78060 __run_expr_0 address=00000201EE40D000
PATCH 000002018C985798 swagLifecycleInitWrapper address=00000201EE40E000
PATCH 000002018DEA6F28 __tlsGetValue address=00000201EE37D000
PATCH 000002018DE909A8 __bootstrapRoundedSize address=00000201EE37E000
PATCH 000002018D1B9E78 __memoryCopyForward address=00000201EE384000
PATCH 000002018DE452C0 __hostTlsSet address=00000201EE386000
PATCH 000002018D1BB720 Swag.memcpy address=00000201EE385000
PATCH 000002018C5D72C0 memAlign address=00000201EE395000
PATCH 000002018C5D6250 sizeClass address=00000201EE393000
PATCH 000002018DE44A88 __hostTlsGet address=00000201EE380000
PATCH 000002018C5D5A18 classSize address=00000201EE396000
PATCH 000002018CE18BD8 __raiseException666 address=00000201EE38D000
PATCH 000002018DE45AF8 __hostThreadStorageAlloc address=00000201EE3B7000
PATCH 000002018C5E1090 headerOf address=00000201EE39B000
PATCH 000002018C5DAC48 osAllocGuarded address=00000201EE398000
PATCH 000002018DE9A7E8 Swag.panic address=00000201EE40A000
PATCH 000002018C5E62C0 popCachedBlock address=00000201EE399000
PATCH 000002018CE1F0C8 __captureStack address=00000201EE3A1000
PATCH 000002018D1BAEE8 Swag.memset address=00000201EE39F000
PATCH 000002018C5E7330 allocateHeaderBlock address=00000201EE3A2000
PATCH 000002018CE2EC38 pageCommitStart address=00000201EE3AC000
PATCH 000002018CE2F470 pageCommitEnd address=00000201EE3AD000
PATCH 000002018C5E2100 footer address=00000201EE39E000
PATCH 000002018DE46330 __hostThreadStorageFree address=00000201EE3B8000
PATCH 000002018DE46B68 __hostThreadStorageGet address=00000201EE3BA000
PATCH 000002018CE00858 releasePage address=00000201EE3B2000
PATCH 000002018DE473A0 __hostThreadStorageSet address=00000201EE3BB000
PATCH 000002018C5DCD28 retireThreadHeap address=00000201EE3B5000
PATCH 000002018CE2C890 acquireBlock address=00000201EE3C2000
PATCH 000002018DE9B020 Swag.safetyPanic address=00000201EE3C6000
PATCH 000002018CE2B820 collectRemote address=00000201EE3A9000
PATCH 000002018C5DDD98 linkPage address=00000201EE3C4000
PATCH 000002018C5E41E0 checkAllocated address=00000201EE3D6000
PATCH 000002018C5E39A8 checkFree address=00000201EE3D8000
PATCH 000002018C5EA480 freeBlock address=00000201EE3E2000
PATCH 000002018C5E9C48 checkPageAddress address=00000201EE3DC000
PATCH 000002018C5EACB8 assertIsAllocated address=00000201EE3EB000
DEFER 000002018CC786B0 swagLifecycleInitWrapper shard=0 offset=4296 address=0000000000000000
DEFER 000002018C5EEE78 opDrop shard=0 offset=4304 address=0000000000000000
DEFER 000002018CD62DA8 swagLifecycleInitWrapper shard=0 offset=6816 address=0000000000000000
DEFER 000002018C948DA8 swagLifecycleInitWrapper shard=0 offset=7504 address=0000000000000000
DEFER 000002018B735200 swagLifecycleInitWrapper shard=0 offset=8600 address=0000000000000000
DEFER 000002018C9482A8 swagLifecycleInitWrapper shard=0 offset=10344 address=0000000000000000
DEFER 000002018B69D6B8 swagLifecycleInitWrapper shard=0 offset=11168 address=0000000000000000
PATCH 000002018D1B5098 Swag.jit address=00000201EE40B000
DEFER 000002018CE73FA8 swagLifecycleInitWrapper shard=0 offset=12256 address=0000000000000000
PATCH 000002018DE99FB0 __printPanicReport address=00000201EE408000
DEFER 000002018D1A6960 swagLifecycleInitWrapper shard=0 offset=13456 address=0000000000000000
DEFER 000002018B6B7CB8 swagLifecycleInitWrapper shard=0 offset=14064 address=0000000000000000
PATCH 000002018D1B58D0 __runtimeAllocator address=00000201EE3ED000
PATCH 000002018D1E74C0 Swag.print address=00000201EE3FB000
PATCH 000002018CC7E530 __tlsGetValue address=00000201EE46C000
PATCH 000002018CD68BD8 __hostPageRelease address=00000201EE46E000
PATCH 000002018CD50FC8 __bootstrapAlloc address=00000201EE46F000
PATCH 000002018CC7ED68 __tlsSetValue address=00000201EE473000
PATCH 000002018CD51800 __bootstrapFree address=00000201EE474000
PATCH 000002018CD67B68 __hostPageCommit address=00000201EE46D000
PATCH 000002018C938B68 configure address=00000201EE477000
PATCH 000002018CD67330 __hostPageReserve address=00000201EE46B000
PATCH 000002018C938330 setup address=00000201EE478000
PATCH 000002018CD19480 __hostTlsAlloc address=00000201EE468000
PATCH 000002018C939BD8 diagnosticMode address=00000201EE47A000
PATCH 000002018B9239A8 defaultAllocator address=00000201EE475000
PATCH 000002018CD69BC0 lock address=00000201EE47B000
PATCH 000002018B920858 unlockDiagnostic address=00000201EE47E000
PATCH 000002018B920020 lockDiagnostic address=00000201EE47C000
PATCH 000002018C9183A0 usesHeaderPath address=00000201EE480000
PATCH 000002018CD6A3F8 unlock address=00000201EE47D000
PATCH 000002018B6931D8 atomicAddU64 address=00000201EE483000
PATCH 000002018C93A410 osAlloc address=00000201EE486000
PATCH 000002018C9393A0 installed address=00000201EE476000
PATCH 000002018C9118C8 userAddress address=00000201EE488000
PATCH 000002018C914A18 linkAllocated address=00000201EE48C000
PATCH 000002018B6929A0 atomicGet address=00000201EE48F000
PATCH 000002018B69AFE8 unlockRemote address=00000201EE491000
PATCH 000002018B697E98 isBlockAddress address=00000201EE493000
PATCH 000002018C913170 setFooterMagic address=00000201EE48D000
PATCH 000002018B694248 atomicSubU32 address=00000201EE494000
PATCH 000002018B6A4A18 allocatorSegmentOf address=00000201EE496000
PATCH 000002018B69E400 segmentBase address=00000201EE497000
PATCH 000002018B69A7B0 lockRemote address=00000201EE490000
PATCH 000002018B693A10 atomicSubU64 address=00000201EE49A000
PATCH 000002018B698F08 decode address=00000201EE492000
PATCH 000002018CD683A0 __hostPageDecommit address=00000201EE49C000
PATCH 000002018C93D560 unlinkHeap address=00000201EE49F000
PATCH 000002018C93B480 osFree address=00000201EE4A0000
PATCH 000002018B6A1090 clearPageBit address=00000201EE49D000
PATCH 000002018B695AF0 allocatorOsDecommit address=00000201EE49B000
PATCH 000002018C932C08 retireAllocatorThreadHeap address=00000201EE4A2000
PATCH 000002018C933C78 currentAllocatorThreadHeap address=00000201EE4A7000
PATCH 000002018C933440 allocatorThreadHeapFlsId address=00000201EE4A5000
PATCH 000002018CD1C5D0 __hostThreadStorageSet address=00000201EE4A8000
PATCH 000002018C93BCB8 allocateThreadHeap address=00000201EE4AC000
PATCH 000002018C936A88 classUnitShift address=00000201EE4B0000
PATCH 000002018C93DD98 linkPage address=00000201EE4B1000
PATCH 000002018C9344B0 setCurrentAllocatorThreadHeap address=00000201EE4AB000
PATCH 000002018B696328 allocatorNextKey address=00000201EE4B3000
PATCH 000002018CD1CE08 __hostCurrentThreadId address=00000201EE4AF000
PATCH 000002018B6A0020 acquirePage address=00000201EE4B6000
PATCH 000002018B696E28 setup address=00000201EE4B5000
PATCH 000002018B694A80 osReserve address=00000201EE4B7000
PATCH 000002018B6952B8 allocatorOsCommit address=00000201EE4B2000
PATCH 000002018B6A2100 allocatorAddArena address=00000201EE4B8000
PATCH 000002018C93C4F0 threadHeap address=00000201EE4AD000
PATCH 000002018B6A2938 allocatorCreateSegment address=00000201EE4B9000
PATCH 000002018B6A3170 allocatorAcquireSegment address=00000201EE4BA000
PATCH 000002018C93EE08 acquirePageForClass address=00000201EE4BB000
PATCH 000002018C910020 acquireBlock address=00000201EE4BD000
PATCH 000002018B697660 setupBlockDivision address=00000201EE4B4000
PATCH 000002018B6A41E0 allocatorPageOf address=00000201EE4C0000
PATCH 000002018C93F640 acquireBlockSlow address=00000201EE4BC000
PATCH 000002018C915250 unlinkAllocated address=00000201EE4C3000
PATCH 000002018C918BD8 allocate address=00000201EE4BE000
PATCH 000002018C915A88 quarantine address=00000201EE4C5000
PATCH 000002018C917B68 freeHeaderBlock address=00000201EE4C7000
PATCH 000002018C916AF8 cacheFreedBlock address=00000201EE4C6000
PATCH 000002018B921090 alloc address=00000201EE4BF000
PATCH 000002018C910858 retirePage address=00000201EE4CC000
PATCH 000002018B6986D0 encode address=00000201EE4C9000
PATCH 000002018B69C058 pushRemote address=00000201EE4CE000
PATCH 000002018C93E5D0 unlinkPage address=00000201EE4CB000
PATCH 000002018C919410 reallocate address=00000201EE4CF000
PATCH 000002018C912938 footerMagic address=00000201EE4C1000
PATCH 000002018B9218C8 realloc address=00000201EE4D0000
PATCH 000002018B922100 free address=00000201EE4D1000
PATCH 000002018B69D900 releaseBlock address=00000201EE4CA000
PATCH 000002018B6A39A8 allocatorReleaseSegment address=00000201EE4D3000
PATCH 000002018B69D0C8 holdsFreeBlock address=00000201EE4D6000
PATCH 000002018C91CD98 releaseAll address=00000201EE4D4000
PATCH 000002018CC7F5A0 __tlsGetPtr address=00000201EE4D9000
PATCH 000002018CC31F10 __concreteAlias address=00000201EE4DB000
PATCH 000002018B923170 assertAllocated address=00000201EE4D8000
PATCH 000002018B928DF0 Swag.stringCmp address=00000201EE4DD000
PATCH 000002018CC3DA18 Swag.memcmp address=00000201EE4DC000
PATCH 000002018B6A18C8 isEmpty address=00000201EE4D2000
PATCH 000002018CC337B8 Swag.typeCmp address=00000201EE4DE000
PATCH 000002018B925CA0 __utoa address=00000201EE4E1000
PATCH 000002018CD0D5D0 __printString address=00000201EE4E0000
PATCH 000002018CC32F80 Swag.typeAs address=00000201EE4DF000
PATCH 000002018B926D10 __printU64 address=00000201EE4E2000
PATCH 000002018B925468 __itoa address=00000201EE4E3000
PATCH 000002018B9264D8 __ftoa address=00000201EE4E5000
PATCH 000002018B922938 freeAll address=00000201EE4D5000
PATCH 000002018CD25C20 __peU32 address=00000201EE4E9000
PATCH 000002018CD274C8 __hostReleaseDecodedDebugSection address=00000201EE4EA000
PATCH 000002018CD253E8 __peU16 address=00000201EE4EB000
PATCH 000002018B927D80 __printF64 address=00000201EE4E6000
PATCH 000002018CD26458 __hostDebugSection address=00000201EE4EC000
PATCH 000002018B927548 __printS64 address=00000201EE4E4000
PATCH 000002018CC755B8 __dbgU32 address=00000201EE4EE000
PATCH 000002018CC76628 __dbgStr address=00000201EE4F0000
PATCH 000002018CC75DF0 __dbgFindSection address=00000201EE4EF000
PATCH 000002018CD26C90 __hostDecodeDebugSection address=00000201EE4ED000
PATCH 000002018CC77698 __hasStackTraceSymbols address=00000201EE4F2000
PATCH 000002018CC76E60 __symbolize address=00000201EE4F1000
PATCH 000002018CD24BB0 __hostImageBaseForAddress address=00000201EE4E8000
PATCH 000002018CC77ED0 __logStackTrace address=00000201EE4F3000
PATCH 000002018CD0F6B0 __exitError address=00000201EE4F5000
PATCH 000002018CC7DCF8 __tlsAlloc address=00000201EE4F7000
PATCH 000002018B6B5D48 __run_expr_7 address=00000201EE4F9000
PATCH 000002018C6B57B0 swagLifecycleInitWrapper address=00000201EE4FA000
PATCH 000002018CC36320 Swag.jit address=00000201EE4F8000
PATCH 000002018CC3C9A8 Swag.memcpy address=00000201EE471000
PATCH 000002018CD50790 __bootstrapRoundedSize address=00000201EE469000
PATCH 000002018CD1A4F0 __hostTlsSet address=00000201EE472000
PATCH 000002018CD19CB8 __hostTlsGet address=00000201EE46A000
PATCH 000002018C935A18 classSize address=00000201EE482000
PATCH 000002018CD0DE08 __raiseException666 address=00000201EE479000
PATCH 000002018CC3B100 __memoryCopyForward address=00000201EE470000
PATCH 000002018C9372C0 memAlign address=00000201EE481000
PATCH 000002018C91A480 freeBlock address=00000201EE4CD000
PATCH 000002018C93AC48 osAllocGuarded address=00000201EE484000
PATCH 000002018C936250 sizeClass address=00000201EE47F000
PATCH 000002018C912100 footer address=00000201EE48A000
PATCH 000002018C911090 headerOf address=00000201EE487000
PATCH 000002018C9162C0 popCachedBlock address=00000201EE485000
PATCH 000002018CD24378 __captureStack address=00000201EE48B000
PATCH 000002018CC3C170 Swag.memset address=00000201EE489000
PATCH 000002018B69EC38 pageCommitStart address=00000201EE498000
PATCH 000002018C917330 allocateHeaderBlock address=00000201EE48E000
PATCH 000002018C93CD28 retireThreadHeap address=00000201EE4A1000
PATCH 000002018B6A0858 releasePage address=00000201EE49E000
PATCH 000002018CD1AD28 __hostThreadStorageAlloc address=00000201EE4A3000
PATCH 000002018B69F470 pageCommitEnd address=00000201EE499000
PATCH 000002018CD1B560 __hostThreadStorageFree address=00000201EE4A4000
PATCH 000002018CD1BD98 __hostThreadStorageGet address=00000201EE4A6000
PATCH 000002018C934CE8 currentThreadId address=00000201EE4AA000
PATCH 000002018B69B820 collectRemote address=00000201EE495000
PATCH 000002018CD5AE08 Swag.safetyPanic address=00000201EE4A9000
PATCH 000002018B69C890 acquireBlock address=00000201EE4AE000
PATCH 000002018C9141E0 checkAllocated address=00000201EE4C2000
PATCH 000002018C9139A8 checkFree address=00000201EE4C4000
PATCH 000002018C919C48 checkPageAddress address=00000201EE4C8000
DEFER 000002018CA49740 swagLifecycleInitWrapper shard=8 offset=4432 address=0000000000000000
PATCH 000002018C91ACB8 assertIsAllocated address=00000201EE4D7000
DEFER 000002018C91EE78 opDrop shard=8 offset=4440 address=0000000000000000
DEFER 000002018B6E5CA8 swagLifecycleInitWrapper shard=8 offset=6968 address=0000000000000000
DEFER 000002018C894950 swagLifecycleInitWrapper shard=8 offset=7656 address=0000000000000000
DEFER 000002018C6C80D0 swagLifecycleInitWrapper shard=8 offset=8752 address=0000000000000000
DEFER 000002018C8AD7A8 swagLifecycleInitWrapper shard=8 offset=10496 address=0000000000000000
PATCH 000002018CD5A5D0 Swag.panic address=00000201EE4F6000
DEFER 000002018B938688 swagLifecycleInitWrapper shard=8 offset=11320 address=0000000000000000
PATCH 000002018CD59D98 __printPanicReport address=00000201EE4F4000
DEFER 0000020187832430 swagLifecycleInitWrapper shard=8 offset=12408 address=0000000000000000
DEFER 000002018B6DEA28 swagLifecycleInitWrapper shard=8 offset=13608 address=0000000000000000
DEFER 000002018B93DE20 swagLifecycleInitWrapper shard=8 offset=14216 address=0000000000000000
PATCH 000002018B9285B8 Swag.print address=00000201EE4E7000
PATCH 000002018CC36B58 __runtimeAllocator address=00000201EE4DA000
PATCH 000002018CA47760 __tlsGetValue address=00000201EE55A000
PATCH 000002018D6762C0 __hostPageCommit address=00000201EE55D000
PATCH 000002018B910FC8 __bootstrapAlloc address=00000201EE55F000
PATCH 000002018D607BD8 __hostTlsAlloc address=00000201EE558000
PATCH 000002018CA47F98 __tlsSetValue address=00000201EE563000
PATCH 000002018CA293A0 installed address=00000201EE566000
PATCH 000002018CA28B68 configure address=00000201EE567000
PATCH 000002018D675A88 __hostPageReserve address=00000201EE55C000
PATCH 000002018CA28330 setup address=00000201EE568000
PATCH 000002018CA29BD8 diagnosticMode address=00000201EE56A000
PATCH 000002018B911800 __bootstrapFree address=00000201EE564000
PATCH 000002018D678318 lock address=00000201EE56B000
PATCH 000002018D677330 __hostPageRelease address=00000201EE55E000
PATCH 000002018CA00020 lockDiagnostic address=00000201EE56C000
PATCH 000002018D678B50 unlock address=00000201EE56D000
PATCH 000002018CA00858 unlockDiagnostic address=00000201EE56E000
PATCH 000002018CA039A8 defaultAllocator address=00000201EE565000
PATCH 000002018CA383A0 usesHeaderPath address=00000201EE570000
PATCH 000002018B7331D8 atomicAddU64 address=00000201EE573000
PATCH 000002018CA2A410 osAlloc address=00000201EE575000
PATCH 000002018CA318C8 userAddress address=00000201EE578000
PATCH 000002018CA33170 setFooterMagic address=00000201EE57B000
PATCH 000002018CA32100 footer address=00000201EE57C000
PATCH 000002018D622AD0 __captureStack address=00000201EE57D000
PATCH 000002018B7329A0 atomicGet address=00000201EE580000
PATCH 000002018CA34A18 linkAllocated address=00000201EE57E000
PATCH 000002018CA37330 allocateHeaderBlock address=00000201EE57F000
PATCH 000002018B73A7B0 lockRemote address=00000201EE581000
PATCH 000002018B738F08 decode address=00000201EE583000
PATCH 000002018B737E98 isBlockAddress address=00000201EE584000
PATCH 000002018D658AA8 Swag.memset address=00000201EE579000
PATCH 000002018B704A18 allocatorSegmentOf address=00000201EE587000
PATCH 000002018B73E400 segmentBase address=00000201EE588000
PATCH 000002018B73AFE8 unlockRemote address=00000201EE582000
PATCH 000002018B733A10 atomicSubU64 address=00000201EE58C000
PATCH 000002018B73F470 pageCommitEnd address=00000201EE58A000
PATCH 000002018D676AF8 __hostPageDecommit address=00000201EE58B000
PATCH 000002018B701090 clearPageBit address=00000201EE58E000
PATCH 000002018B735AF0 allocatorOsDecommit address=00000201EE58D000
PATCH 000002018CA2D560 unlinkHeap address=00000201EE590000
PATCH 000002018B73EC38 pageCommitStart address=00000201EE589000
PATCH 000002018CA2B480 osFree address=00000201EE591000
PATCH 000002018CA22C08 retireAllocatorThreadHeap address=00000201EE593000
PATCH 000002018CA2CD28 retireThreadHeap address=00000201EE592000
PATCH 000002018B734248 atomicSubU32 address=00000201EE585000
PATCH 000002018D609480 __hostThreadStorageAlloc address=00000201EE594000
PATCH 000002018CA23440 allocatorThreadHeapFlsId address=00000201EE596000
PATCH 000002018D60A4F0 __hostThreadStorageGet address=00000201EE597000
PATCH 000002018CA23C78 currentAllocatorThreadHeap address=00000201EE598000
PATCH 000002018CA244B0 setCurrentAllocatorThreadHeap address=00000201EE59A000
PATCH 000002018D609CB8 __hostThreadStorageFree address=00000201EE595000
PATCH 000002018B700858 releasePage address=00000201EE58F000
PATCH 000002018CA24CE8 currentThreadId address=00000201EE59C000
PATCH 000002018CA2BCB8 allocateThreadHeap address=00000201EE59D000
PATCH 000002018CA2C4F0 threadHeap address=00000201EE59E000
PATCH 000002018D60AD28 __hostThreadStorageSet address=00000201EE599000
PATCH 000002018CA26A88 classUnitShift address=00000201EE5A0000
PATCH 000002018CA2DD98 linkPage address=00000201EE5A1000
PATCH 000002018B7352B8 allocatorOsCommit address=00000201EE5A2000
PATCH 000002018D60B560 __hostCurrentThreadId address=00000201EE59B000
PATCH 000002018B737660 setupBlockDivision address=00000201EE5A4000
PATCH 000002018B734A80 osReserve address=00000201EE5A7000
PATCH 000002018B736328 allocatorNextKey address=00000201EE5A3000
PATCH 000002018B700020 acquirePage address=00000201EE5A6000
PATCH 000002018B702100 allocatorAddArena address=00000201EE5A8000
PATCH 000002018B702938 allocatorCreateSegment address=00000201EE5A9000
PATCH 000002018B736E28 setup address=00000201EE5A5000
PATCH 000002018CA30020 acquireBlock address=00000201EE5AD000
PATCH 000002018CA38BD8 allocate address=00000201EE5AE000
PATCH 000002018B703170 allocatorAcquireSegment address=00000201EE5AA000
PATCH 000002018CA01090 alloc address=00000201EE5AF000
PATCH 000002018B7041E0 allocatorPageOf address=00000201EE5B0000
PATCH 000002018CA2F640 acquireBlockSlow address=00000201EE5AC000
PATCH 000002018CA35250 unlinkAllocated address=00000201EE5B3000
PATCH 000002018CA35A88 quarantine address=00000201EE5B5000
PATCH 000002018CA32938 footerMagic address=00000201EE5B1000
PATCH 000002018CA37B68 freeHeaderBlock address=00000201EE5B7000
PATCH 000002018B73D900 releaseBlock address=00000201EE5BA000
PATCH 000002018CA2EE08 acquirePageForClass address=00000201EE5AB000
PATCH 000002018CA2E5D0 unlinkPage address=00000201EE5BB000
PATCH 000002018CA30858 retirePage address=00000201EE5BC000
PATCH 000002018B7386D0 encode address=00000201EE5B9000
PATCH 000002018CA02100 free address=00000201EE5C1000
PATCH 000002018CA018C8 realloc address=00000201EE5C0000
PATCH 000002018B7018C8 isEmpty address=00000201EE5C2000
PATCH 000002018CA39410 reallocate address=00000201EE5BF000
PATCH 000002018B7039A8 allocatorReleaseSegment address=00000201EE5C3000
PATCH 000002018CA02938 freeAll address=00000201EE5C5000
PATCH 000002018CA3CD98 releaseAll address=00000201EE5C4000
PATCH 000002018B73C058 pushRemote address=00000201EE5BD000
PATCH 000002018B73D0C8 holdsFreeBlock address=00000201EE5C6000
PATCH 000002018CA487D0 __tlsGetPtr address=00000201EE5CA000
PATCH 000002018CA03170 assertAllocated address=00000201EE5C8000
PATCH 000002018CA08DF0 Swag.stringCmp address=00000201EE5CD000
PATCH 000002018CA36AF8 cacheFreedBlock address=00000201EE5B6000
PATCH 000002018C563CA0 Swag.typeCmp address=00000201EE5CE000
PATCH 000002018C563468 Swag.typeAs address=00000201EE5CF000
PATCH 000002018D65A350 Swag.memcmp address=00000201EE5CC000
PATCH 000002018C5623F8 __concreteAlias address=00000201EE5CB000
PATCH 000002018CA07548 __printS64 address=00000201EE5D4000
PATCH 000002018CA05468 __itoa address=00000201EE5D3000
PATCH 000002018D66BD28 __printString address=00000201EE5D0000
PATCH 000002018CA064D8 __ftoa address=00000201EE5D5000
PATCH 000002018CA07D80 __printF64 address=00000201EE5D6000
PATCH 000002018CA06D10 __printU64 address=00000201EE5D2000
PATCH 000002018CA05CA0 __utoa address=00000201EE5D1000
PATCH 000002018D625C20 __hostReleaseDecodedDebugSection address=00000201EE5D8000
PATCH 000002018D624378 __peU32 address=00000201EE5D9000
PATCH 000002018D624BB0 __hostDebugSection address=00000201EE5DC000
PATCH 000002018D623308 __hostImageBaseForAddress address=00000201EE5DA000
PATCH 000002018C578E30 __dbgU32 address=00000201EE5DE000
PATCH 000002018D623B40 __peU16 address=00000201EE5DB000
PATCH 000002018D6253E8 __hostDecodeDebugSection address=00000201EE5DD000
PATCH 000002018C579668 __dbgFindSection address=00000201EE5DF000
PATCH 000002018C579EA0 __dbgStr address=00000201EE5E0000
PATCH 000002018C57A6D8 __symbolize address=00000201EE5E1000
PATCH 000002018C57AF10 __hasStackTraceSymbols address=00000201EE5E2000
PATCH 000002018C57B748 __logStackTrace address=00000201EE5E3000
PATCH 000002018CA46F28 __tlsAlloc address=00000201EE5E7000
PATCH 000002018D66DE08 __exitError address=00000201EE5E5000
PATCH 000002018B90E5E0 swagLifecycleInitWrapper address=00000201EE5EA000
PATCH 000002018C566808 Swag.jit address=00000201EE5E8000
PATCH 000002018C5561B8 __run_expr_1 address=00000201EE5E9000
PATCH 000002018B919D98 __printPanicReport address=00000201EE5E4000
PATCH 000002018B910790 __bootstrapRoundedSize address=00000201EE55B000
PATCH 000002018D608410 __hostTlsGet address=00000201EE559000
PATCH 000002018D657A38 __memoryCopyForward address=00000201EE560000
PATCH 000002018D608C48 __hostTlsSet address=00000201EE562000
PATCH 000002018D6592E0 Swag.memcpy address=00000201EE561000
PATCH 000002018CA26250 sizeClass address=00000201EE56F000
PATCH 000002018CA272C0 memAlign address=00000201EE571000
PATCH 000002018CA25A18 classSize address=00000201EE572000
PATCH 000002018CA2AC48 osAllocGuarded address=00000201EE574000
PATCH 000002018CA31090 headerOf address=00000201EE577000
PATCH 000002018B91AE08 Swag.safetyPanic address=00000201EE57A000
PATCH 000002018D66C560 __raiseException666 address=00000201EE569000
PATCH 000002018B73B820 collectRemote address=00000201EE586000
PATCH 000002018CA362C0 popCachedBlock address=00000201EE576000
PATCH 000002018B73C890 acquireBlock address=00000201EE59F000
PATCH 000002018CA341E0 checkAllocated address=00000201EE5B2000
PATCH 000002018CA339A8 checkFree address=00000201EE5B4000
PATCH 000002018CA39C48 checkPageAddress address=00000201EE5B8000
PATCH 000002018CA3A480 freeBlock address=00000201EE5BE000
DEFER 000002018D2EB728 swagLifecycleInitWrapper shard=0 offset=4664 address=0000000000000000
PATCH 000002018CA3ACB8 assertIsAllocated address=00000201EE5C7000
DEFER 000002018CA3EE78 opDrop shard=0 offset=4672 address=0000000000000000
DEFER 000002018B770020 swagLifecycleInitWrapper shard=0 offset=7184 address=0000000000000000
DEFER 000002018B9618E8 swagLifecycleInitWrapper shard=0 offset=7872 address=0000000000000000
DEFER 000002018B960DE8 swagLifecycleInitWrapper shard=0 offset=8968 address=0000000000000000
PATCH 000002018B91A5D0 Swag.panic address=00000201EE5E6000
DEFER 000002018CD70FC8 swagLifecycleInitWrapper shard=0 offset=10712 address=0000000000000000
DEFER 000002018CA4A010 swagLifecycleInitWrapper shard=0 offset=11536 address=0000000000000000
DEFER 000002018B9208A8 swagLifecycleInitWrapper shard=0 offset=12624 address=0000000000000000
DEFER 000002018C48F5E8 swagLifecycleInitWrapper shard=0 offset=13824 address=0000000000000000
DEFER 000002018CA12DF8 swagLifecycleInitWrapper shard=0 offset=14432 address=0000000000000000
PATCH 000002018C567040 __runtimeAllocator address=00000201EE5C9000
PATCH 000002018CA085B8 Swag.print address=00000201EE5D7000
PATCH 000002018CEA7330 __hostPageReserve address=00000201EE651000
PATCH 000002018CE89480 __hostTlsAlloc address=00000201EE650000
PATCH 000002018CEB0FC8 __bootstrapAlloc address=00000201EE657000
PATCH 000002018BB3EDF0 __tlsSetValue address=00000201EE65B000
PATCH 000002018CEB1800 __bootstrapFree address=00000201EE65C000
PATCH 000002018D9A93A0 installed address=00000201EE65D000
PATCH 000002018D9839A8 defaultAllocator address=00000201EE65E000
PATCH 000002018D9A8B68 configure address=00000201EE65F000
PATCH 000002018D9A8330 setup address=00000201EE660000
PATCH 000002018D9A9BD8 diagnosticMode address=00000201EE662000
PATCH 000002018CEA7B68 __hostPageCommit address=00000201EE654000
PATCH 000002018CEA9BC0 lock address=00000201EE663000
PATCH 000002018CEAA3F8 unlock address=00000201EE665000
PATCH 000002018D980858 unlockDiagnostic address=00000201EE666000
PATCH 000002018CEA8BD8 __hostPageRelease address=00000201EE655000
PATCH 000002018D9D83A0 usesHeaderPath address=00000201EE668000
PATCH 000002018BB3E5B8 __tlsGetValue address=00000201EE653000
PATCH 000002018ABA31D8 atomicAddU64 address=00000201EE66B000
PATCH 000002018D980020 lockDiagnostic address=00000201EE664000
PATCH 000002018D9D18C8 userAddress address=00000201EE66F000
PATCH 000002018D9AA410 osAlloc address=00000201EE66E000
PATCH 000002018D9D4A18 linkAllocated address=00000201EE673000
PATCH 000002018ABAA9F0 lockRemote address=00000201EE676000
PATCH 000002018ABA29A0 atomicGet address=00000201EE675000
PATCH 000002018ABA9148 decode address=00000201EE679000
PATCH 000002018ABAB228 unlockRemote address=00000201EE678000
PATCH 000002018ABA4248 atomicSubU32 address=00000201EE67C000
PATCH 000002018D9D3170 setFooterMagic address=00000201EE677000
PATCH 000002018ABB4A18 allocatorSegmentOf address=00000201EE67E000
PATCH 000002018ABAE640 segmentBase address=00000201EE67F000
PATCH 000002018CEA83A0 __hostPageDecommit address=00000201EE682000
PATCH 000002018ABA3A10 atomicSubU64 address=00000201EE683000
PATCH 000002018ABA5D30 allocatorOsDecommit address=00000201EE684000
PATCH 000002018ABB1090 clearPageBit address=00000201EE685000
PATCH 000002018ABA80D8 isBlockAddress address=00000201EE67B000
PATCH 000002018D9AB480 osFree address=00000201EE689000
PATCH 000002018D9A3C78 currentAllocatorThreadHeap address=00000201EE68F000
PATCH 000002018D9A2C08 retireAllocatorThreadHeap address=00000201EE68A000
PATCH 000002018CE8CE08 __hostCurrentThreadId address=00000201EE692000
PATCH 000002018D9A44B0 setCurrentAllocatorThreadHeap address=00000201EE691000
PATCH 000002018D9A4CE8 currentThreadId address=00000201EE693000
PATCH 000002018D9AC4F0 threadHeap address=00000201EE695000
PATCH 000002018D9A3440 allocatorThreadHeapFlsId address=00000201EE68D000
PATCH 000002018D9A6A88 classUnitShift address=00000201EE697000
PATCH 000002018D9ABCB8 allocateThreadHeap address=00000201EE694000
PATCH 000002018ABA4A80 osReserve address=00000201EE69E000
PATCH 000002018ABA52B8 allocatorOsCommit address=00000201EE699000
PATCH 000002018D9AD560 unlinkHeap address=00000201EE687000
PATCH 000002018D9D5250 unlinkAllocated address=00000201EE6AA000
PATCH 000002018ABA6568 allocatorNextKey address=00000201EE69A000
PATCH 000002018D9D7B68 freeHeaderBlock address=00000201EE6AE000
PATCH 000002018ABB3170 allocatorAcquireSegment address=00000201EE6A2000
PATCH 000002018ABAC298 pushRemote address=00000201EE6B3000
PATCH 000002018D981090 alloc address=00000201EE6A6000
PATCH 000002018ABB18C8 isEmpty address=00000201EE6B9000
PATCH 000002018D982100 free address=00000201EE6B8000
PATCH 000002018D9D2938 footerMagic address=00000201EE6A8000
PATCH 000002018ABAD308 holdsFreeBlock address=00000201EE6BD000
PATCH 000002018ABB39A8 allocatorReleaseSegment address=00000201EE6BA000
PATCH 000002018D9818C8 realloc address=00000201EE6B7000
PATCH 000002018BB21790 __concreteAlias address=00000201EE6C2000
PATCH 000002018ABA8910 encode address=00000201EE6B4000
PATCH 000002018ABB8DF0 Swag.stringCmp address=00000201EE6C4000
PATCH 000002018BB22800 Swag.typeAs address=00000201EE6C6000
PATCH 000002018ABB5CA0 __utoa address=00000201EE6C8000
PATCH 000002018ABB6D10 __printU64 address=00000201EE6C9000
PATCH 000002018D982938 freeAll address=00000201EE6BC000
PATCH 000002018ABB5468 __itoa address=00000201EE6CA000
PATCH 000002018D983170 assertAllocated address=00000201EE6BF000
PATCH 000002018ABB7548 __printS64 address=00000201EE6CB000
PATCH 000002018ABB7D80 __printF64 address=00000201EE6CD000
PATCH 000002018CED4BB0 __hostImageBaseForAddress address=00000201EE6CF000
PATCH 000002018ABB64D8 __ftoa address=00000201EE6CC000
PATCH 000002018BB3F628 __tlsGetPtr address=00000201EE6C1000
PATCH 000002018CED6C90 __hostDecodeDebugSection address=00000201EE6D4000
PATCH 000002018BB35640 __dbgU32 address=00000201EE6D5000
PATCH 000002018CED53E8 __peU16 address=00000201EE6D2000
PATCH 000002018BB37720 __hasStackTraceSymbols address=00000201EE6D9000
PATCH 000002018CED74C8 __hostReleaseDecodedDebugSection address=00000201EE6D0000
PATCH 000002018BB3DD80 __tlsAlloc address=00000201EE6DE000
PATCH 000002018CE9F6B0 __exitError address=00000201EE6DC000
PATCH 000002018BB35E78 __dbgFindSection address=00000201EE6D6000
PATCH 000002018BB25BA0 Swag.jit address=00000201EE6E0000
PATCH 000002018D9C0870 swagLifecycleInitWrapper address=00000201EE6E2000
PATCH 000002018CED5C20 __peU32 address=00000201EE6D1000
PATCH 000002018D6D6548 __run_expr_1 address=00000201EE6E1000
PATCH 000002018D9D1090 headerOf address=00000201EE670000
PATCH 000002018CE89CB8 __hostTlsGet address=00000201EE652000
PATCH 000002018CEB0790 __bootstrapRoundedSize address=00000201EE656000
PATCH 000002018BB2C228 Swag.memcpy address=00000201EE659000
PATCH 000002018D9A6250 sizeClass address=00000201EE667000
PATCH 000002018ABB0858 releasePage address=00000201EE686000
PATCH 000002018CE8A4F0 __hostTlsSet address=00000201EE65A000
PATCH 000002018BB2A980 __memoryCopyForward address=00000201EE658000
PATCH 000002018D9A5A18 classSize address=00000201EE66A000
PATCH 000002018ABAF6B0 pageCommitEnd address=00000201EE681000
PATCH 000002018CE9DE08 __raiseException666 address=00000201EE661000
PATCH 000002018D9D62C0 popCachedBlock address=00000201EE66C000
PATCH 000002018D9AAC48 osAllocGuarded address=00000201EE66D000
PATCH 000002018D9D2100 footer address=00000201EE671000
PATCH 000002018D9A72C0 memAlign address=00000201EE669000
PATCH 000002018ABB2938 allocatorCreateSegment address=00000201EE6A0000
PATCH 000002018ABADB40 releaseBlock address=00000201EE6B0000
PATCH 000002018CED4378 __captureStack address=00000201EE672000
PATCH 000002018ABABA60 collectRemote address=00000201EE67D000
PATCH 000002018D9D7330 allocateHeaderBlock address=00000201EE674000
PATCH 000002018BB2B9F0 Swag.memset address=00000201EE67A000
PATCH 000002018D9ACD28 retireThreadHeap address=00000201EE688000
PATCH 000002018D9D0020 acquireBlock address=00000201EE6A4000
PATCH 000002018CE8B560 __hostThreadStorageFree address=00000201EE68C000
PATCH 000002018CE8AD28 __hostThreadStorageAlloc address=00000201EE68B000
PATCH 000002018CE8C5D0 __hostThreadStorageSet address=00000201EE690000
PATCH 000002018ABAEE78 pageCommitStart address=00000201EE680000
PATCH 000002018CEBAE08 Swag.safetyPanic address=00000201EE6DF000
PATCH 000002018ABACAD0 acquireBlock address=00000201EE696000
PATCH 000002018D9ADD98 linkPage address=00000201EE698000
PATCH 000002018ABA78A0 setupBlockDivision address=00000201EE69B000
PATCH 000002018CE8BD98 __hostThreadStorageGet address=00000201EE68E000
PATCH 000002018ABA7068 setup address=00000201EE69C000
PATCH 000002018ABB0020 acquirePage address=00000201EE69D000
PATCH 000002018ABB2100 allocatorAddArena address=00000201EE69F000
PATCH 000002018D9AEE08 acquirePageForClass address=00000201EE6A1000
PATCH 000002018D9AF640 acquireBlockSlow address=00000201EE6A3000
PATCH 000002018D9D8BD8 allocate address=00000201EE6A5000
PATCH 000002018ABB41E0 allocatorPageOf address=00000201EE6A7000
PATCH 000002018D9D41E0 checkAllocated address=00000201EE6A9000
PATCH 000002018D9D39A8 checkFree address=00000201EE6AB000
PATCH 000002018D9D5A88 quarantine address=00000201EE6AC000
PATCH 000002018D9D9C48 checkPageAddress address=00000201EE6AF000
PATCH 000002018D9D6AF8 cacheFreedBlock address=00000201EE6AD000
PATCH 000002018D9AE5D0 unlinkPage address=00000201EE6B1000
PATCH 000002018D9DA480 freeBlock address=00000201EE6B5000
PATCH 000002018D9D9410 reallocate address=00000201EE6B6000
PATCH 000002018D9D0858 retirePage address=00000201EE6B2000
PATCH 000002018D9DCD98 releaseAll address=00000201EE6BB000
PATCH 000002018D9DACB8 assertIsAllocated address=00000201EE6BE000
DEFER 000002018CC95588 swagLifecycleInitWrapper shard=0 offset=4472 address=0000000000000000
PATCH 000002018BB23038 Swag.typeCmp address=00000201EE6C5000
DEFER 000002018D9DEE78 opDrop shard=0 offset=4480 address=0000000000000000
DEFER 000002018D242528 swagLifecycleInitWrapper shard=0 offset=6992 address=0000000000000000
DEFER 000002018D088520 swagLifecycleInitWrapper shard=0 offset=7680 address=0000000000000000
PATCH 000002018BB2D298 Swag.memcmp address=00000201EE6C3000
DEFER 000002018CCF8A30 swagLifecycleInitWrapper shard=0 offset=8776 address=0000000000000000
PATCH 000002018CED6458 __hostDebugSection address=00000201EE6D3000
PATCH 000002018CE9D5D0 __printString address=00000201EE6C7000
PATCH 000002018BB366B0 __dbgStr address=00000201EE6D7000
DEFER 000002018CCF7F30 swagLifecycleInitWrapper shard=0 offset=10520 address=0000000000000000
DEFER 000002018ABCCB18 swagLifecycleInitWrapper shard=0 offset=11344 address=0000000000000000
PATCH 000002018BB36EE8 __symbolize address=00000201EE6D8000
DEFER 000002018BB41738 swagLifecycleInitWrapper shard=0 offset=12616 address=0000000000000000
PATCH 000002018BB37F58 __logStackTrace address=00000201EE6DA000
DEFER 000002018CBB5CD8 swagLifecycleInitWrapper shard=0 offset=13816 address=0000000000000000
PATCH 000002018CEBA5D0 Swag.panic address=00000201EE6DD000
DEFER 000002018D998A78 swagLifecycleInitWrapper shard=0 offset=14424 address=0000000000000000
PATCH 000002018CEB9D98 __printPanicReport address=00000201EE6DB000
PATCH 000002018BB263D8 __runtimeAllocator address=00000201EE6C0000
PATCH 000002018ABB85B8 Swag.print address=00000201EE6CE000
epsCompositeKeysAcrossFiles  ok (134 us)
  Test-Compiler_AstVisitKeepsDepthFirstOrderWithPendingSiblings  ok (191 us)
  Test-Compiler_AutoInlineBlockedCallsUseDirectEdgesAndOriginalNameScopes  ok (1 ms)
  Test-SymbolMap_ConcurrentShardsPreserveCountAndTraversal  fail (75 ms)
  Test-Compiler_SilentJobFailureAfterMainDeclarationFailsTheDriver  fail (394 ms)
  Test-Compiler_ExpectedSourceDiagnosticDoesNotBecomeSilentJobFailure  ok (368 ms)
  Test-Compiler_MessagePassSkipsWithoutListeners  ok (851 us)
  Test-Compiler_MessagePassQueuesOnlyOncePerListener  ok (875 us)
  Test-Compiler_MessageAliasPayloadUsesUnderlyingType  ok (8 us)
  Test-Compiler_DiagnosticWarningSeverityColorIsMagenta  ok (0 us)
  Test-Compiler_DiagnosticCatalogFollowsSwagMessageStyle  ok (731 us)
  Test-Compiler_AssertDiagnosticPreservesLiteralSuffixQuotes  ok (45 us)
  Test-Compiler_DiagnosticEscapesQuotedArgumentTicks  ok (26 us)
  Test-Compiler_DiagnosticArgumentCountDoesNotRepeatUnit  ok (179 us)
  Test-Compiler_DiagnosticRemovesUnexpandedWordPlaceholders  ok (25 us)
  Test-Compiler_NativeExitCodeDiagnosticShowsDecimalAndHex  ok (23 us)
  Test-Compiler_DiagnosticEscapesQuotedArgumentWithoutBreakingHelpSplit  ok (25 us)
  Test-NodePayload_ConcurrentUpdatesPreserveDisjointState  ok (31 ms)
  Test-NodePayload_MutableAndConstSymbolListsPreserveFlagsAndOrder  ok (115 us)
  Test-Compiler_CommandLineTagsReachSema  ok (367 ms)
  Test-Compiler_InternalTagPrecedesUserOverride  ok (400 ms)
  Test-Compiler_TestCommandEnablesSourceDrivenModeWhenParsed  ok (186 us)
  Test-Compiler_DebugOptionEnablesDebugInformation  ok (181 us)
  Test-Compiler_ReleaseBuildDoesNotEnableDebugInformation  ok (108 us)
  Test-Compiler_TestCommandRegistersSwagTestCompilerTag  ok (441 ms)
  Test-Compiler_UnittestCommandKeepsSourceDrivenModeDisabledWhenParsed  ok (139 us)
  Test-Compiler_RunCommandParsesRunArgs  ok (93 us)
  Test-Compiler_TestCommandForcesSwagTestRunArg  ok (79 us)
  Test-Compiler_TestCommandDoesNotDuplicateSwagTestRunArg  ok (4 us)
  Test-Compiler_TestCommandKeepsExplicitSandboxRoot  ok (5 us)
  Test-Compiler_TestCommandGrantsTheModuleAsCorpus  ok (19 us)
  Test-Compiler_TestCommandGrantsTheWorkspaceWithoutAModule  ok (7 us)
  Test-Compiler_SmokeCommandGrantsNoCorpus  ok (5 us)
  Test-DebugInfo_EmitsWindowsSymbolAndTypeRecords  ok (102 us)
  Test-DebugInfo_PdbInfoEmitsWindowsBuildInfo  ok (45 us)
  Test-DebugInfo_EmitsWindowsVariableAndConstantRecords  ok (85 us)
  Test-DebugInfo_UsesPerVariableBaseRegistersForRegRelativeSymbols  ok (118 us)
  Test-DebugInfo_CollapsesConsecutiveSameLineEntries  ok (146 us)
  Test-DebugInfo_SkipsNoStepLineEntries  ok (95 us)
  Test-DebugInfo_FirstLineCoversEntry  ok (84 us)
  Test-DebugInfo_ResolvesNoStepBackendSourceInfo  ok (24 us)
  Test-DebugInfo_UsesOwnerSourceFileForGeneratedViews  ok (110 us)
  Test-DebugInfo_UsesDebugSourceCodeRefForGeneratedViewLines  ok (459 us)
  Test-DebugInfo_CompilerTestFunctionsPreserveStackDebugMetadata  ok (642 ms)
  Test-DebugInfo_RuntimeStorageLocalsStayOutOfCodeView  ok (634 ms)
  Test-DebugInfo_CompilerPrivateGlobalsReachCodeViewDataSymbols  ok (598 ms)
  Test-DebugInfo_EmitsWindowsSourceChecksums  ok (218 us)
  Test-EncodeX64_Flow         ok (1 ms)
  Test-EncodeX64_Load         ok (2 ms)
  Test-EncodeX64_CmpAndCond   ok (628 us)
  Test-EncodeX64_VecPackedOps  ok (3 ms)
  Test-EncodeX64_LegalizeLargeCmpRegImmPreservesLhs  ok (106 us)
  Test-EncodeX64_UnaryOps     ok (179 us)
  Test-EncodeX64_BinaryRegRegOps  ok (3 ms)
  Test-EncodeX64_BinaryRegMemOps  ok (162 us)
  Test-EncodeX64_BinaryMemRegOps  ok (323 us)
  Test-EncodeX64_BinaryImmOps  ok (1 ms)
  Test-EncodeX64_TernaryAndConvert  ok (338 us)
  Test-EncodeX64_UnwindFromMicro  ok (68 us)
  Test-EncodeX64_UnwindFramePointerSetupAfterStackShape  ok (50 us)
  Test-EncodeX64_UnwindStopsBeforeStackStoreBody  ok (49 us)
  Test-EncodeX64_UnwindUpdatesFramePointerWhenAssignedTwice  ok (46 us)
  Test-EncodeX64_UnwindLocalStackBaseIsNotAFrameRegister  ok (197 us)
  Test-EncodeX64_UnwindStopsAfterBodyStart  ok (36 us)
  Test-FormatAlign_ConsecutiveAssignments  ok (474 us)
  Test-FormatAlign_ConsecutiveAliases  ok (278 us)
  Test-FormatAlign_AliasesAcrossAttributesAndBlankLines  ok (263 us)
  Test-FormatAlign_AssignmentsBreakOnIndentation  ok (348 us)
  Test-FormatAlign_AssignmentsBreakOnBlankLine  ok (255 us)
  Test-FormatAlign_AssignmentsAcrossBlanks  ok (231 us)
  Test-FormatAlign_ConsecutiveDeclarations  ok (227 us)
  Test-FormatAlign_ControlDeclarationsBreakDeclarationGroups  ok (315 us)
  Test-FormatAlign_ConsecutiveConstants  ok (201 us)
  Test-FormatAlign_StructFields  ok (218 us)
  Test-FormatAlign_EnumValues  ok (205 us)
  Test-FormatAlign_NoneRemovesAlignment  ok (175 us)
  Test-FormatAlign_TrailingComments  ok (221 us)
  Test-FormatAlign_TrailingCommentsBreakOnIndentation  ok (267 us)
  Test-FormatAlign_TrailingCommentsNormalized  ok (213 us)
  Test-FormatAlign_FatArrowsConsecutive  ok (249 us)
  Test-FormatAlign_FatArrowsBreakOnPlainFunction  ok (436 us)
  Test-FormatAlign_SingletonTightensStalePadding  ok (525 us)
  Test-FormatAlign_StructFieldsWithTypeQualifiers  ok (536 us)
  Test-FormatAlign_StructFieldGridMixed  ok (604 us)
  Test-FormatAlign_StructFieldGridOffKeepsSingleColumn  ok (335 us)
  Test-FormatAlign_DeclarationGridInitializers  ok (298 us)
  Test-FormatAlign_ConstantGridTypes  ok (244 us)
  Test-FormatAlign_QualifiedConstantGridTypes  ok (250 us)
  Test-FormatAlign_QualifiedDeclarationPrefixes  ok (476 us)
  Test-FormatAlign_CaseBodiesConsecutive  ok (337 us)
  Test-FormatAlign_ArrayColumns  ok (246 us)
  Test-FormatAlign_ArrayColumnsSkipsRaggedRows  ok (202 us)
  Test-FormatAlign_HangingLineFollowsAlignedAnchor  ok (298 us)
  Test-FormatAlign_AfterOpenBracketUsesLiteralBrace  ok (276 us)
  Test-FormatAlign_AfterOpenBracketKeepsDataTableRows  ok (218 us)
  Test-FormatAlign_OperandsInsideBracketAnchorOnBracket  ok (277 us)
  Test-FormatAlign_OperandsOutsideBracketAnchorOnStatement  ok (253 us)
  Test-FormatAlign_OutlierGapLeavesLongLineAlone  ok (517 us)
  Test-FormatAlign_OutlierGapKeepsGradedTable  ok (531 us)
  Test-FormatAlign_OutlierGapDropsBothEnds  ok (443 us)
  Test-FormatAlign_AcrossBlanksReadsTheCappedBlankCount  ok (501 us)
  Test-FormatAlign_AccessModifierLineDoesNotBreakTheGroup  ok (304 us)
  Test-FormatAlign_WrappedArgumentsFollowTheAlignedHead  ok (399 us)
  Test-FormatAttributes_OwnLine  ok (233 us)
  Test-FormatAttributes_Inline  ok (203 us)
  Test-FormatAttributes_BreakAfterAttribute  ok (212 us)
  Test-FormatAttributes_Grouped  ok (16 ms)
  Test-FormatAttributes_SortArguments  ok (959 us)
  Test-FormatAttributes_SortArgumentsWithDifferentPieceCounts  ok (514 us)
  Test-FormatAttributes_SpaceAfterAttributeComma  ok (409 us)
  Test-FormatBlanks_MaxConsecutiveEmptyLinesUnlimited  ok (425 us)
  Test-FormatBlanks_MaxConsecutiveEmptyLinesCollapses  ok (396 us)
  Test-FormatBlanks_MaxConsecutiveEmptyLinesOne  ok (416 us)
  Test-FormatBlanks_AfterOpeningBraceNever  ok (359 us)
  Test-FormatBlanks_AfterOpeningBracePreserve  ok (360 us)
  Test-FormatBlanks_AfterOpeningBraceAlways  ok (346 us)
  Test-FormatBlanks_BeforeClosingBraceNever  ok (337 us)
  Test-FormatBlanks_BeforeClosingBracePreserve  ok (624 us)
  Test-FormatBlanks_BeforeClosingBraceAlways  ok (383 us)
  Test-FormatBlanks_AroundAccessBlocksAlways  ok (467 us)
  Test-FormatBlanks_AroundAccessBlocksNever  ok (369 us)
  Test-FormatBlanks_AroundAccessBlocksPreserve  ok (417 us)
  Test-FormatBlanks_TrimTrailingNewlinesCollapsesToOne  ok (334 us)
  Test-FormatBlanks_TrimTrailingNewlinesDisabled  ok (296 us)
  Test-FormatBlanks_CombinedBlockEdges  ok (329 us)
  Test-FormatBlanks_BeforeFunctionAlways  ok (363 us)
  Test-FormatBlanks_BeforeFunctionKeepsDocCommentAttached  ok (607 us)
  Test-FormatBlanks_BeforeFunctionKeepsShortFormsStacked  ok (642 us)
  Test-FormatBlanks_BeforeTypeAlways  ok (363 us)
  Test-FormatBlanks_BeforeCommentBlockAlways  ok (375 us)
  Test-FormatBlanks_BeforeCommentBlockKeepsBlockStartAndRuns  ok (410 us)
  Test-FormatBlanks_BeforeCommentBlockKeepsInlineBodyStart  ok (428 us)
  Test-FormatBlanks_AfterGlobalBlockInsertsBlank  ok (299 us)
  Test-FormatBlanks_AfterGlobalThenUsingBlocks  ok (326 us)
  Test-FormatBlanks_BetweenCasesMultiLine  ok (702 us)
  Test-FormatBlanks_BetweenCasesNeverRemovesBlanks  ok (805 us)
  Test-FormatBlanks_AfterStandaloneClosingBraceAlways  ok (455 us)
  Test-FormatBlanks_AfterStandaloneClosingBraceNever  ok (726 us)
  Test-FormatBlanks_AfterStandaloneClosingBracePreserve  ok (432 us)
  Test-FormatBlanks_AfterStandaloneClosingBraceKeepsElseAttached  ok (491 us)
  Test-FormatBraces_AllmanMovesBraceToOwnLine  ok (346 us)
  Test-FormatStatements_OneStatementPerLine  ok (472 us)
  Test-FormatStatements_UsingFieldPrefixStaysTogether  ok (435 us)
  Test-FormatStatements_OneEnumValuePerLine  ok (373 us)
  Test-FormatBraces_ShortInlineDoBodiesSplit  ok (487 us)
  Test-FormatBraces_DestructuringPatternsStayInlineAndIndentAsStatements  ok (709 us)
  Test-FormatBraces_AttachJoinsBrace  ok (377 us)
  Test-FormatBraces_AllmanOnControlBlocks  ok (390 us)
  Test-FormatBraces_BreakBeforeElse  ok (457 us)
  Test-FormatBraces_JoinElseToBrace  ok (391 us)
  Test-FormatBraces_CompactEmptyBraces  ok (300 us)
  Test-FormatBraces_ShortFunctionsNeverSplits  ok (373 us)
  Test-FormatBraces_ShortFunctionsNeverKeepsEmpty  ok (295 us)
  Test-FormatBraces_SourceSelectsDefinitionLayout  ok (912 us)
  Test-FormatBraces_ShortBlocksInlineJoins  ok (353 us)
  Test-FormatBraces_ShortIfNeverSplits  ok (292 us)
  Test-FormatBraces_ShortLoopsJoin  ok (423 us)
  Test-FormatBraces_ShortEnumsSplit  ok (275 us)
  Test-FormatBraces_ShortCaseSplits  ok (360 us)
  Test-FormatBraces_ShortCaseJoins  ok (286 us)
  Test-FormatBraces_CaseUniformJoinsJumpTable  ok (356 us)
  Test-FormatBraces_CaseUniformExpandsMixedSwitch  ok (390 us)
  Test-FormatBraces_StaticIfChainAlignsAndBreaks  ok (351 us)
  Test-FormatBraces_StaticControl  ok (436 us)
  Test-FormatBraces_StaticIfSingleLineChainStaysInline  ok (294 us)
  Test-FormatBraces_MultiLineBlockContentLeavesBraceLines  ok (379 us)
  Test-FormatBraces_AllmanOnStaticIfBlocks  ok (236 us)
  Test-FormatBraces_ShortStructsKeepTupleTypes  ok (326 us)
  Test-FormatBraces_ShortStructsStillSplitDeclarations  ok (227 us)
  Test-FormatBraces_ShortFunctionsKeepClosureArguments  ok (397 us)
  Test-FormatBraces_ShortBlocksKeepInitializerLiterals  ok (403 us)
  Test-FormatBraces_ShortFunctionsInlineKeepsClosureBodies  ok (324 us)
  Test-FormatStatements_RemoveRedundantSemicolons  ok (316 us)
  Test-FormatStatements_RemoveConditionParentheses  ok (283 us)
  Test-FormatBraces_BreakBeforeWhere  ok (273 us)
  Test-FormatBraces_ShortClosuresNeverSplits  ok (363 us)
  Test-FormatBraces_UniformKeepsArmsWhoseCallIsWrapped  ok (426 us)
  Test-FormatBraces_UniformExpandsWhenAnArmCarriesABlock  ok (394 us)
  Test-FormatBraces_SemicolonPushedToEndOfLineByWrappingIsRemoved  ok (574 us)
  Test-FormatBraces_AnonymousStructTypeKeepsItsShape  ok (598 us)
  Test-FormatComments_SpaceAfterLineCommentPrefix  ok (335 us)
  Test-FormatComments_NormalizeSectionSeparators  ok (288 us)
  Test-FormatComments_ReflowParagraph  ok (441 us)
  Test-FormatComments_ReflowJoinsShortLines  ok (202 us)
  Test-FormatComments_NormalizeMode  ok (174 us)
  Test-FormatComments_LastInBlockKeepsBlockIndent  ok (255 us)
  Test-FormatComments_LastInNestedBlockKeepsBlockIndent  ok (290 us)
  Test-FormatComments_LastInSwitchKeepsArmIndent  ok (312 us)
  Test-FormatComments_BeforeCaseLabelKeepsLabelIndent  ok (343 us)
  Test-FormatComments_InsideABracketSettleInOnePass  ok (434 us)
  Test-FormatFile_InlineBodyOwnsNestedBraceIndent  ok (372 us)
  Test-FormatFile_InlineIfBranchStopsBeforeElse  ok (478 us)
  Test-FormatFile_CatchHandlerAlignsAndIndents  ok (309 us)
  Test-FormatFile_InlineDestructuringIsNotABlock  ok (532 us)
  Test-FormatFile_InsertFinalNewline  ok (186 us)
  Test-FormatFile_TrimLeadingBlankLines  ok (164 us)
  Test-FormatFile_TrimLeadingBlankLinesDisabled  ok (157 us)
  Test-FormatFile_ReservedIdentifiersAreFormattable  ok (196 us)
  Test-FormatFile_IndentInsideParensEnforcesContinuation  ok (282 us)
  Test-FormatFile_AlignOperandsOnWrappedCondition  ok (267 us)
  Test-FormatFile_WhereClauseIndent  ok (295 us)
  Test-FormatFile_WhereBlockIndent  ok (290 us)
  Test-FormatFile_EndOfLineStyleLf  ok (187 us)
  Test-FormatFile_EndOfLineStyleCrLf  ok (168 us)
  Test-FormatFile_TrimTrailingWhitespace  ok (167 us)
  Test-FormatFile_BlankLineAfterUsingBlock  ok (185 us)
  Test-FormatFile_BlankLineBeforeFunctionDefinition  ok (258 us)
  Test-FormatFile_IndentStyleSpacesNormalizesTabs  ok (215 us)
  Test-FormatFile_IndentStyleTabs  ok (180 us)
  Test-FormatFile_ReindentFixesBadIndent  ok (251 us)
  Test-FormatFile_ElseBeforeNestedIfAligns  ok (346 us)
  Test-FormatFile_IndentNamespaceBodyOff  ok (205 us)
  Test-FormatFile_IndentCaseLabels  ok (503 us)
  Test-FormatLiteral_PreserveLeavesNumericLiteralsUntouched  ok (280 us)
  Test-FormatLiteral_PreserveCharacterTypeSuffix  ok (215 us)
  Test-FormatLiteral_HexDigitCaseUpperAndLower  ok (393 us)
  Test-FormatLiteral_HexPrefixCaseUpperAndLower  ok (314 us)
  Test-FormatLiteral_FloatExponentCaseUpperAndLower  ok (309 us)
  Test-FormatLiteral_NormalizeHexDigitSeparators  ok (161 us)
  Test-FormatLiteral_NormalizeBinaryDigitSeparators  ok (162 us)
  Test-FormatLiteral_NormalizeDecimalDigitSeparators  ok (158 us)
  Test-FormatLiteral_NormalizeFloatDigitSeparators  ok (177 us)
  Test-FormatLiteral_CombinedHexCaseAndNormalization  ok (213 us)
  Test-FormatOff_LineCommentDisablesNumberFormatting  ok (219 us)
  Test-FormatOff_NoOnComment_RestOfFileRaw  ok (181 us)
  Test-FormatOff_MultipleRegions  ok (211 us)
  Test-FormatOff_BlockComment  ok (332 us)
  Test-FormatOff_CustomMarkers  ok (584 us)
  Test-FormatOff_EolNotRewrittenInDisabledRegion  ok (377 us)
  Test-FormatSpacing_SpaceAfterComma  ok (341 us)
  Test-FormatSpacing_NormalizeHorizontalWhitespace  ok (284 us)
  Test-FormatSpacing_NamedArgumentColons  ok (553 us)
  Test-FormatSpacing_TrueOptionsKeepManualAlignment  ok (358 us)
  Test-FormatSpacing_NoSpaceAfterComma  ok (231 us)
  Test-FormatSpacing_SpaceAroundAssignment  ok (236 us)
  Test-FormatSpacing_NoSpaceAroundAssignment  ok (161 us)
  Test-FormatSpacing_SpaceAroundBinaryOperators  ok (203 us)
  Test-FormatSpacing_NoSpaceAroundBinaryOperators  ok (175 us)
  Test-FormatSpacing_SpaceAroundArrow  ok (564 us)
  Test-FormatSpacing_FatArrow  ok (358 us)
  Test-FormatSpacing_ColonInDeclarations  ok (269 us)
  Test-FormatSpacing_ColonInBaseClause  ok (226 us)
  Test-FormatSpacing_InsideParentheses  ok (410 us)
  Test-FormatSpacing_InEmptyParentheses  ok (323 us)
  Test-FormatSpacing_InsideBrackets  ok (420 us)
  Test-FormatSpacing_AfterCast  ok (356 us)
  Test-FormatSpacing_AfterKeyword  ok (514 us)
  Test-FormatSpacing_AfterUnaryOperator  ok (227 us)
  Test-FormatSpacing_PostfixDereference  ok (236 us)
  Test-FormatSpacing_BeforeParenthesesControl  ok (421 us)
  Test-FormatSpacing_InsideBracesOfLiterals  ok (238 us)
  Test-FormatSpacing_FailClosesAFunctionTypeNotAnOperand  ok (234 us)
  Test-FormatStyle_PreserveNormalizesNothing  ok (259 us)
  Test-FormatStyle_DefaultOptionsArePreserve  ok (1 ms)
  Test-FormatStyle_SwagIsTheCanonicalLayout  ok (390 us)
  Test-FormatStyle_SwagIntrinsicCallsStayStable  ok (710 us)
  Test-FormatStyle_SwagKeepsAccessModifiersWithTheirDeclarations  ok (398 us)
  Test-FormatStyle_SwagKeepsStorageAndAccessModifierOrders  ok (13 ms)
  Test-FormatStyle_SwagSeparatesAccessBlocks  ok (410 us)
  Test-FormatStyle_SwagLeavesLineEndingsAndColumnsAlone  ok (230 us)
  Test-FormatStyle_DescribeRendersEveryOption  ok (372 us)
  Test-FormatUsing_SortAscending  ok (286 us)
  Test-FormatUsing_SortCaseInsensitive  ok (181 us)
  Test-FormatUsing_BlankLineSplitsRuns  ok (167 us)
  Test-FormatUsing_Merge      ok (167 us)
  Test-FormatUsing_SortAndMerge  ok (168 us)
  Test-FormatWrap_BreaksAfterComma  ok (294 us)
  Test-FormatWrap_ForceSingleLineLists  ok (276 us)
  Test-FormatWrap_FormatterSelectsListLineMode  ok (390 us)
  Test-FormatWrap_SourceSelectsSingleLineLists  ok (290 us)
  Test-FormatWrap_SourceSelectsNestedSingleLineLists  ok (358 us)
  Test-FormatWrap_HangingIndentLists  ok (254 us)
  Test-FormatWrap_HangingAlignLists  ok (271 us)
  Test-FormatWrap_VerticalLists  ok (368 us)
  Test-FormatWrap_BlockLists  ok (269 us)
  Test-FormatWrap_ForceSingleLineLogicalExpressions  ok (399 us)
  Test-FormatWrap_SourceSelectsSingleLineLogicalExpressions  ok (283 us)
  Test-FormatWrap_LogicalOperatorsAfter  ok (239 us)
  Test-FormatWrap_LogicalOperatorsBefore  ok (225 us)
  Test-FormatWrap_LogicalOperandsOnePerLine  ok (435 us)
  Test-FormatWrap_LogicalHangingIndent  ok (227 us)
  Test-FormatWrap_LogicalOperandsPack  ok (318 us)
  Test-FormatWrap_FormatterSelectsLogicalExpressionLineMode  ok (328 us)
  Test-FormatWrap_NestedLogicalExpressions  ok (286 us)
  Test-FormatWrap_NormalizesAdversarialLists  ok (661 us)
  Test-FormatWrap_NormalizesAdversarialLogicalExpression  ok (959 us)
  Test-FormatWrap_AlignsMultilineArgumentContents  ok (721 us)
  Test-FormatWrap_ClosureCapturesStayInsideArgument  ok (887 us)
  Test-FormatWrap_NoWrapWhenDisabled  ok (536 us)
  Test-FormatWrap_BreakBeforeBinaryOperators  ok (521 us)
  Test-FormatWrap_BinPackLists  ok (359 us)
  Test-FormatWrap_BinPackParametersOnePerLine  ok (246 us)
  Test-FormatWrap_BinPackArgumentsOnePerLine  ok (615 us)
  Test-FormatWrap_NoColumnLimitNeverMovesAStatementBreak  ok (903 us)
  Test-FormatWrap_ColumnLimitBreaksHighestInTheExpression  ok (708 us)
  Test-FormatWrap_ColumnLimitAlignsNewOperandLinesInOnePass  ok (567 us)
  Test-FormatWrap_ColumnLimitBreaksAtTheLoosestOperator  ok (604 us)
  Test-FormatWrap_ColumnLimitKeepsOneIndentPerStatement  ok (489 us)
  Test-FormatWrap_ContinuationOutsideBracketsTakesCanonicalIndent  ok (365 us)
  Test-FormatWrap_ContinuationInsideBracketsKeepsRelativeIndent  ok (399 us)
  Test-FormatWrap_WrappedCaseValuesAlignUnderTheFirstValue  ok (494 us)
  Test-FormatWrap_SourceSelectsLiteralLayout  ok (588 us)
  Test-FormatWrap_HugTrailingTableArgument  ok (468 us)
  Test-FormatWrap_HugTrailingClosureArgument  ok (472 us)
  Test-FormatWrap_HugTrailingBlockLiteralItem  ok (493 us)
  Test-FormatWrap_HugSkipsEarlierMultilineArgument  ok (605 us)
  Test-JIT_Return42           ok (124 us)
  Test-JIT_RegAllocAvoidsFutureConcreteClobber  ok (105 us)
  Test-JIT_128BitStackCopy    ok (326 us)
  Test-JIT_PointerSpillRoundTrip  ok (208 us)
  Test-JIT_B32LoadAndZeroExtendKeepsUpperBitsClear  ok (144 us)
  Test-JIT_PackedIntegerOps   ok (118 us)
  Test-JIT_VecCodecOps        ok (328 us)
  Test-JIT_VecFloatOps        ok (243 us)
  Test-JIT_SlpVectorizedLanes  ok (3 ms)
  Test-JIT_ConstantDivisionBaseline  ok (5 ms)
  Test-JIT_ConstantDivisionStrengthReduced  ok (21 ms)
  Test-JIT_PersistentRegPreservedAcrossCall  ok (210 us)
  Test-BranchSimplify_ErasesJumpToImmediateLabel  ok (85 us)
  Test-BranchSimplify_ThreadsJumpThroughEmptyBlock  ok (134 us)
  Test-BranchSimplify_FoldsKnownTrueBranch  ok (97 us)
  Test-BranchSimplify_FoldsKnownFalseBranch  ok (80 us)
  Test-BranchSimplify_KeepsDynamicBranchAcrossFloatClear  ok (420 us)
  Test-BranchSimplify_FoldsKnownBranchAfterIntegerClear  ok (145 us)
  Test-BranchSimplify_FoldsKnownSignedLessBranch  ok (87 us)
  Test-BranchSimplify_FoldsKnownUnsignedBelowBranch  ok (77 us)
  Test-BranchSimplify_ErasesDeadTailAfterRet  ok (50 us)
  Test-BranchSimplify_ConvertsMinPatternToCmov  ok (60 us)
  Test-BranchSimplify_ConvertsConditionalConstantToCmov  ok (56 us)
  Test-BranchSimplify_KeepsMultiInstructionBranchBody  ok (58 us)
  Test-BranchSimplify_ThreadsShortCircuitExit  ok (93 us)
  Test-BranchSimplify_KeepsReferencedLabel  ok (50 us)
  Test-BranchSimplify_KeepsByteSelectBranch  ok (48 us)
  Test-BranchSimplify_ConvertsDiamondSelectToCmov  ok (76 us)
  Test-BranchSimplify_ConvertsDiamondConstantsToCmov  ok (67 us)
  Test-BranchSimplify_SinksCompareBelowFlagWritingArm  ok (84 us)
  Test-BranchSimplify_KeepsDiamondWithFlagReadAfterBitwiseNot  ok (79 us)
  Test-BranchSimplify_KeepsEarlyReturnWithFlagReadAfterBitwiseNot  ok (253 us)
  Test-BranchSimplify_KeepsDiamondWithGuardedLoad  ok (122 us)
  Test-BranchSimplify_KeepsDiamondWithSharedArmLabel  ok (176 us)
  Test-BranchSimplify_KeepsDiamondWhenArmReadsResultFirst  ok (102 us)
  Test-BranchSimplify_KeepsDiamondWhenArmClobbersCompareInput  ok (106 us)
  Test-BranchSimplify_KeepsByteDiamond  ok (105 us)
  Test-BranchSimplify_ConvertsEarlyReturnToCmov  ok (85 us)
  Test-BranchSimplify_ConvertsEarlyReturnChainToCmovs  ok (175 us)
  Test-BranchSimplify_KeepsEarlyReturnWithGuardedLoad  ok (65 us)
  Test-BranchSimplify_SinksCompareBelowFlagWritingEarlyReturn  ok (95 us)
  Test-BranchSimplify_EarlyReturnChecksBothCompareInputs  ok (306 us)
  Test-BranchSimplify_InvertsJumpPairAfterImmediateJumpErasure  ok (100 us)
  Test-BranchSimplify_TriangleScratchPreservesAcceptedPlanOrder  ok (322 us)
  Test-ConstantFolding_FoldBinaryRegImm  ok (60 us)
  Test-ConstantFolding_FoldCopyFromKnown  ok (45 us)
  Test-ConstantFolding_ChainedFold  ok (49 us)
  Test-ConstantFolding_FoldFromClearReg  ok (41 us)
  Test-ConstantFolding_FoldAcrossJoinSameConstant  ok (66 us)
  Test-ConstantFolding_BinaryRequiresKnownInputsAndDeadFlags  ok (334 us)
  Test-ConstantFolding_RegImmResultsKeepWidthsFailuresAndFlags  ok (404 us)
  Test-ConstantFolding_RegRegResultsKeepAliasesWidthsAndUnknownInputs  ok (641 us)
  Test-ConstantFolding_ExtendResultsKeepSignWidthAndAliases  ok (1 ms)
  Test-ConstantFolding_PropagatesInDominatorOrderWithoutPhis  ok (69 us)
  Test-ConstantFolding_LazyAddressesKeepFilteredRelocationOrder  ok (247 us)
  Test-CopyElim_SelfCopy_Erased  ok (61 us)
  Test-CopyElim_ChainedCopies_CanonicalizesSource  ok (63 us)
  Test-CopyElim_RewritesPureUseAcrossJoin  ok (75 us)
  Test-CopyElim_DoesNotPropagatePastSourceRedefinition  ok (34 us)
  Test-CopyElim_TransfersForbiddenPhysRegsToCanonicalSource  ok (37 us)
  Test-CopyElim_DoesNotRewriteUseDefOperand  ok (32 us)
  Test-CopyElim_PropagatesInDominatorOrderWithoutPhis  ok (65 us)
  Test-DeadCodeElimination_RemovesEntireDeadChain  ok (839 us)
  Test-DeadCodeElimination_JoinTracksSurvivingConsumers  ok (271 us)
  Test-DeadCodeElimination_PhiCyclesNeedAnInstructionConsumer  ok (131 us)
  Test-DeadCodeElimination_DeadFlagConsumerExposesArithmetic  ok (70 us)
  Test-DeadCodeElimination_PreservesStreamsWithoutVirtualDefinitions  ok (24 us)
  Test-DeadCodeElimination_FanOutSkipsRemovedReadersAfterItsWitness  ok (109 us)
  Test-DeadCodeElimination_DeferredFlagConsumerKeepsSweepsRunning  ok (79 us)
  Test-InductionVariable_CountsDefinitionsAndUsesForCarriedSums  ok (228 us)
  Test-InductionVariable_ProductsKeepPriorityWhenCarrierIsRejected  ok (144 us)
  Test-InductionVariable_CopyThenOpUsesLiveLayoutAdjacency  ok (71 us)
  Test-InstCombine_Identity_AddZero_Erased  ok (48 us)
  Test-InstCombine_ConstantAddressLoad_FoldsToRip  ok (57 us)
  Test-InstCombine_RelocatedLoad_UsesExactTargetAndLiveMemory  ok (814 us)
  Test-InstCombine_ForwardingCacheKeepsClaimedLoadsOut  ok (42 us)
  Test-InstCombine_ForwardingCacheKeepsSurvivingProducers  ok (165 us)
  Test-InstCombine_RipForwardingInitializesBeforeFirstMatchedRelocation  ok (48 us)
  Test-InstCombine_Absorbing_AndZero_BecomesClear  ok (32 us)
  Test-InstCombine_Absorbing_OrAllOnes_BecomesLoadImm  ok (29 us)
  Test-InstCombine_Reassociate_AddAdd  ok (37 us)
  Test-InstCombine_Reassociate_AddSub_PicksAdd  ok (32 us)
  Test-InstCombine_Reassociate_ShiftLeftChain  ok (31 us)
  Test-InstCombine_Reassociate_ShiftOverflow_NotFolded  ok (29 us)
  Test-InstCombine_RegReg_XorSelf_BecomesClear  ok (29 us)
  Test-InstCombine_RegReg_SubSelf_BecomesClear  ok (28 us)
  Test-InstCombine_RegReg_AndSelf_DeadErased  ok (27 us)
  Test-InstCombine_Reassociate_MulMulSigned  ok (37 us)
  Test-InstCombine_Reassociate_OrOr  ok (32 us)
  Test-InstCombine_MemFold_Imm_Consecutive  ok (41 us)
  Test-InstCombine_MemFold_Reg_Consecutive  ok (45 us)
  Test-InstCombine_MemFold_NonConsecutive  ok (41 us)
  Test-InstCombine_MemFold_VtReadAfterStore_NotFolded  ok (39 us)
  Test-InstCombine_MaskBeforeLeftShift_DroppedDirect  ok (34 us)
  Test-InstCombine_MaskBeforeLeftShift_DroppedThroughCopies  ok (72 us)
  Test-InstCombine_MaskBeforeLeftShift_KeptWhenMaskTooNarrow  ok (30 us)
  Test-InstCombine_MaskBeforeRightShift_Kept  ok (29 us)
  Test-InstCombine_ZeroExtendOfDwordLoad_BecomesCopy  ok (36 us)
  Test-InstCombine_ZeroExtendOfQwordLoad_Kept  ok (31 us)
  Test-InstCombine_MaskedAddOfZeroExtendedWords_NarrowsToDword  ok (65 us)
  Test-InstCombine_MaskedAddWithQwordReader_Kept  ok (47 us)
  Test-InstCombine_MaskedShift_Kept  ok (39 us)
  Test-InstCombine_MemoryFoldTriple_InsideLoop  ok (77 us)
  Test-InstCombine_MemoryFoldTriple_LeavesLoopFrameSlot  ok (154 us)
  Test-InstCombine_MemoryFoldTriple_FrameWithoutBackEdgesKeepsCfgGuards  ok (126 us)
  Test-InstCombine_ZeroExtendOfDwordPhi_BecomesCopy  ok (117 us)
  Test-InstCombine_MultiplyAdd_BecomesTwoAddresses  ok (2 ms)
  Test-InstCombine_MultiplyAdd_PreservesObservedValuesAndFlags  ok (303 us)
  Test-InstCombine_AddressCopy_DefinesAccumulatorDirectly  ok (68 us)
  Test-InstCombine_FloatResultCopy_DefinesAccumulatorDirectly  ok (270 us)
  Test-InstCombine_SqrtResultCopy_PreservesPackedDestination  ok (100 us)
  Test-InstCombine_SqrtResultCopy_ReusesGlobalReadCheckByWidth  ok (362 us)
  Test-InstCombine_SqrtResultCopy_KeepsOtherUses  ok (66 us)
  Test-InstCombine_SharedAndInputs_PreservesValuesAndFlags  ok (1 ms)
  Test-InstructionCombine_FoldsBooleanSelect  ok (336 us)
  Test-InstructionCombine_KeepsUnsafeBooleanSelect  ok (254 us)
  Test-InstCombine_RangeProvedCompare_ClampErased  ok (96 us)
  Test-InstCombine_RangeProvedCompare_WideMaskKept  ok (77 us)
  Test-InstCombine_RangeProvedCompare_NarrowWriteKept  ok (69 us)
  Test-InstCombine_CompareRereadsKeepOriginalAddressValues  ok (149 us)
  Test-InstCombine_LoadFoldWindowStartsAfterAnchor  ok (297 us)
  Test-InstCombine_InPlaceWindowIncludesAnchor  ok (344 us)
  Test-InstCombine_VectorPlans_KeepFreshRegistersAcrossRollback  ok (291 us)
  Test-MicroDominators_MatchReachabilityWithANodeRemoved  ok (72 us)
  Test-LICM_RetargetsDuplicateRelocationsAndKeepsUnhoistedOnes  ok (170 us)
  Test-LICM_FramePrivacyResolvesBackwardLayoutChainsBeforeEscapeChecks  ok (297 us)
  Test-LICM_HoistsInvariantLoad  ok (122 us)
  Test-LICM_HoistsSingleUseLaneBroadcast  ok (145 us)
  Test-LICM_KeepsVolatileLoadInLoop  ok (75 us)
  Test-LICM_HoistsFloatConversionAcrossCallWithLiveIntegerFlags  ok (331 us)
  Test-LICM_KeepsIntegerClearWhenFlagsAreLiveAtEitherSite  ok (141 us)
  Test-LICM_HoistsScalarLiteralLoadsButKeepsZeroLocal  ok (409 us)
  Test-MicroDomTree_MatchesPathsThroughDiamondAndLoop  ok (358 us)
  Test-NaturalLoop_CollectBody_CountsMembersOnceAcrossTailsAndRebuilds  ok (17 us)
  Test-LoopUnroll_MultipleLoops_RebuildsIncomingJumpRanges  ok (107 us)
  Test-LoopUnroll_OutsideReadsAndCarriedValuesKeepTheirNames  ok (179 us)
  Test-LoopUnroll_FreshRegisterFilesRespectRenamingEligibility  ok (240 us)
  Test-LoopUnroll_MultipleIncomingJumps_PreservesLoop  ok (36 us)
  Test-LoopUnroll_ExternalJumpToBody_PreservesLoop  ok (43 us)
  Test-LoopUnroll_RejectedCandidateKeepsRelocationsForFollowingLoop  ok (73 us)
  Test-MemToReg_PlainSlot_Promotes  ok (47 us)
  Test-MemToReg_MixedSlotsKeepDistinctFreshRegisters  ok (65 us)
  Test-MemToReg_RedefinedAddressRegister_BailsFunction  ok (49 us)
  Test-MemToReg_UnwrittenWideAccess_BlocksOverlapButNotAdjacentSlot  ok (44 us)
  Test-MemToReg_WrappingWideAccess_KeepsNarrowOverlap  ok (38 us)
  Test-MemToReg_WidestAccessRespectsEscapedVariableExtents  ok (120 us)
  Test-MicroPassManager_PostRa_RechecksSuffixAfterEachMutation  ok (26 us)
  Test-MicroPassManager_PostRa_RechecksSuffixWhenFirstSweepPolicyChanges  ok (23 us)
  Test-MicroBuilder_PruneRelocationsBeforeRecyclingSlots  ok (13 us)
  Test-MicroControlFlowGraph_KeepsEdgeOrderAcrossRebuilds  ok (60 us)
  Test-PostRADeadCodeElim_PreservesAbiLiveOut  ok (47 us)
  Test-PostRADeadCodeElim_UnusedReturnRegistersAreDead  ok (32 us)
  Test-PostRADeadCodeElim_LoopBackEdgeKeepsCarriedDefinition  ok (40 us)
  Test-PostRALoopHoist_InvariantReload_MovesToPreheader  ok (94 us)
  Test-PostRALoopHoist_SlotWrittenInBody_Blocks  ok (59 us)
  Test-PostRALoopHoist_OpaqueStoreInBody_Blocks  ok (57 us)
  Test-PostRALoopHoist_OpaqueStoreOverPrivateFrame_Hoists  ok (76 us)
  Test-PostRALoopHoist_SecondReload_BecomesCopy  ok (77 us)
  Test-PostRALoopHoist_DestinationLiveAtPreheader_Blocks  ok (53 us)
  Test-PostRALoopHoist_CarriedSlot_LeavesTheLoop  ok (92 us)
  Test-PostRALoopHoist_CarriedRegisterReusedElsewhere_Blocks  ok (136 us)
  Test-PostRALoopHoist_SecondDefinitionOfDestinationBlocks  ok (54 us)
  Test-PostRALoopRotate_IndependentHeadersRotate  ok (54 us)
  Test-PostRALoopRotate_SecondIncomingJumpBlocks  ok (33 us)
  Test-PostRALoopRotate_ConditionalBackEdgeBlocks  ok (31 us)
  Test-PostRAPeephole_Nop_Erased  ok (29 us)
  Test-PostRAPeephole_DoesNotForwardFromStoreClaimedByImmediateFold  ok (40 us)
  Test-PostRAPeephole_CopyForward_DoesNotCrossClaimedStoreReload  ok (36 us)
  Test-PostRAPeephole_ErasesStoreOverwrittenBeforeMemoryAccess  ok (30 us)
  Test-PostRAPeephole_DoesNotEraseOverwrittenNonFrameStore  ok (53 us)
  Test-PostRAPeephole_ErasesOwnStoreReloadOnConditionalFallthrough  ok (35 us)
  Test-PostRAPeephole_ForwardsStoredValueToReload  ok (27 us)
  Test-PostRAPeephole_CopyForward_StopsAtEncoderImplicitDef  ok (42 us)
  Test-MicroPassHelpers_PhysicalLivenessReuseReplacesInstructionEffectsAndExitRoots  ok (116 us)
  Test-MicroPassHelpers_CombinedFreshIndicesMatchSingleClassBounds  ok (19 us)
  Test-Legalize_LateMixedIssuesPreserveScratchNames  ok (111 us)
  Test-Legalize_ScratchExcludesFirstReadsInAbiOrder  ok (35 us)
  Test-Legalize_ScratchExclusionsStopBeforeBarrierUses  ok (76 us)
  Test-Legalize_DoesNotPreserveDeadShiftRegisterAcrossJump  ok (34 us)
  Test-Legalize_RewritesB8SignedMultiplyRegMemToRax  ok (29 us)
  Test-Legalize_ClearsPositiveFloatZero  ok (72 us)
  Test-Legalize_KeepsNonzeroFloatBitsAndAddresses  ok (108 us)
  Test-Legalize_KeepsMemoryDestinationAdd  ok (17 us)
  Test-Legalize_KeepsMemoryExchange  ok (16 us)
  Test-PostRAPeephole_DoesNotForwardB8SignedMultiplyImmediate  ok (19 us)
  Test-PostRAPeephole_FoldsIntegerReloadIntoBinary  ok (26 us)
  Test-PostRAPeephole_KeepsIntegerReloadReadAfterConsumer  ok (21 us)
  Test-PostRAPeephole_FoldsIntegerReloadIntoCompare  ok (25 us)
  Test-PostRAPeephole_KeepsByteMultiplyReload  ok (20 us)
  Test-PostRAPeephole_SelfCopy_B64_Erased  ok (17 us)
  Test-PostRAPeephole_SelfCopy_IntB32_Preserved  ok (16 us)
  Test-PostRAPeephole_FallthroughJumpSkipsTrivialGap  ok (23 us)
  Test-PostRAPeephole_DeadCompareBeforeRet_Erased  ok (17 us)
  Test-PostRAPeephole_DeadCompareAfterRedundantJump_Erased  ok (20 us)
  Test-PostRAPeephole_LiveCompareForBranch_Preserved  ok (19 us)
  Test-PostRAPeephole_LoadCondRegRegKeepsCopyBecauseDestinationIsUseDef  ok (27 us)
  Test-PostRAPeephole_FlagReuse_SubThenCompareZero_CompareErased  ok (22 us)
  Test-PostRAPeephole_FlagReuse_UnsafeCondition_ComparePreserved  ok (19 us)
  Test-PostRAPeephole_FlagReuse_NonFlagProducer_ComparePreserved  ok (19 us)
  Test-PostRAPeephole_ZeroToClear_LiveFlagsDead_Converted  ok (19 us)
  Test-PostRAPeephole_ZeroToClear_DeadReg_NotConverted  ok (18 us)
  Test-PostRAPeephole_ZeroToClear_FlagsLive_NotConverted  ok (19 us)
  Test-PostRAPeephole_SelfOperand_FoldsWhenDestinationHoldsTheSlot  ok (19 us)
  Test-PostRAPeephole_SelfOperand_KeepsMemoryOperandWhenWindowExhausted  ok (128 us)
  Test-PreRAPeephole_FloatBinary_DefinesIndependentResult  ok (175 us)
  Test-PreRAPeephole_FloatBinary_PreservesCopiedSecondOperand  ok (41 us)
  Test-PreRAPeephole_ForwardsLoadImmIntoStore  ok (22 us)
  Test-PreRAPeephole_ForwardsLoadImmIntoCmpMem  ok (19 us)
  Test-PreRAPeephole_ForwardsLoadImmIntoMemBinary  ok (19 us)
  Test-PreRAPeephole_ForwardsCopyIntoNextUseOnlySlots  ok (21 us)
  Test-PreRAPeephole_TransfersForbiddenPhysRegsAcrossCopyForward  ok (22 us)
  Test-PreRAPeephole_DoesNotRewriteExchangeUseDefConsumer  ok (20 us)
  Test-PreRAPeephole_ForwardsLoadImmIntoAmcStore  ok (21 us)
  Test-PreRAPeephole_ForwardsClearRegIntoImmediateCompare  ok (19 us)
  Test-PreRAPeephole_FoldsExtendOfImmediate  ok (17 us)
  Test-PreRAPeephole_FoldsPointerImmediateIntoAddress  ok (17 us)
  Test-PreRAPeephole_CombinesAdjacentRegImmAdd  ok (24 us)
  Test-PreRAPeephole_KeepsAdjacentRegImmAddWhenFlagsAreLive  ok (20 us)
  Test-PreRAPeephole_FoldsCopyAddIntoLoadAddress  ok (19 us)
  Test-PreRAPeephole_FoldsCopyAddIntoLoadAddressDespiteMismatchedForbiddenRegs  ok (19 us)
  Test-PreRAPeephole_KeepsCopyAddWhenFlagsAreLive  ok (22 us)
  Test-PreRAPeephole_FoldsAmcIndexImmediateIntoSimpleLoad  ok (20 us)
  Test-PreRAPeephole_FoldsAddressBaseIntoAmcStore  ok (21 us)
  Test-PreRAPeephole_FoldsAmcAddressIntoStore  ok (24 us)
  Test-MicroPrologEpilog_FirstDefinitionsPreserveSaveOrderAcrossRegisterClasses  ok (49 us)
  Test-MicroPrologEpilog_RestoresEveryReturnFromOriginalAnchors  ok (28 us)
  Test-MicroPrologEpilogSanitize_MergesAdjacentStackAdjustments  ok (33 us)
  Test-MicroPrologEpilogSanitize_DoesNotMergeOutsideEntryExitRegions  ok (24 us)
  Test-MicroPrologEpilogSanitize_ExpandsLargeWindowsStackAdjustIntoPageProbes  ok (20 us)
  Test-MicroPrologEpilogSanitize_KeepsOnlyLastFramePointerSetupInEntryProlog  ok (22 us)
  Test-MicroPrologEpilogSanitize_ReinsertsForcedFramePointerSetupWhenMissing  ok (18 us)
  Test-MicroPrologEpilogSanitize_DoesNotTouchFramePointerSetupAfterBodyStarts  ok (19 us)
  Test-MicroPrologEpilogSanitize_MergesMultipleReturnSuffixesAfterRejectedPairs  ok (31 us)
  Test-MicroReg_SameClassMatchesVirtualAndPhysicalRegisters  ok (0 us)
  Test-RegAlloc_UsesDedicatedLocalStackBaseRegister  ok (305 us)
  Test-RegAlloc_PersistentAcross  ok (625 us)
  Test-RegAlloc_NoCalls       ok (300 us)
  Test-RegAlloc_MixedIntFloat  ok (484 us)
  Test-RegAlloc_LotsOfVirtualRegs  ok (11 ms)
  Test-RegAlloc_PreservePersistentRegs_Enabled  ok (221 us)
  Test-RegAlloc_PreservePersistentRegs_Disabled  ok (139 us)
  Test-RegAlloc_PreservePersistentRegs_NoNeed  ok (106 us)
  Test-RegAlloc_LeafRemapPreservesFramePriorityAndDistinctReplacements  ok (61 us)
  Test-RegAlloc_LeafRemapUsesFirstInstructionReadBeforeWrite  ok (31 us)
  Test-RegAlloc_PrologRetainsEntryBoundaryAfterLongStackRelease  ok (129 us)
  Test-RegAlloc_BorrowRestoresKeepOrderAfterMiddleRequestExpires  ok (122 us)
  Test-RegAlloc_ReusedPassRebuildsConcreteClaimsForChangedLiveRanges  ok (157 us)
  Test-RegAlloc_ReusedPassBorrowsCurrentCfgAcrossDifferentControlFlow  ok (4 ms)
  Test-RegAlloc_Spill_IntPressureAcrossCall  ok (675 us)
  Test-RegAlloc_Spill_FloatAcrossCall_NoPersistent  ok (620 us)
  Test-RegAlloc_VirtualRegForbiddenPhysRegs  ok (161 us)
  Test-RegAlloc_Spill_BalancedControlFlow  ok (908 us)
  Test-RegAlloc_KnownComputedJumpKeepsIntervalAllocation  ok (585 us)
  Test-RegAlloc_LoadBaseAddressAcrossCall  ok (240 us)
  Test-RegAlloc_ConcreteLoadDestAcrossCall  ok (238 us)
  Test-RegAlloc_VirtualDefAvoidsLiveConcreteReg  ok (221 us)
  Test-RegAlloc_UsesPersistentFallbackWhenTransientPoolExhausted  ok (145 us)
  Test-RegAlloc_CoalescesLinearVirtualCopies  ok (123 us)
  Test-RegAlloc_TransfersDeadCopySourcesAcrossBarriers  ok (177 us)
  Test-RegAlloc_RematerializesImmediateReloads  ok (140 us)
  Test-MicroInstr_FloatToIntReplacesItsDestination  ok (25 us)
  Test-MicroInstr_SqrtReplacesItsDestination  ok (16 us)
  Test-MicroInstr_SqrtDropsOnlyOverwrittenInitialization  ok (102 us)
  Test-MicroInstr_FloatToIntKeepsOnlyLiveFlagInitialization  ok (52 us)
  Test-RegAlloc_LiveIntervalAccessSearchBoundaries  ok (5 us)
  Test-RegAlloc_LiveIntervalEmptyAndSingleAccess  ok (1 us)
  Test-RegAlloc_LiveIntervalRangeStartSearchBoundaries  ok (1 us)
  Test-MicroSanity_RejectsStackAddressReturnedAsPointer  ok (84 us)
  Test-MicroSanity_AllowsKnownNonStackPointer  ok (45 us)
  Test-MicroSanity_IgnoresStackAddressReturnedAsInteger  ok (48 us)
  Test-SinkToUse_MovesDefinitionToItsConsumer  ok (41 us)
  Test-SinkToUse_LoadCannotCrossBaseRedefinition  ok (18 us)
  Test-SinkToUse_LoadCannotCrossMemoryWrite  ok (18 us)
  Test-SinkToUse_ChainKeepsProducerOrderAcrossRounds  ok (217 us)
  Test-SinkToUse_OperandClusterKeepsStableOrder  ok (121 us)
  Test-SlpVectorize_UnpackableStores_DoesNotBuildSsa  ok (82 us)
  Test-SlpVectorize_KeepsSeedOrderAcrossRejectedMiddleGroup  ok (276 us)
  Test-SlpVectorize_PermutationsKeepTheFirstMaterializedTuple  ok (118 us)
  Test-SlpVectorize_PermutedLeafLoadsKeepCanonicalLaneOrder  ok (146 us)
  Test-SlpVectorize_StackAndOneParameterAreTheRootLimit  ok (124 us)
  Test-SlpVectorize_SurvivingStoresRespectPackedLoadInsertion  ok (168 us)
  Test-SlpVectorize_RejectedBlockKeepsFollowingBlockVectorizable  ok (293 us)
  Test-SlpVectorize_MultipleBlocks_PreservesSnapshotAndFreshRegisters  ok (112 us)
  Test-MicroSsa_PhiAtJoin     ok (36 us)
  Test-MicroSsa_Dominators_HandleEntryAndDescendantJoin  ok (23 us)
  Test-MicroSsa_ForkWithoutJoinKeepsSiblingAndRootScopes  ok (34 us)
  Test-MicroSsa_ReachingDef_BeforeWritesAndAtNonUses  ok (19 us)
  Test-MicroSsa_ReachingDef_DominatorSiblings  ok (26 us)
  Test-MicroSsa_ReachingDef_LoopAndUnreachableRoot  ok (24 us)
  Test-MicroSsa_PhiAtJoinWithSharedPredecessorDominator  ok (27 us)
  Test-MicroSsa_PhiInputsFollowManyPredecessors  ok (199 us)
  Test-MicroSsa_RebuildAddsFrontierAfterLinearBlocks  ok (50 us)
  Test-MicroSsa_RebuildForgetsErasedAndRecycledSlots  ok (25 us)
  Test-MicroSsa_PhiPropagationThroughNestedJoins  ok (36 us)
  Test-MicroSsa_RepeatedDefinitionsRestoreBlockEntryValues  ok (53 us)
  Test-MicroSsa_FinalBlockKeepsRepeatedDefinitionsAndBackedgeInputs  ok (161 us)
  Test-MicroSsa_RebuildWithOnlyPhysicalDefinitions  ok (33 us)
  Test-MicroSsa_DirectUseCountsAfterPhiRebuild  ok (31 us)
  Test-MicroSsa_IndirectTargetsKeepDistinctAdjacentBlocks  ok (31 us)
  Test-MicroSsa_ForwardOnlyRootsKeepComponentDominatorsSeparate  ok (31 us)
  Test-MicroStackAdjustNormalize_RemovesBodyAdjustsAndRebasesOffsets  ok (42 us)
  Test-MicroStackAdjustNormalize_HandlesBranchingDepths  ok (32 us)
  Test-MicroStorage_InsertedInstructionsUseExplicitDebugInsertionKinds  ok (2 us)
  Test-MicroStorage_InsertBeforePreservesExplicitNoStepWhenSourceIsInherited  ok (1 us)
  Test-MicroStackAdjustNormalize_SkipsCallsBelowMaxDepth  ok (25 us)
  Test-MicroStackAdjustNormalize_RebasesAdjacentCopiesWithRecycledRefs  ok (25 us)
  Test-MicroStackAdjustNormalize_HandlesMaximumDepthWithAndWithoutCalls  ok (37 us)
  Test-MicroStackAdjustNormalize_RestoresEveryReturnInOriginalOrder  ok (23 us)
  Test-StrengthReduction_MultiplyPowerOfTwo  ok (18 us)
  Test-StrengthReduction_MultiplyPowerOfTwoKeepsLiveFlags  ok (15 us)
  Test-StrengthReduction_MultiplyByZero  ok (13 us)
  Test-StrengthReduction_MultiplyByOne  ok (12 us)
  Test-StrengthReduction_MultiplyNonPowerOfTwoUnchanged  ok (12 us)
  Test-StrengthReduction_UnsignedDivideMagicNoFixup  ok (20 us)
  Test-StrengthReduction_UnsignedDivideMagicFixup  ok (23 us)
  Test-StrengthReduction_SignedDividePow2  ok (20 us)
  Test-StrengthReduction_SignedDivideMagic  ok (19 us)
  Test-StrengthReduction_UnsignedModuloMagic  ok (20 us)
  Test-StrengthReduction_SignedDivideNegativeConstantUnchanged  ok (12 us)
  Test-StrengthReduction_DivideByZeroUnchanged  ok (13 us)
  Test-StrengthReduction_NarrowDivideUnchanged  ok (12 us)
  Test-StrengthReduction_RemoveAddZeroDeadAcrossJoin  ok (39 us)
  Test-StrengthReduction_UnsignedMultiplyRequiresLocalFlagRedefinition  ok (104 us)
  Test-StrengthReduction_UnsignedPowerOfTwoKeepsBothFlagPolicies  ok (53 us)
  Test-StrengthReduction_AddSubZeroPreservesLiveResultsAndFlags  ok (138 us)
  Test-ValueNumbering_DedupIdenticalCompute  ok (56 us)
  Test-ValueNumbering_KeepsDifferentInputs  ok (34 us)
  Test-ValueNumbering_KeepsComputeWithLiveFlags  ok (38 us)
  Test-ValueNumbering_DedupLoadAddress  ok (31 us)
  Test-ValueNumbering_KeepsComputeWhenSourceClobbered  ok (31 us)
  Test-ValueNumbering_DedupRepeatedLoad  ok (39 us)
  Test-ValueNumbering_DedupRepeatedFieldLoad  ok (34 us)
  Test-ValueNumbering_KeepsLoadAcrossStore  ok (52 us)
  Test-ValueNumbering_KeepsLoadAcrossLabel  ok (48 us)
  Test-ValueNumbering_DedupLoadAcrossFallthroughBranch  ok (60 us)
  Test-ValueNumbering_DedupPlainLoadAfterExtendingLoad  ok (46 us)
  Test-ValueNumbering_ExtendsEarlierPlainLoad  ok (45 us)
  Test-ValueNumbering_KeepsFrameLoadsForMemToReg  ok (34 us)
  Test-ValueNumbering_PhysicalBasesStayOpaqueBeforeVirtualLoads  ok (49 us)
  Test-ValueNumbering_AddressWidthsStayDistinctBeforeAcceptedLoads  ok (40 us)
  Test-ValueNumbering_FrameClassificationIncludesLaterDefinitions  ok (71 us)
  Test-ValueNumbering_SharesScalarFloatLiteralBits  ok (181 us)
  Test-ValuPATCH 000002018DBC9480 __hostTlsAlloc address=00000201EE7AC000
PATCH 000002018D269C30 __tlsGetValue address=00000201EE7B2000
PATCH 000002018DBE7B68 __hostPageCommit address=00000201EE7B0000
PATCH 000002018D26A468 __tlsSetValue address=00000201EE7B7000
PATCH 000002018DBF1800 __bootstrapFree address=00000201EE7B8000
PATCH 000002018DBE8BD8 __hostPageRelease address=00000201EE7B1000
PATCH 000002018D9093A0 installed address=00000201EE7BA000
PATCH 000002018D908B68 configure address=00000201EE7BB000
PATCH 000002018DBE7330 __hostPageReserve address=00000201EE7AE000
PATCH 000002018D908330 setup address=00000201EE7BC000
PATCH 000002018D909BD8 diagnosticMode address=00000201EE7BE000
PATCH 000002018DBF0FC8 __bootstrapAlloc address=00000201EE7B3000
PATCH 000002018D970020 lockDiagnostic address=00000201EE7C0000
PATCH 000002018D9739A8 defaultAllocator address=00000201EE7B9000
PATCH 000002018D970858 unlockDiagnostic address=00000201EE7C2000
PATCH 000002018DBEA3F8 unlock address=00000201EE7C1000
PATCH 000002018DBE9BC0 lock address=00000201EE7BF000
PATCH 000002018E8B31D8 atomicAddU64 address=00000201EE7C7000
PATCH 000002018D9583A0 usesHeaderPath address=00000201EE7C3000
PATCH 000002018D9518C8 userAddress address=00000201EE7CC000
PATCH 000002018D90A410 osAlloc address=00000201EE7CA000
PATCH 000002018D953170 setFooterMagic address=00000201EE7CF000
PATCH 000002018E8B29A0 atomicGet address=00000201EE7D3000
PATCH 000002018E8B9148 decode address=00000201EE7D6000
PATCH 000002018D954A18 linkAllocated address=00000201EE7D1000
PATCH 000002018E8B80D8 isBlockAddress address=00000201EE7D7000
PATCH 000002018E8BE640 segmentBase address=00000201EE7DB000
PATCH 000002018E8D4A18 allocatorSegmentOf address=00000201EE7DA000
PATCH 000002018E8B3A10 atomicSubU64 address=00000201EE7DF000
PATCH 000002018E8B5AF0 allocatorOsDecommit address=00000201EE7E0000
PATCH 000002018E8BB228 unlockRemote address=00000201EE7D5000
PATCH 000002018E8D1090 clearPageBit address=00000201EE7E1000
PATCH 000002018D90D560 unlinkHeap address=00000201EE7E3000
PATCH 000002018E8B4248 atomicSubU32 address=00000201EE7D8000
PATCH 000002018DBE83A0 __hostPageDecommit address=00000201EE7DE000
PATCH 000002018D90B480 osFree address=00000201EE7E4000
PATCH 000002018D902C08 retireAllocatorThreadHeap address=00000201EE7E6000
PATCH 000002018E8BA9F0 lockRemote address=00000201EE7D4000
PATCH 000002018D903C78 currentAllocatorThreadHeap address=00000201EE7EB000
PATCH 000002018D903440 allocatorThreadHeapFlsId address=00000201EE7E9000
PATCH 000002018D90C4F0 threadHeap address=00000201EE7EF000
PATCH 000002018D906A88 classUnitShift address=00000201EE7F1000
PATCH 000002018D9044B0 setCurrentAllocatorThreadHeap address=00000201EE7ED000
PATCH 000002018E8B6568 allocatorNextKey address=00000201EE7F5000
PATCH 000002018DBCCE08 __hostCurrentThreadId address=00000201EE7F2000
PATCH 000002018E8B4A80 osReserve address=00000201EE7FA000
PATCH 000002018E8B52B8 allocatorOsCommit address=00000201EE7F4000
PATCH 000002018D904CE8 currentThreadId address=00000201EE7F6000
PATCH 000002018E8D3170 allocatorAcquireSegment address=00000201EE7FE000
PATCH 000002018D952938 footerMagic address=00000201EE804000
PATCH 000002018D955250 unlinkAllocated address=00000201EE806000
PATCH 000002018D971090 alloc address=00000201EE802000
PATCH 000002018D957B68 freeHeaderBlock address=00000201EE80A000
PATCH 000002018E8B8910 encode address=00000201EE80C000
PATCH 000002018E8BC298 pushRemote address=00000201EE80E000
PATCH 000002018D9718C8 realloc address=00000201EE813000
PATCH 000002018E8D18C8 isEmpty address=00000201EE815000
PATCH 000002018D972100 free address=00000201EE814000
PATCH 000002018E8D39A8 allocatorReleaseSegment address=00000201EE816000
PATCH 000002018D973170 assertAllocated address=00000201EE81B000
PATCH 000002018D26ACA0 __tlsGetPtr address=00000201EE81D000
PATCH 000002018D271790 __concreteAlias address=00000201EE81E000
PATCH 000002018D272800 Swag.typeAs address=00000201EE822000
PATCH 000002018DAC5358 __utoa address=00000201EE824000
PATCH 000002018E8BD308 holdsFreeBlock address=00000201EE819000
PATCH 000002018DAC6C00 __printS64 address=00000201EE827000
PATCH 000002018DAC4B20 __itoa address=00000201EE826000
PATCH 000002018DAC63C8 __printU64 address=00000201EE825000
PATCH 000002018DAC84A8 Swag.stringCmp address=00000201EE820000
PATCH 000002018DAC7438 __printF64 address=00000201EE829000
PATCH 000002018D214BB0 __hostImageBaseForAddress address=00000201EE82B000
PATCH 000002018DAC5B90 __ftoa address=00000201EE828000
PATCH 000002018D2174C8 __hostReleaseDecodedDebugSection address=00000201EE82C000
PATCH 000002018D215C20 __peU32 address=00000201EE82D000
PATCH 000002018D2153E8 __peU16 address=00000201EE82E000
PATCH 000002018D972938 freeAll address=00000201EE818000
PATCH 000002018D216C90 __hostDecodeDebugSection address=00000201EE830000
PATCH 000002018D265E78 __dbgFindSection address=00000201EE832000
PATCH 000002018D2666B0 __dbgStr address=00000201EE833000
PATCH 000002018D267720 __hasStackTraceSymbols address=00000201EE836000
PATCH 000002018D25F6B0 __exitError address=00000201EE839000
PATCH 000002018D2693F8 __tlsAlloc address=00000201EE83B000
PATCH 000002018D267F58 __logStackTrace address=00000201EE837000
PATCH 000002018D265640 __dbgU32 address=00000201EE831000
PATCH 000002018D92A6F0 swagLifecycleInitWrapper address=00000201EE83E000
PATCH 000002018D275BA0 Swag.jit address=00000201EE83C000
PATCH 000002018DABC420 __run_expr_2 address=00000201EE83D000
PATCH 000002018D266EE8 __symbolize address=00000201EE834000
PATCH 000002018DBC9CB8 __hostTlsGet address=00000201EE7AF000
PATCH 000002018DBF0790 __bootstrapRoundedSize address=00000201EE7AD000
PATCH 000002018D27C228 Swag.memcpy address=00000201EE7B5000
PATCH 000002018DBCA4F0 __hostTlsSet address=00000201EE7B6000
PATCH 000002018D27A980 __memoryCopyForward address=00000201EE7B4000
PATCH 000002018D905A18 classSize address=00000201EE7C6000
PATCH 000002018D9072C0 memAlign address=00000201EE7C5000
PATCH 000002018D90AC48 osAllocGuarded address=00000201EE7C8000
PATCH 000002018D9562C0 popCachedBlock address=00000201EE7C9000
PATCH 000002018D25DE08 __raiseException666 address=00000201EE7BD000
PATCH 000002018D27B9F0 Swag.memset address=00000201EE7CE000
PATCH 000002018D906250 sizeClass address=00000201EE7C4000
PATCH 000002018D214378 __captureStack address=00000201EE7D0000
PATCH 000002018D951090 headerOf address=00000201EE7CB000
PATCH 000002018E8BBA60 collectRemote address=00000201EE7D9000
PATCH 000002018E8D2100 allocatorAddArena address=00000201EE7FB000
PATCH 000002018E8BEE78 pageCommitStart address=00000201EE7DC000
PATCH 000002018D957330 allocateHeaderBlock address=00000201EE7D2000
PATCH 000002018D952100 footer address=00000201EE7CD000
PATCH 000002018E8BF6B0 pageCommitEnd address=00000201EE7DD000
PATCH 000002018DBCAD28 __hostThreadStorageAlloc address=00000201EE7E7000
PATCH 000002018DBCB560 __hostThreadStorageFree address=00000201EE7E8000
PATCH 000002018D90CD28 retireThreadHeap address=00000201EE7E5000
PATCH 000002018DBCBD98 __hostThreadStorageGet address=00000201EE7EA000
PATCH 000002018D90BCB8 allocateThreadHeap address=00000201EE7EE000
PATCH 000002018DBCC5D0 __hostThreadStorageSet address=00000201EE7EC000
PATCH 000002018E8BCAD0 acquireBlock address=00000201EE7F0000
PATCH 000002018D90DD98 linkPage address=00000201EE7F3000
PATCH 000002018E8B78A0 setupBlockDivision address=00000201EE7F7000
PATCH 000002018E8B7068 setup address=00000201EE7F8000
PATCH 000002018E8D2938 allocatorCreateSegment address=00000201EE7FC000
PATCH 000002018D90EE08 acquirePageForClass address=00000201EE7FD000
PATCH 000002018D950020 acquireBlock address=00000201EE800000
PATCH 000002018E8D0020 acquirePage address=00000201EE7F9000
PATCH 000002018D90F640 acquireBlockSlow address=00000201EE7FF000
PATCH 000002018D958BD8 allocate address=00000201EE801000
PATCH 000002018D9541E0 checkAllocated address=00000201EE805000
PATCH 000002018E8D0858 releasePage address=00000201EE7E2000
PATCH 000002018D955A88 quarantine address=00000201EE808000
PATCH 000002018D956AF8 cacheFreedBlock address=00000201EE809000
PATCH 000002018D959C48 checkPageAddress address=00000201EE80B000
PATCH 000002018E8BDB40 releaseBlock address=00000201EE80F000
PATCH 000002018D90E5D0 unlinkPage address=00000201EE812000
PATCH 000002018D950858 retirePage address=00000201EE80D000
PATCH 000002018D9539A8 checkFree address=00000201EE807000
PATCH 000002018D95A480 freeBlock address=00000201EE810000
PATCH 000002018D95CD98 releaseAll address=00000201EE817000
PATCH 000002018E8D41E0 allocatorPageOf address=00000201EE803000
PATCH 000002018D95ACB8 assertIsAllocated address=00000201EE81A000
PATCH 000002018D959410 reallocate address=00000201EE811000
PATCH 000002018D25D5D0 __printString address=00000201EE823000
DEFER 000002018D140458 swagLifecycleInitWrapper shard=0 offset=4192 address=0000000000000000
PATCH 000002018D27D298 Swag.memcmp address=00000201EE81F000
PATCH 000002018D216458 __hostDebugSection address=00000201EE82F000
DEFER 000002018D95EE78 opDrop shard=0 offset=4200 address=0000000000000000
PATCH 000002018D273038 Swag.typeCmp address=00000201EE821000
DEFER 000002018CEAEAD8 swagLifecycleInitWrapper shard=0 offset=6712 address=0000000000000000
PATCH 000002018DBFAE08 Swag.safetyPanic address=00000201EE835000
PATCH 000002018DBF9D98 __printPanicReport address=00000201EE838000
PATCH 000002018DBFA5D0 Swag.panic address=00000201EE83A000
DEFER 000002018D0DB5C0 swagLifecycleInitWrapper shard=0 offset=7400 address=0000000000000000
DEFER 000002018E8CC270 swagLifecycleInitWrapper shard=0 offset=8496 address=0000000000000000
DEFER 000002018E8ED7E8 swagLifecycleInitWrapper shard=0 offset=10240 address=0000000000000000
DEFER 000002018DABE438 swagLifecycleInitWrapper shard=0 offset=11064 address=0000000000000000
DEFER 000002018DABD710 swagLifecycleInitWrapper shard=0 offset=12152 address=0000000000000000
PATCH 000002018DAC7C70 Swag.print address=00000201EE82A000
DEFER 000002018CCF5128 swagLifecycleInitWrapper shard=0 offset=13352 address=0000000000000000
DEFER 000002018DA97F60 swagLifecycleInitWrapper shard=0 offset=13960 address=0000000000000000
PATCH 000002018D2763D8 __runtimeAllocator address=00000201EE81C000
PATCH 000002018D276C10 __ensureRuntimeAllocator address=00000201EE83F000
PATCH 000002018D268BC0 __releaseTlsVar address=00000201EE842000
PATCH 000002018DABA010 swagLifecycleInitWrapper address=00000201EE848000
PATCH 000002018E8B2168 atomicGet address=00000201EE843000
PATCH 000002018D279D60 __dropGlobalVariables address=00000201EE849000
PATCH 000002018E8DBB60 assertAllocated address=00000201EE84A000
PATCH 000002018DBF6C48 __clearErr address=00000201EE840000
PATCH 000002018DABD710 swagLifecycleInitWrapper address=00000201EE850000
PATCH 000002018D97E720 swagLifecycleInitWrapper address=00000201EE851000
PATCH 000002018D26E198 swagLifecycleInitWrapper address=00000201EE854000
PATCH 000002018E8ED7E8 swagLifecycleInitWrapper address=00000201EE853000
PATCH 000002018E8F0020 swagLifecycleInitWrapper address=00000201EE857000
PATCH 000002018DABE438 swagLifecycleInitWrapper address=00000201EE852000
PATCH 000002018E8EC898 swagLifecycleInitWrapper address=00000201EE84B000
PATCH 000002018C955BA0 swagLifecycleInitWrapper address=00000201EE85D000
PATCH 000002018D21A220 swagLifecycleInitWrapper address=00000201EE858000
PATCH 000002018D21DC98 opEquals address=00000201EE85F000
PATCH 000002018E8F3440 swagLifecycleInitWrapper address=00000201EE860000
PATCH 000002018D274288 __convertArgcArgv address=00000201EE85B000
PATCH 000002018DA92870 swagLifecycleInitWrapper address=00000201EE861000
PATCH 000002018C956FF8 swagLifecycleInitWrapper address=00000201EE862000
PATCH 000002018DAD3230 swagLifecycleInitWrapper address=00000201EE863000
PATCH 000002018D21D198 swagLifecycleInitWrapper address=00000201EE859000
PATCH 000002018DA94950 swagLifecycleInitWrapper address=00000201EE866000
PATCH 000002018D21F6E8 opEquals address=00000201EE868000
PATCH 000002018D21EBE8 swagLifecycleInitWrapper address=00000201EE85E000
PATCH 000002018DA96458 swagLifecycleInitWrapper address=00000201EE86C000
PATCH 000002018C95A090 swagLifecycleInitWrapper address=00000201EE86B000
PATCH 000002018DA96F58 opEquals address=00000201EE86E000
PATCH 000002018DA97F60 swagLifecycleInitWrapper address=00000201EE86F000
PATCH 000002018C957AF8 opEquals address=00000201EE869000
PATCH 000002018DA95450 opEquals address=00000201EE86D000
PATCH 000002018DA98A60 opEquals address=00000201EE871000
PATCH 000002018D2702F0 __test_0 address=00000201EE872000
PATCH 000002018DBF9560 Swag.compilerWarning address=00000201EE875000
PATCH 000002018D92BBF0 __lambda_94 address=00000201EE876000
PATCH 000002018DBF8D28 Swag.compilerError address=00000201EE874000
PATCH 000002018DADBEB8 load address=00000201EE877000
PATCH 000002018C908668 swagLifecycleInitWrapper address=00000201EE879000
PATCH 000002018DADC6F0 store address=00000201EE878000
PATCH 000002018DA85DA8 raise address=00000201EE87B000
PATCH 000002018DADCF28 exchange address=00000201EE87A000
PATCH 000002018DAF1358 swagLifecycleInitWrapper address=00000201EE87C000
PATCH 000002018C9039A8 load address=00000201EE87D000
PATCH 000002018C95AB90 opEquals address=00000201EE87E000
PATCH 000002018DACC5E0 workerCount address=00000201EE87F000
PATCH 000002018E8F65B0 swagLifecycleInitWrapper address=00000201EE870000
PATCH 000002018DADE7D0 sub address=00000201EE880000
PATCH 000002018C9021A8 swagLifecycleInitWrapper address=00000201EE881000
PATCH 000002018D24EE78 Swag.sinh address=00000201EE882000
PATCH 000002018D2518C8 Swag.tanh address=00000201EE884000
PATCH 000002018D251090 Swag.tanh address=00000201EE885000
PATCH 000002018D250020 Swag.cosh address=00000201EE883000
PATCH 000002018D254A18 Swag.atan address=00000201EE888000
PATCH 000002018D2541E0 Swag.atan address=00000201EE889000
PATCH 000002018D250858 Swag.cosh address=00000201EE886000
PATCH 000002018D255A88 Swag.log address=00000201EE88A000
PATCH 000002018D252938 Swag.asin address=00000201EE88C000
PATCH 000002018D256AF8 Swag.log2 address=00000201EE88F000
PATCH 000002018D253170 Swag.acos address=00000201EE88B000
PATCH 000002018D255250 Swag.log address=00000201EE88D000
PATCH 000002018D257330 Swag.log10 address=00000201EE892000
PATCH 000002018D2583A0 Swag.exp address=00000201EE891000
PATCH 000002018D2562C0 Swag.log2 address=00000201EE890000
PATCH 000002018D257B68 Swag.log10 address=00000201EE895000
PATCH 000002018D2539A8 Swag.acos address=00000201EE88E000
PATCH 000002018D258BD8 Swag.exp address=00000201EE896000
PATCH 000002018D252100 Swag.asin address=00000201EE887000
PATCH 000002018D259C48 Swag.exp2 address=00000201EE894000
PATCH 000002018D25B4F0 Swag.atan2 address=00000201EE899000
PATCH 000002018D259410 Swag.exp2 address=00000201EE893000
PATCH 000002018E8FDB38 swagLifecycleInitWrapper address=00000201EE89B000
PATCH 000002018D208D18 swagLifecycleInitWrapper address=00000201EE89C000
PATCH 000002018D25ACB8 Swag.pow address=00000201EE898000
PATCH 000002018DA9F270 swagLifecycleInitWrapper address=00000201EE89D000
PATCH 000002018DAF1E58 swagLifecycleInitWrapper address=00000201EE8A0000
PATCH 000002018D25A480 Swag.pow address=00000201EE89A000
PATCH 000002018DACAD38 hasSerialWorkerPool address=00000201EE8A5000
PATCH 000002018DADDF98 add address=00000201EE89E000
PATCH 000002018D25E640 __loaddll address=00000201EE8AA000
PATCH 000002018D25BD28 Swag.atan2 address=00000201EE897000
PATCH 000002018DBE1090 __hostLockExclusive address=00000201EE8AC000
PATCH 000002018D213B40 __hostTestRestoreHardwareFilter address=00000201EE8A8000
PATCH 000002018DBE18C8 __hostUnlockExclusive address=00000201EE8AE000
PATCH 000002018D25EE78 __exit address=00000201EE8A9000
PATCH 000002018D25CD98 __hostHasAvx2 address=00000201EE8AF000
PATCH 000002018D211090 __hostTestAbort address=00000201EE8AD000
PATCH 000002018DBCE6B0 __hostThreadYield address=00000201EE8B0000
PATCH 000002018DBCD640 __hostThreadCreate address=00000201EE8B1000
PATCH 000002018DBCEEE8 __hostThreadSleep address=00000201EE8B2000
PATCH 000002018DBE2100 __hostTryLockExclusive address=00000201EE8B4000
PATCH 000002018DBE39A8 __hostTryLockShared address=00000201EE8B5000
PATCH 000002018DBE3170 __hostUnlockShared address=00000201EE8B7000
PATCH 000002018DBE2938 __hostLockShared address=00000201EE8B6000
PATCH 000002018DBCF720 __hostProcessorCount address=00000201EE8B3000
PATCH 000002018DBCDE78 __hostThreadJoin address=00000201EE8B9000
PATCH 000002018D24BD28 Swag.sin address=00000201EE8BC000
PATCH 000002018DBE41E0 __hostConditionInit address=00000201EE8B8000
PATCH 000002018DBE4A18 __hostConditionWake address=00000201EE8BA000
PATCH 000002018D24CD98 Swag.cos address=00000201EE8BD000
PATCH 000002018D24DE08 Swag.tan address=00000201EE8BE000
PATCH 000002018DBE5250 __hostConditionWakeAll address=00000201EE8BB000
PATCH 000002018DBE5A88 __hostConditionWait address=00000201EE8C0000
PATCH 000002018D24E640 Swag.tan address=00000201EE8C1000
PATCH 000002018D24F6B0 Swag.sinh address=00000201EE8C2000
PATCH 000002018D24D5D0 Swag.cos address=00000201EE8BF000
PATCH 000002018D24C560 Swag.sin address=00000201EE8C3000
PATCH 000002018DAE7A78 swagLifecycleInitWrapper address=00000201EE8C6000
PATCH 000002018E882600 swagLifecycleInitWrapper address=00000201EE8C7000
PATCH 000002018DAE0020 swagLifecycleInitWrapper address=00000201EE8C4000
PATCH 000002018C973BF0 swagLifecycleInitWrapper address=00000201EE8C8000
PATCH 000002018D235CA8 swagLifecycleInitWrapper address=00000201EE8CA000
PATCH 000002018E8DCFE8 lock address=00000201EE8CB000
PATCH 000002018E8DD820 unlock address=00000201EE8CC000
PATCH 000002018DAE94E0 swagLifecycleInitWrapper address=00000201EE8C9000
PATCH 000002018E8DF040 lock address=00000201EE8CD000
PATCH 000002018E8E18C8 unlockShared address=00000201EE8CE000
PATCH 000002018E8E0020 unlock address=00000201EE8CF000
PATCH 000002018DAE5988 swagLifecycleInitWrapper address=00000201EE8C5000
PATCH 000002018E8E4158 wake address=00000201EE8D0000
PATCH 000002018CCD7A38 swagLifecycleInitWrapper address=00000201EE8D3000
PATCH 000002018D92B1F0 opEquals address=00000201EE8D5000
PATCH 000002018DAB1090 popWork address=00000201EE8DB000
PATCH 000002018E8E4990 wakeAll address=00000201EE8D2000
PATCH 000002018DA86E18 reset address=00000201EE8DD000
PATCH 000002018E8E1090 lockShared address=00000201EE8D1000
PATCH 000002018DA865E0 isRaised address=00000201EE8DE000
PATCH 000002018DAB0858 wakeWorkObservers address=00000201EE8D6000
PATCH 000002018DBFBE78 __compilerError address=00000201EE8DF000
PATCH 000002018DAB41E0 drainWork address=00000201EE8D7000
PATCH 000002018CCFE598 __lambda_193 address=00000201EE8E1000
PATCH 000002018DAB5A18 resumeFailedTest address=00000201EE8E0000
PATCH 000002018E8E8208 setParticipants address=00000201EE8E4000
PATCH 000002018E8DB328 freeAll address=00000201EE8E5000
PATCH 000002018CCD8538 opEquals address=00000201EE8DC000
PATCH 000002018DAB93A0 __testsDone address=00000201EE8EF000
PATCH 000002018DBF2250 __dropErr address=00000201EE8F0000
PATCH 000002018D273870 Swag.tableOf address=00000201EE8F2000
PATCH 000002018D976EA0 isPending address=00000201EE8EA000
PATCH 000002018D275368 Swag.runtimeFlags address=00000201EE8F3000
PATCH 000002018D271FC8 Swag.typeIs address=00000201EE8F4000
PATCH 000002018DAB6A88 __testHardwareException address=00000201EE8F1000
PATCH 000002018E8E5978 setPermits address=00000201EE8E3000
PATCH 000002018DBF5BD8 __endErr address=00000201EE8F7000
PATCH 000002018DBF4330 __isErrContext address=00000201EE8F9000
PATCH 000002018DBF4B68 __pushErr address=00000201EE8FA000
PATCH 000002018DBF6410 __bindErr address=00000201EE8F8000
PATCH 000002018DBF84F0 __stackTrace address=00000201EE8FB000
PATCH 000002018DBF3AF8 __hasErr address=00000201EE8F6000
PATCH 000002018DBF7480 __catchErr address=00000201EE8FC000
PATCH 000002018D978F80 runTaskBody address=00000201EE8FD000
PATCH 000002018DAB6250 __testPanicHandler address=00000201EE8FF000
PATCH 000002018DBFB640 __panic address=00000201EE902000
PATCH 000002018D975E30 opDrop address=00000201EE900000
PATCH 000002018C905250 compareExchange address=00000201EE903000
PATCH 000002018D136718 __lambda_253 address=00000201EE901000
PATCH 000002018C9041E0 store address=00000201EE904000
PATCH 000002018D25C560 __osCommandLine address=00000201EE908000
PATCH 000002018DBF7CB8 __failedExpect address=00000201EE907000
PATCH 000002018DBF53A0 __popErr address=00000201EE8FE000
PATCH 000002018D26B4D8 __tlsVarPtr address=00000201EE906000
PATCH 000002018DAC8CE0 __sliceCmp address=00000201EE90D000
PATCH 000002018C906AF8 bitAnd address=00000201EE90E000
PATCH 000002018D27CA60 Swag.memmove address=00000201EE90A000
PATCH 000002018D27B1B8 __memoryCopyBackward address=00000201EE90B000
PATCH 000002018DAB0020 releaseObserverSlot address=00000201EE90F000
PATCH 000002018D27E558 parallelProfile address=00000201EE909000
PATCH 000002018DAB3170 waitWork address=00000201EE910000
PATCH 000002018C907330 bitOr address=00000201EE911000
PATCH 000002018DAB7AF8 __isTestFileSelected address=00000201EE913000
PATCH 000002018DAB8330 __isTestTagSelected address=00000201EE912000
PATCH 000002018E8BA1B8 capacityBytes address=00000201EE916000
PATCH 000002018E8B9980 liveCount address=00000201EE917000
PATCH 000002018D907AF8 printDisplaySize address=00000201EE915000
PATCH 000002018E8E61B0 acquire address=00000201EE919000
PATCH 000002018DACF730 claimObserverSlot address=00000201EE914000
PATCH 000002018E8D6EA0 alloc address=00000201EE91C000
PATCH 000002018E8E69E8 tryAcquire address=00000201EE918000
PATCH 000002018DBE0858 __hostMonotonicFrequency address=00000201EE91E000
PATCH 000002018DBE0020 __hostMonotonicTicks address=00000201EE91D000
PATCH 000002018E8D6668 freeMem address=00000201EE91A000
PATCH 000002018E8D5E30 align address=00000201EE91F000
PATCH 000002018E8D9248 free address=00000201EE921000
PATCH 000002018DACEEF8 hasWorkObserver address=00000201EE920000
PATCH 000002018D97BA88 wait address=00000201EE926000
PATCH 000002018DAB8B68 __runTest address=00000201EE924000
PATCH 000002018CCF5128 swagLifecycleInitWrapper address=00000201EE929000
PATCH 000002018E8D9A80 allocBlock address=00000201EE928000
PATCH 000002018D4E8220 symbol address=00000201EE927000
PATCH 000002018D083C80 swagLifecycleInitWrapper address=00000201EE92E000
PATCH 000002018E8CC270 swagLifecycleInitWrapper address=00000201EE92A000
PATCH 000002018E8CD210 swagLifecycleInitWrapper address=00000201EE92F000
PATCH 000002018CCF82D8 swagLifecycleInitWrapper address=00000201EE930000
PATCH 000002018CCF7720 opEquals address=00000201EE931000
PATCH 000002018CCF5C28 opEquals address=00000201EE932000
PATCH 000002018C9E9228 opEquals address=00000201EE933000
PATCH 000002018D084838 opEquals address=00000201EE934000
PATCH 000002018CCF8DD8 opEquals address=00000201EE935000
PATCH 000002018C9EAFA8 swagLifecycleInitWrapper address=00000201EE936000
PATCH 000002018CEA9D78 swagLifecycleInitWrapper address=00000201EE92C000
PATCH 000002018CCF9990 opEquals address=00000201EE938000
PATCH 000002018D086678 swagLifecycleInitWrapper address=00000201EE939000
PATCH 000002018CEACC10 swagLifecycleInitWrapper address=00000201EE93A000
PATCH 000002018C9EA280 opEquals address=00000201EE93B000
PATCH 000002018CCF6C20 swagLifecycleInitWrapper address=00000201EE92D000
PATCH 000002018D058050 swagLifecycleInitWrapper address=00000201EE937000
PATCH 000002018E8CEAF0 opEquals address=00000201EE93F000
PATCH 000002018E8CDD10 opEquals address=00000201EE93C000
PATCH 000002018C9E8728 swagLifecycleInitWrapper address=00000201EE92B000
PATCH 000002018CCFD0F0 swagLifecycleInitWrapper address=00000201EE93D000
PATCH 000002018D057270 opEquals address=00000201EE93E000
PATCH 000002018D058B50 opEquals address=00000201EE941000
PATCH 000002018C9EBAA8 opEquals address=00000201EE942000
PATCH 000002018C9EC5A8 swagLifecycleInitWrapper address=00000201EE944000
PATCH 000002018CC81570 swagLifecycleInitWrapper address=00000201EE947000
PATCH 000002018C9ED0A8 opEquals address=00000201EE943000
PATCH 000002018D087230 opEquals address=00000201EE948000
PATCH 000002018D1317F8 swagLifecycleInitWrapper address=00000201EE945000
PATCH 000002018D05ABD0 swagLifecycleInitWrapper address=00000201EE94A000
PATCH 000002018D059708 opEquals address=00000201EE946000
PATCH 000002018CEAEAD8 swagLifecycleInitWrapper address=00000201EE94B000
PATCH 000002018CCFDBF0 opEquals address=00000201EE94C000
PATCH 000002018D1327C8 swagLifecycleInitWrapper address=00000201EE949000
PATCH 000002018CEAD710 opEquals address=00000201EE94D000
PATCH 000002018E8CF6A8 opEquals address=00000201EE940000
PATCH 000002018D97AA18 opDrop address=00000201EE951000
PATCH 000002018E8D76D8 release address=00000201EE950000
PATCH 000002018DAC40D0 reversed address=00000201EE952000
PATCH 000002018D97C2C0 cancel address=00000201EE94F000
PATCH 000002018D97D330 reserveChild address=00000201EE954000
PATCH 000002018D263920 parallelChunkEntry address=00000201EE953000
PATCH 000002018E8E7220 release address=00000201EE957000
PATCH 000002018D141190 __lambda_475 address=00000201EE95A000
PATCH 000002018E8E8A40 arrive address=00000201EE959000
PATCH 000002018E8DAAF0 realloc address=00000201EE956000
PATCH 000002018D95D5D0 checkAllMemory address=00000201EE95C000
PATCH 000002018DAB4A18 __shutdownScheduler address=00000201EE958000
PATCH 000002018D261008 record address=00000201EE955000
PATCH 000002018D97CAF8 isCancelled address=00000201EE961000
PATCH 000002018D9776D8 isDone address=00000201EE962000
PATCH 000002018D9741E0 releaseAllocatorThreadCache address=00000201EE963000
PATCH 000002018D07E5D0 swagLifecycleInitWrapper address=00000201EE967000
PATCH 000002018D140458 swagLifecycleInitWrapper address=00000201EE968000
PATCH 000002018D95C560 releaseEmptySegments address=00000201EE965000
PATCH 000002018D07F0D0 opEquals address=00000201EE969000
PATCH 000002018D0DB5C0 swagLifecycleInitWrapper address=00000201EE966000
PATCH 000002018D278CF0 __releaseRuntime address=00000201EE964000
PATCH 000002018D95B4F0 stats address=00000201EE96A000
PATCH 000002018D2784B8 __setupRuntime address=00000201EE96D000
PATCH 000002018DAB2100 schedulerWorkerEntry address=00000201EE96E000
PATCH 000002018D95DE08 printLeaks address=00000201EE96C000
PATCH 000002018D210020 __hostTestResumeContext address=00000201EE96F000
PATCH 000002018C9CEAB0 __closure_adapter_581 address=00000201EE971000
PATCH 000002018DBE6AF8 __hostAppendHex address=00000201EE973000
PATCH 000002018D212AD0 __hostTestUnhandledFilter address=00000201EE970000
PATCH 000002018D0CF620 __closure_adapter_582 address=00000201EE972000
PATCH 000002018D974A18 installAllocator address=00000201EE96B000
PATCH 000002018DAB72C0 __isTestRun address=00000201EE841000
PATCH 000002018D274AC0 Swag.args address=00000201EE844000
PATCH 000002018DAB18C8 runPendingWork address=00000201EE846000
PATCH 000002018D277C80 __checkCpuBaseline address=00000201EE856000
PATCH 000002018DACBDA8 startWorkers address=00000201EE845000
PATCH 000002018DBF32C0 __setErr address=00000201EE847000
PATCH 000002018DACD650 activeScheduler address=00000201EE85C000
PATCH 000002018DACB570 schedulerInstance address=00000201EE864000
PATCH 000002018D260020 __parallelRange address=00000201EE855000
PATCH 000002018DBF2A88 __setErrRaw address=00000201EE86A000
PATCH 000002018D21AD20 opEquals address=00000201EE85A000
PATCH 000002018D279528 __closeRuntime address=00000201EE873000
PATCH 000002018E8F0B20 opEquals address=00000201EE865000
PATCH 000002018E8DE058 tryLock address=00000201EE89F000
PATCH 000002018E8F3F40 opEquals address=00000201EE867000
PATCH 000002018E8E0858 tryLock address=00000201EE8A1000
PATCH 000002018E8E2100 tryLockShared address=00000201EE8A2000
PATCH 000002018E8E30E8 wait address=00000201EE8A6000
PATCH 000002018D210858 __hostTestResume address=00000201EE8A4000
PATCH 000002018E8E3920 waitFor address=00000201EE8A7000
PATCH 000002018D2118C8 __hostTestCall address=00000201EE8A3000
PATCH 000002018E8D7F10 releaseAll address=00000201EE8E8000
PATCH 000002018D213308 __hostTestInstallHardwareFilter address=00000201EE8AB000
PATCH 000002018D264158 runParallelChunk address=00000201EE905000
PATCH 000002018D27ED90 recordParallelCost address=00000201EE90C000
PATCH 000002018DACCE18 setWorkerCount address=00000201EE8D4000
PATCH 000002018DAB2938 submitWork address=00000201EE8D8000
PATCH 000002018DAB39A8 parkWorkObserver address=00000201EE8DA000
PATCH 000002018DACE6C0 runWork address=00000201EE8D9000
PATCH 000002018E8DA2B8 alloc address=00000201EE8E6000
PATCH 000002018D97DB68 groupChildEntry address=00000201EE8E2000
PATCH 000002018D976668 submit address=00000201EE8EC000
PATCH 000002018E8D8748 setCapacity address=00000201EE8E7000
PATCH 000002018D277448 __resetRuntimeContext address=00000201EE8F5000
PATCH 000002018D977F10 wait address=00000201EE8E9000
PATCH 000002018D261840 opDrop address=00000201EE8EB000
PATCH 000002018D05C2D0 __closure_216 address=00000201EE8ED000
PATCH 000002018D262078 __parallelRangeFallible address=00000201EE8EE000
PATCH 000002018D2628B0 parallelRange address=00000201EE91B000
PATCH 000002018DBE62C0 __hostProcessSingleton address=00000201EE922000
PATCH 000002018D97B250 spawn address=00000201EE925000
PATCH 000002018D2630E8 dispatchParallelRange address=00000201EE923000
PATCH 000002018D978748 taskEntry address=00000201EE95B000
PATCH 000002018D95EE78 opDrop address=00000201EE95E000
PATCH 000002018D95E640 release address=00000201EE95F000
PATCH 000002018D95BD28 trim address=00000201EE960000
PATCH 000002018DACDE88 startWorkers address=00000201EE95D000
PATCH 000002018CC18C48 __hostTlsAlloc address=00000201EE9CC000
PATCH 000002018CC56AF8 __hostPageReserve address=00000201EE9D0000
PATCH 000002018CC583A0 __hostPageRelease address=00000201EE9D2000
PATCH 000002018C557F98 __tlsSetValue address=00000201EE9D7000
PATCH 000002018CC21800 __bootstrapFree address=00000201EE9D8000
PATCH 000002018D2893A0 installed address=00000201EE9DA000
PATCH 000002018D2E39A8 defaultAllocator address=00000201EE9D9000
PATCH 000002018CC20FC8 __bootstrapAlloc address=00000201EE9D3000
PATCH 000002018CC57330 __hostPageCommit address=00000201EE9CF000
PATCH 000002018D2E0020 lockDiagnostic address=00000201EE9E0000
PATCH 000002018D288B68 configure address=00000201EE9DB000
PATCH 000002018CC59BC0 unlock address=00000201EE9E1000
PATCH 000002018D2E0858 unlockDiagnostic address=00000201EE9E2000
PATCH 000002018D2A83A0 usesHeaderPath address=00000201EE9E4000
PATCH 000002018CC59388 lock address=00000201EE9DF000
PATCH 000002018C5631D8 atomicAddU64 address=00000201EE9E7000
PATCH 000002018D28A410 osAlloc address=00000201EE9EA000
PATCH 000002018D288330 setup address=00000201EE9DC000
PATCH 000002018D289BD8 diagnosticMode address=00000201EE9DE000
PATCH 000002018D2A18C8 userAddress address=00000201EE9EC000
PATCH 000002018D2A2100 footer address=00000201EE9EE000
PATCH 000002018C5629A0 atomicGet address=00000201EE9F3000
PATCH 000002018D2A3170 setFooterMagic address=00000201EE9F2000
PATCH 000002018C569148 decode address=00000201EE9F6000
PATCH 000002018C564248 atomicSubU32 address=00000201EE9F8000
PATCH 000002018C5680D8 isBlockAddress address=00000201EE9F7000
PATCH 000002018C544A18 allocatorSegmentOf address=00000201EE9FA000
PATCH 000002018C56E640 segmentBase address=00000201EE9FB000
PATCH 000002018C56A9F0 lockRemote address=00000201EE9F4000
PATCH 000002018CC57B68 __hostPageDecommit address=00000201EE9FD000
PATCH 000002018C56B228 unlockRemote address=00000201EE9F5000
PATCH 000002018C541090 clearPageBit address=00000201EEA01000
PATCH 000002018C565AF0 allocatorOsDecommit address=00000201EEA00000
PATCH 000002018D2A4A18 linkAllocated address=00000201EE9F0000
PATCH 000002018D28B480 osFree address=00000201EEA04000
PATCH 000002018C563A10 atomicSubU64 address=00000201EE9FF000
PATCH 000002018D282C08 retireAllocatorThreadHeap address=00000201EEA06000
PATCH 000002018D283440 allocatorThreadHeapFlsId address=00000201EEA09000
PATCH 000002018D28D560 unlinkHeap address=00000201EEA03000
PATCH 000002018D284CE8 currentThreadId address=00000201EEA0F000
PATCH 000002018D2844B0 setCurrentAllocatorThreadHeap address=00000201EEA0D000
PATCH 000002018CC1C5D0 __hostCurrentThreadId address=00000201EEA0E000
PATCH 000002018D286A88 classUnitShift address=00000201EEA13000
PATCH 000002018C5652B8 allocatorOsCommit address=00000201EEA15000
PATCH 000002018D28BCB8 allocateThreadHeap address=00000201EEA10000
PATCH 000002018C566568 allocatorNextKey address=00000201EEA16000
PATCH 000002018D28C4F0 threadHeap address=00000201EEA11000
PATCH 000002018C564A80 osReserve address=00000201EEA1A000
PATCH 000002018D283C78 currentAllocatorThreadHeap address=00000201EEA0B000
PATCH 000002018D2A2938 footerMagic address=00000201EEA23000
PATCH 000002018C543170 allocatorAcquireSegment address=00000201EEA1E000
PATCH 000002018D2A5250 unlinkAllocated address=00000201EEA26000
PATCH 000002018D2A7B68 freeHeaderBlock address=00000201EEA2A000
PATCH 000002018C568910 encode address=00000201EEA2C000
PATCH 000002018C56C298 pushRemote address=00000201EEA30000
PATCH 000002018D2E1090 alloc address=00000201EEA21000
PATCH 000002018C5418C8 isEmpty address=00000201EEA35000
PATCH 000002018D2E2100 free address=00000201EEA34000
PATCH 000002018C56D308 holdsFreeBlock address=00000201EEA39000
PATCH 000002018D2E18C8 realloc address=00000201EEA33000
PATCH 000002018D2E3170 assertAllocated address=00000201EEA3B000
PATCH 000002018C5439A8 allocatorReleaseSegment address=00000201EEA36000
PATCH 000002018CC22CA0 __concreteAlias address=00000201EEA3E000
PATCH 000002018CC23D10 Swag.typeAs address=00000201EEA42000
PATCH 000002018C548DF0 Swag.stringCmp address=00000201EEA40000
PATCH 000002018C546D10 __printU64 address=00000201EEA45000
PATCH 000002018C5587D0 __tlsGetPtr address=00000201EEA3D000
PATCH 000002018C545468 __itoa address=00000201EEA46000
PATCH 000002018C5464D8 __ftoa address=00000201EEA48000
PATCH 000002018D2E2938 freeAll address=00000201EEA38000
PATCH 000002018C547D80 __printF64 address=00000201EEA49000
PATCH 000002018CC64378 __hostImageBaseForAddress address=00000201EEA4B000
PATCH 000002018C547548 __printS64 address=00000201EEA47000
PATCH 000002018CC66C90 __hostReleaseDecodedDebugSection address=00000201EEA4C000
PATCH 000002018C545CA0 __utoa address=00000201EEA44000
PATCH 000002018CC64BB0 __peU16 address=00000201EEA52000
PATCH 000002018CC653E8 __peU32 address=00000201EEA4F000
PATCH 000002018CA09BE8 __dbgFindSection address=00000201EEA51000
PATCH 000002018CC4EE78 __exitError address=00000201EEA59000
PATCH 000002018CA0AC58 __symbolize address=00000201EEA54000
PATCH 000002018CA093B0 __dbgU32 address=00000201EEA50000
PATCH 000002018C556F28 __tlsAlloc address=00000201EEA5B000
PATCH 000002018CC270B0 Swag.jit address=00000201EEA5C000
PATCH 000002018C538748 swagLifecycleInitWrapper address=00000201EEA5E000
PATCH 000002018CA0B490 __hasStackTraceSymbols address=00000201EEA56000
PATCH 000002018CA0BCC8 __logStackTrace address=00000201EEA57000
PATCH 000002018CA43DB8 __run_expr_5 address=00000201EEA5D000
PATCH 000002018C557760 __tlsGetValue address=00000201EE9CD000
PATCH 000002018CC20790 __bootstrapRoundedSize address=00000201EE9CE000
PATCH 000002018CA6DF18 __memoryCopyForward address=00000201EE9D4000
PATCH 000002018CA00020 Swag.memcpy address=00000201EE9D5000
PATCH 000002018CC19CB8 __hostTlsSet address=00000201EE9D6000
PATCH 000002018CC19480 __hostTlsGet address=00000201EE9D1000
PATCH 000002018CC4D5D0 __raiseException666 address=00000201EE9DD000
PATCH 000002018D2872C0 memAlign address=00000201EE9E5000
PATCH 000002018D286250 sizeClass address=00000201EE9E3000
PATCH 000002018D2A62C0 popCachedBlock address=00000201EE9E9000
PATCH 000002018D28AC48 osAllocGuarded address=00000201EE9E8000
PATCH 000002018CA6C288 Swag.safetyPanic address=00000201EEA55000
PATCH 000002018D285A18 classSize address=00000201EE9E6000
PATCH 000002018D2A1090 headerOf address=00000201EE9EB000
PATCH 000002018CA6EF88 Swag.memset address=00000201EE9ED000
PATCH 000002018CC65C20 __hostDebugSection address=00000201EEA4D000
PATCH 000002018CC63B40 __captureStack address=00000201EE9EF000
PATCH 000002018D2A7330 allocateHeaderBlock address=00000201EE9F1000
PATCH 000002018C56BA60 collectRemote address=00000201EE9F9000
PATCH 000002018C56F6B0 pageCommitEnd address=00000201EE9FE000
PATCH 000002018C56EE78 pageCommitStart address=00000201EE9FC000
PATCH 000002018D28CD28 retireThreadHeap address=00000201EEA05000
PATCH 000002018CC1A4F0 __hostThreadStorageAlloc address=00000201EEA07000
PATCH 000002018C540858 releasePage address=00000201EEA02000
PATCH 000002018CC1AD28 __hostThreadStorageFree address=00000201EEA08000
PATCH 000002018CC1B560 __hostThreadStorageGet address=00000201EEA0A000
PATCH 000002018CC1BD98 __hostThreadStorageSet address=00000201EEA0C000
PATCH 000002018D28DD98 linkPage address=00000201EEA14000
PATCH 000002018C56CAD0 acquireBlock address=00000201EEA12000
PATCH 000002018C5678A0 setupBlockDivision address=00000201EEA17000
PATCH 000002018C567068 setup address=00000201EEA18000
PATCH 000002018C542100 allocatorAddArena address=00000201EEA1B000
PATCH 000002018C542938 allocatorCreateSegment address=00000201EEA1C000
PATCH 000002018C540020 acquirePage address=00000201EEA19000
PATCH 000002018D28EE08 acquirePageForClass address=00000201EEA24000
PATCH 000002018D2A0020 acquireBlock address=00000201EEA1F000
PATCH 000002018D28F640 acquireBlockSlow address=00000201EEA1D000
PATCH 000002018D2A8BD8 allocate address=00000201EEA20000
PATCH 000002018D2A41E0 checkAllocated address=00000201EEA25000
PATCH 000002018C5441E0 allocatorPageOf address=00000201EEA22000
PATCH 000002018D2A39A8 checkFree address=00000201EEA27000
PATCH 000002018D2A6AF8 cacheFreedBlock address=00000201EEA29000
PATCH 000002018D2A9C48 checkPageAddress address=00000201EEA2B000
PATCH 000002018D2A5A88 quarantine address=00000201EEA28000
PATCH 000002018C56DB40 releaseBlock address=00000201EEA2D000
PATCH 000002018D28E5D0 unlinkPage address=00000201EEA2F000
PATCH 000002018D2A0858 retirePage address=00000201EEA2E000
PATCH 000002018D2AA480 freeBlock address=00000201EEA31000
PATCH 000002018D2A9410 reallocate address=00000201EEA32000
PATCH 000002018D2ACD98 releaseAll address=00000201EEA37000
PATCH 000002018D2AACB8 assertIsAllocated address=00000201EEA3A000
DEFER 000002018D650E68 swagLifecycleInitWrapper shard=8 offset=5696 address=0000000000000000
PATCH 000002018CC24548 Swag.typeCmp address=00000201EEA41000
DEFER 000002018D2AEE78 opDrop shard=8 offset=5704 address=0000000000000000
PATCH 000002018CA01090 Swag.memcmp address=00000201EEA3F000
DEFER 000002018D295050 swagLifecycleInitWrapper shard=8 offset=8232 address=0000000000000000
PATCH 000002018CC4CD98 __printString address=00000201EEA43000
DEFER 000002018D3BB358 swagLifecycleInitWrapper shard=8 offset=8920 address=0000000000000000
DEFER 000002018D3996F0 swagLifecycleInitWrapper shard=8 offset=10016 address=0000000000000000
DEFER 000002018CFFF210 swagLifecycleInitWrapper shard=8 offset=11760 address=0000000000000000
PATCH 000002018CC66458 __hostDecodeDebugSection address=00000201EEA4E000
DEFER 000002018CC69580 swagLifecycleInitWrapper shard=8 offset=12584 address=0000000000000000
DEFER 000002018C55ED30 swagLifecycleInitWrapper shard=8 offset=13672 address=0000000000000000
DEFER 000002018CD25AD8 swagLifecycleInitWrapper shard=8 offset=14872 address=0000000000000000
PATCH 000002018CA0A420 __dbgStr address=00000201EEA53000
PATCH 000002018CA6B218 __printPanicReport address=00000201EEA58000
DEFER 000002018CA4E050 swagLifecycleInitWrapper shard=8 offset=15480 address=0000000000000000
PATCH 000002018CA6BA50 Swag.panic address=00000201EEA5A000
PATCH 000002018C5485B8 Swag.print address=00000201EEA4A000
PATCH 000002018CC278E8 __runtimeAllocator address=00000201EEA3C000
PATCH 000002018D676B68 __hostTlsAlloc address=00000201EEAC0000
PATCH 000002018D781CF8 __tlsGetValue address=00000201EEAC4000
PATCH 000002018CD73158 __bootstrapAlloc address=00000201EEAC7000
PATCH 000002018D654A18 __hostPageReserve address=00000201EEAC1000
PATCH 000002018D782530 __tlsSetValue address=00000201EEACB000
PATCH 000002018CD73990 __bootstrapFree address=00000201EEACC000
PATCH 000002018E4F39A8 defaultAllocator address=00000201EEACD000
PATCH 000002018E4C8B68 configure address=00000201EEACF000
PATCH 000002018D6562C0 __hostPageRelease address=00000201EEAC6000
PATCH 000002018E4C9BD8 diagnosticMode address=00000201EEAD2000
PATCH 000002018E4C8330 setup address=00000201EEAD0000
PATCH 000002018E4C93A0 installed address=00000201EEACE000
PATCH 000002018D6572A8 lock address=00000201EEAD3000
PATCH 000002018E4F0020 lockDiagnostic address=00000201EEAD4000
PATCH 000002018D655250 __hostPageCommit address=00000201EEAC3000
PATCH 000002018E4983A0 usesHeaderPath address=00000201EEAD8000
PATCH 000002018E4CA410 osAlloc address=00000201EEADE000
PATCH 000002018E4F0858 unlockDiagnostic address=00000201EEAD6000
PATCH 000002018E4918C8 userAddress address=00000201EEAE0000
PATCH 000002018E494A18 linkAllocated address=00000201EEAE5000
PATCH 000002018D0031D8 atomicAddU64 address=00000201EEADB000
PATCH 000002018D0029A0 atomicGet address=00000201EEAE7000
PATCH 000002018E492100 footer address=00000201EEAE1000
PATCH 000002018D00A9F0 lockRemote address=00000201EEAE8000
PATCH 000002018D009148 decode address=00000201EEAEA000
PATCH 000002018D657AE0 unlock address=00000201EEAD5000
PATCH 000002018D0080D8 isBlockAddress address=00000201EEAEB000
PATCH 000002018E493170 setFooterMagic address=00000201EEAE2000
PATCH 000002018D00E640 segmentBase address=00000201EEAEF000
PATCH 000002018D00B228 unlockRemote address=00000201EEAE9000
PATCH 000002018D003A10 atomicSubU64 address=00000201EEAF3000
PATCH 000002018D655A88 __hostPageDecommit address=00000201EEAF2000
PATCH 000002018D005AF0 allocatorOsDecommit address=00000201EEAF4000
PATCH 000002018D071090 clearPageBit address=00000201EEAF5000
PATCH 000002018D004248 atomicSubU32 address=00000201EEAEC000
PATCH 000002018E4CD560 unlinkHeap address=00000201EEAF7000
PATCH 000002018E4C3440 allocatorThreadHeapFlsId address=00000201EEAFC000
PATCH 000002018E4C3C78 currentAllocatorThreadHeap address=00000201EEAFF000
PATCH 000002018D074A18 allocatorSegmentOf address=00000201EEAEE000
PATCH 000002018E4CB480 osFree address=00000201EEAF8000
PATCH 000002018E4C4CE8 currentThreadId address=00000201EEB02000
PATCH 000002018E4CBCB8 allocateThreadHeap address=00000201EEB04000
PATCH 000002018E4CC4F0 threadHeap address=00000201EEB05000
PATCH 000002018D67A4F0 __hostCurrentThreadId address=00000201EEB01000
PATCH 000002018D006568 allocatorNextKey address=00000201EEB0A000
PATCH 000002018D004A80 osReserve address=00000201EEB0E000
PATCH 000002018E4C2C08 retireAllocatorThreadHeap address=00000201EEAFA000
PATCH 000002018D073170 allocatorAcquireSegment address=00000201EEB11000
PATCH 000002018E4C6A88 classUnitShift address=00000201EEB07000
PATCH 000002018E492938 footerMagic address=00000201EEB18000
PATCH 000002018E4F1090 alloc address=00000201EEB16000
PATCH 000002018E4C44B0 setCurrentAllocatorThreadHeap address=00000201EEB03000
PATCH 000002018E495250 unlinkAllocated address=00000201EEB1A000
PATCH 000002018D0052B8 allocatorOsCommit address=00000201EEB09000
PATCH 000002018D008910 encode address=00000201EEB20000
PATCH 000002018D00C298 pushRemote address=00000201EEB24000
PATCH 000002018E497B68 freeHeaderBlock address=00000201EEB1D000
PATCH 000002018D0718C8 isEmpty address=00000201EEB29000
PATCH 000002018E4F2100 free address=00000201EEB28000
PATCH 000002018D00D308 holdsFreeBlock address=00000201EEB2D000
PATCH 000002018E4F18C8 realloc address=00000201EEB27000
PATCH 000002018E4F3170 assertAllocated address=00000201EEB2F000
PATCH 000002018D7C0C88 __concreteAlias address=00000201EEB32000
PATCH 000002018D782D68 __tlsGetPtr address=00000201EEB31000
PATCH 000002018D078DF0 Swag.stringCmp address=00000201EEB34000
PATCH 000002018D7C1CF8 Swag.typeAs address=00000201EEB36000
PATCH 000002018D076D10 __printU64 address=00000201EEB39000
PATCH 000002018D0739A8 allocatorReleaseSegment address=00000201EEB2A000
PATCH 000002018D0764D8 __ftoa address=00000201EEB3C000
PATCH 000002018D077D80 __printF64 address=00000201EEB3D000
PATCH 000002018E4F2938 freeAll address=00000201EEB2C000
PATCH 000002018D6325E8 __hostImageBaseForAddress address=00000201EEB3F000
PATCH 000002018D075CA0 __utoa address=00000201EEB38000
PATCH 000002018D075468 __itoa address=00000201EEB3A000
PATCH 000002018D077548 __printS64 address=00000201EEB3B000
PATCH 000002018CD69E28 __dbgU32 address=00000201EEB45000
PATCH 000002018D6346C8 __hostDecodeDebugSection address=00000201EEB44000
PATCH 000002018CD6A660 __dbgFindSection address=00000201EEB46000
PATCH 000002018D633658 __peU32 address=00000201EEB41000
PATCH 000002018CD6BF08 __hasStackTraceSymbols address=00000201EEB49000
PATCH 000002018D66CD98 __exitError address=00000201EEB4C000
PATCH 000002018D634F00 __hostReleaseDecodedDebugSection address=00000201EEB40000
PATCH 000002018D632E20 __peU16 address=00000201EEB42000
PATCH 000002018CD7CF98 Swag.safetyPanic address=00000201EEB50000
PATCH 000002018CD07058 __run_expr_1 address=00000201EEB51000
PATCH 000002018CD5B1E8 swagLifecycleInitWrapper address=00000201EEB52000
PATCH 000002018D7814C0 __tlsAlloc address=00000201EEB4E000
PATCH 000002018D7C5098 Swag.jit address=00000201EEB4F000
PATCH 000002018D6773A0 __hostTlsGet address=00000201EEAC2000
PATCH 000002018CD72920 __bootstrapRoundedSize address=00000201EEAC5000
PATCH 000002018D679480 __hostThreadStorageGet address=00000201EEAFE000
PATCH 000002018CD7EC28 __memoryCopyForward address=00000201EEAC8000
PATCH 000002018D677BD8 __hostTlsSet address=00000201EEACA000
PATCH 000002018CD60858 Swag.memcpy address=00000201EEAC9000
PATCH 000002018E499C48 checkPageAddress address=00000201EEB1F000
PATCH 000002018E490020 acquireBlock address=00000201EEB14000
PATCH 000002018D66B4F0 __raiseException666 address=00000201EEAD1000
PATCH 000002018E4C6250 sizeClass address=00000201EEAD7000
PATCH 000002018E4C72C0 memAlign address=00000201EEAD9000
PATCH 000002018E4CAC48 osAllocGuarded address=00000201EEADC000
PATCH 000002018E4962C0 popCachedBlock address=00000201EEADD000
PATCH 000002018E4C5A18 classSize address=00000201EEADA000
PATCH 000002018E491090 headerOf address=00000201EEADF000
PATCH 000002018D0785B8 Swag.print address=00000201EEB3E000
PATCH 000002018D00BA60 collectRemote address=00000201EEAED000
PATCH 000002018CD60020 Swag.memset address=00000201EEAE3000
PATCH 000002018E499410 reallocate address=00000201EEB26000
PATCH 000002018E497330 allocateHeaderBlock address=00000201EEAE6000
PATCH 000002018D00EE78 pageCommitStart address=00000201EEAF0000
PATCH 000002018D070858 releasePage address=00000201EEAF6000
PATCH 000002018D00F6B0 pageCommitEnd address=00000201EEAF1000
PATCH 000002018D631DB0 __captureStack address=00000201EEAE4000
PATCH 000002018E4CCD28 retireThreadHeap address=00000201EEAF9000
PATCH 000002018D678C48 __hostThreadStorageFree address=00000201EEAFD000
PATCH 000002018D678410 __hostThreadStorageAlloc address=00000201EEAFB000
PATCH 000002018D679CB8 __hostThreadStorageSet address=00000201EEB00000
PATCH 000002018D007068 setup address=00000201EEB0C000
PATCH 000002018E4CDD98 linkPage address=00000201EEB08000
PATCH 000002018D00CAD0 acquireBlock address=00000201EEB06000
PATCH 000002018D0078A0 setupBlockDivision address=00000201EEB0B000
PATCH 000002018D072100 allocatorAddArena address=00000201EEB0F000
PATCH 000002018D070020 acquirePage address=00000201EEB0D000
PATCH 000002018E4CEE08 acquirePageForClass address=00000201EEB12000
PATCH 000002018D072938 allocatorCreateSegment address=00000201EEB10000
PATCH 000002018E498BD8 allocate address=00000201EEB15000
PATCH 000002018E4939A8 checkFree address=00000201EEB1B000
PATCH 000002018D0741E0 allocatorPageOf address=00000201EEB17000
PATCH 000002018E495A88 quarantine address=00000201EEB1C000
PATCH 000002018E4CF640 acquireBlockSlow address=00000201EEB13000
PATCH 000002018E4941E0 checkAllocated address=00000201EEB19000
PATCH 000002018E4CE5D0 unlinkPage address=00000201EEB22000
PATCH 000002018D00DB40 releaseBlock address=00000201EEB21000
PATCH 000002018E490858 retirePage address=00000201EEB23000
PATCH 000002018E496AF8 cacheFreedBlock address=00000201EEB1E000
PATCH 000002018E49A480 freeBlock address=00000201EEB25000
PATCH 000002018E49CD98 releaseAll address=00000201EEB2B000
DEFER 000002018DB93EB0 swagLifecycleInitWrapper shard=0 offset=4744 address=0000000000000000
DEFER 000002018E49EE78 opDrop shard=0 offset=4752 address=0000000000000000
PATCH 000002018E49ACB8 assertIsAllocated address=00000201EEB2E000
PATCH 000002018D7C2530 Swag.typeCmp address=00000201EEB35000
PATCH 000002018CD6B6D0 __symbolize address=00000201EEB48000
PATCH 000002018D66ACB8 __printString address=00000201EEB37000
PATCH 000002018CD61B08 Swag.memcmp address=00000201EEB33000
DEFER 000002018DB92048 swagLifecycleInitWrapper shard=0 offset=7264 address=0000000000000000
PATCH 000002018CD6AE98 __dbgStr address=00000201EEB47000
PATCH 000002018CD6C740 __logStackTrace address=00000201EEB4A000
PATCH 000002018D633E90 __hostDebugSection address=00000201EEB43000
PATCH 000002018CD7BF28 __printPanicReport address=00000201EEB4B000
DEFER 000002018D3B6E38 swagLifecycleInitWrapper shard=0 offset=7952 address=0000000000000000
PATCH 000002018CD7C760 Swag.panic address=00000201EEB4D000
DEFER 000002018DB91218 swagLifecycleInitWrapper shard=0 offset=9048 address=0000000000000000
DEFER 000002018D788000 swagLifecycleInitWrapper shard=0 offset=10792 address=0000000000000000
DEFER 000002018CD08B68 swagLifecycleInitWrapper shard=0 offset=11616 address=0000000000000000
DEFER 000002018D7870B0 swagLifecycleInitWrapper shard=0 offset=12704 address=0000000000000000
DEFER 000002018DA70020 swagLifecycleInitWrapper shard=0 offset=13904 address=0000000000000000
DEFER 000002018C5E99C0 swagLifecycleInitWrapper shard=0 offset=14512 address=0000000000000000
PATCH 000002018D7C58D0 __runtimeAllocator address=00000201EEB30000
PATCH 000002018E4F6668 freeMem address=00000201EEB54000
PATCH 000002018E4F76D8 release address=00000201EEB57000
PATCH 000002018D7C7178 __checkCpuBaseline address=00000201EEB55000
PATCH 000002018D66A480 __hostHasAvx2 address=00000201EEB53000
PATCH 000002018D669C48 __osCommandLine address=00000201EEB59000
DEFER 000002018DB93EB0 swagLifecycleInitWrapper shard=0 offset=4744 address=0000000000000000
DEFER 000002018E49EE78 opDrop shard=0 offset=4752 address=0000000000000000
PATCH 000002018CD70FD0 staticallyReferenced address=00000201EEB5D000
DEFER 000002018DB92048 swagLifecycleInitWrapper shard=0 offset=7264 address=0000000000000000
PATCH 000002018D7C6940 __resetRuntimeContext address=00000201EEB58000
PATCH 000002018E4F8748 setCapacity address=00000201EEB5B000
PATCH 000002018D7C79B0 __setupRuntime address=00000201EEB5C000
PATCH 000002018E4F7F10 releaseAll address=00000201EEB56000
DEFER 000002018D3B6E38 swagLifecycleInitWrapper shard=0 offset=7952 address=0000000000000000
DEFER 000002018DB91218 swagLifecycleInitWrapper shard=0 offset=9048 address=0000000000000000
DEFER 000002018D788000 swagLifecycleInitWrapper shard=0 offset=10792 address=0000000000000000
DEFER 000002018CD08B68 swagLifecycleInitWrapper shard=0 offset=11616 address=0000000000000000
DEFER 000002018D7870B0 swagLifecycleInitWrapper shard=0 offset=12704 address=0000000000000000
DEFER 000002018DA70020 swagLifecycleInitWrapper shard=0 offset=13904 address=0000000000000000
DEFER 000002018C5E99C0 swagLifecycleInitWrapper shard=0 offset=14512 address=0000000000000000
PATCH 000002018E4F4A18 installAllocator address=00000201EEB5A000
PATCH 000002018CD70798 directlyUsed address=00000201EEB5E000
PATCH 000002018D4D2530 __tlsGetValue address=00000201EEBB4000
PATCH 000002018E550FC8 __bootstrapAlloc address=00000201EEBB7000
PATCH 000002018EF7C560 __hostPageCommit address=00000201EEBB5000
PATCH 000002018E551800 __bootstrapFree address=00000201EEBBC000
PATCH 000002018EF7BD28 __hostPageReserve address=00000201EEBB3000
PATCH 000002018D4939A8 defaultAllocator address=00000201EEBBD000
PATCH 000002018D4C93A0 installed address=00000201EEBBE000
PATCH 000002018EF7D5D0 __hostPageRelease address=00000201EEBB6000
PATCH 000002018D4D2D68 __tlsSetValue address=00000201EEBBB000
PATCH 000002018D4C8B68 configure address=00000201EEBC0000
PATCH 000002018D490020 lockDiagnostic address=00000201EEBC4000
PATCH 000002018D4C9BD8 diagnosticMode address=00000201EEBC2000
PATCH 000002018D490858 unlockDiagnostic address=00000201EEBC6000
PATCH 000002018D4883A0 usesHeaderPath address=00000201EEBC8000
PATCH 000002018EF0D880 __hostTlsAlloc address=00000201EEBB0000
PATCH 000002018D4CA410 osAlloc address=00000201EEBCE000
PATCH 000002018EF7E5B8 lock address=00000201EEBC3000
PATCH 000002018D4818C8 userAddress address=00000201EEBD0000
PATCH 000002018D482100 footer address=00000201EEBD1000
PATCH 000002018D483170 setFooterMagic address=00000201EEBD2000
PATCH 000002018D484A18 linkAllocated address=00000201EEBD5000
PATCH 000002018E6A31D8 atomicAddU64 address=00000201EEBCB000
PATCH 000002018E6AB228 unlockRemote address=00000201EEBD9000
PATCH 000002018E6A9148 decode address=00000201EEBDA000
PATCH 000002018EF7EDF0 unlock address=00000201EEBC5000
PATCH 000002018E6A80D8 isBlockAddress address=00000201EEBDB000
PATCH 000002018E6A4248 atomicSubU32 address=00000201EEBDC000
PATCH 000002018E6AA9F0 lockRemote address=00000201EEBD8000
PATCH 000002018E6E4A18 allocatorSegmentOf address=00000201EEBDD000
PATCH 000002018E6AE640 segmentBase address=00000201EEBDF000
PATCH 000002018E6A29A0 atomicGet address=00000201EEBD7000
PATCH 000002018E6A5AF0 allocatorOsDecommit address=00000201EEBE3000
PATCH 000002018E6A3A10 atomicSubU64 address=00000201EEBE4000
PATCH 000002018EF7CD98 __hostPageDecommit address=00000201EEBE2000
PATCH 000002018D4CD560 unlinkHeap address=00000201EEBE7000
PATCH 000002018D4C2C08 retireAllocatorThreadHeap address=00000201EEBEA000
PATCH 000002018D4CB480 osFree address=00000201EEBE8000
PATCH 000002018D4C3440 allocatorThreadHeapFlsId address=00000201EEBED000
PATCH 000002018D4C3C78 currentAllocatorThreadHeap address=00000201EEBEF000
PATCH 000002018E6E1090 clearPageBit address=00000201EEBE5000
PATCH 000002018D4C4CE8 currentThreadId address=00000201EEBF3000
PATCH 000002018D4CC4F0 threadHeap address=00000201EEBF5000
PATCH 000002018D4C6A88 classUnitShift address=00000201EEBF7000
PATCH 000002018D4CBCB8 allocateThreadHeap address=00000201EEBF4000
PATCH 000002018E6A52B8 allocatorOsCommit address=00000201EEBF9000
PATCH 000002018E6A6568 allocatorNextKey address=00000201EEBFA000
PATCH 000002018E6A4A80 osReserve address=00000201EEBFE000
PATCH 000002018EF718C8 __hostCurrentThreadId address=00000201EEBF2000
PATCH 000002018D4C44B0 setCurrentAllocatorThreadHeap address=00000201EEBF1000
PATCH 000002018E6E3170 allocatorAcquireSegment address=00000201EEC02000
PATCH 000002018D482938 footerMagic address=00000201EEC08000
PATCH 000002018D485250 unlinkAllocated address=00000201EEC0A000
PATCH 000002018D491090 alloc address=00000201EEC06000
PATCH 000002018D487B68 freeHeaderBlock address=00000201EEC0F000
PATCH 000002018E6A8910 encode address=00000201EEC11000
PATCH 000002018D4CE5D0 unlinkPage address=00000201EEC13000
PATCH 000002018D485A88 quarantine address=00000201EEC0D000
PATCH 000002018D489410 reallocate address=00000201EEC17000
PATCH 000002018D4918C8 realloc address=00000201EEC18000
PATCH 000002018D486AF8 cacheFreedBlock address=00000201EEC0E000
PATCH 000002018E6ADB40 releaseBlock address=00000201EEC12000
PATCH 000002018E6E39A8 allocatorReleaseSegment address=00000201EEC1B000
PATCH 000002018D48CD98 releaseAll address=00000201EEC1C000
PATCH 000002018D492938 freeAll address=00000201EEC1D000
PATCH 000002018E6AD308 holdsFreeBlock address=00000201EEC1E000
PATCH 000002018E6AC298 pushRemote address=00000201EEC15000
PATCH 000002018D493170 assertAllocated address=00000201EEC20000
PATCH 000002018D4D35A0 __tlsGetPtr address=00000201EEC22000
PATCH 000002018EF54828 __concreteAlias address=00000201EEC23000
PATCH 000002018D492100 free address=00000201EEC19000
PATCH 000002018EF560D0 Swag.typeCmp address=00000201EEC26000
PATCH 000002018D480858 retirePage address=00000201EEC14000
PATCH 000002018EF55898 Swag.typeAs address=00000201EEC27000
PATCH 000002018EF60858 Swag.memcmp address=00000201EEC24000
PATCH 000002018E6E5CA0 __utoa address=00000201EEC29000
PATCH 000002018D022100 __printString address=00000201EEC28000
PATCH 000002018E6E7548 __printS64 address=00000201EEC2C000
PATCH 000002018E6E6D10 __printU64 address=00000201EEC2A000
PATCH 000002018E6E64D8 __ftoa address=00000201EEC2D000
PATCH 000002018E6E18C8 isEmpty address=00000201EEC1A000
PATCH 000002018E6E7D80 __printF64 address=00000201EEC2E000
PATCH 000002018E6E5468 __itoa address=00000201EEC2B000
PATCH 000002018D02BF78 __hostReleaseDecodedDebugSection address=00000201EEC31000
PATCH 000002018E6E8DF0 Swag.stringCmp address=00000201EEC25000
PATCH 000002018D029E98 __peU16 address=00000201EEC33000
PATCH 000002018D02AF08 __hostDebugSection address=00000201EEC34000
PATCH 000002018E9255B8 __dbgU32 address=00000201EEC36000
PATCH 000002018D02B740 __hostDecodeDebugSection address=00000201EEC35000
PATCH 000002018D029660 __hostImageBaseForAddress address=00000201EEC30000
PATCH 000002018E925DF0 __dbgFindSection address=00000201EEC37000
PATCH 000002018E927698 __hasStackTraceSymbols address=00000201EEC3A000
PATCH 000002018E926E60 __symbolize address=00000201EEC39000
PATCH 000002018E926628 __dbgStr address=00000201EEC38000
PATCH 000002018E927ED0 __logStackTrace address=00000201EEC3B000
PATCH 000002018D02A6D0 __peU32 address=00000201EEC32000
PATCH 000002018D4D1CF8 __tlsAlloc address=00000201EEC3F000
PATCH 000002018E68C7C8 swagLifecycleInitWrapper address=00000201EEC42000
PATCH 000002018D4D6DE8 __run_expr_1 address=00000201EEC41000
PATCH 000002018D0241E0 __exitError address=00000201EEC3D000
PATCH 000002018EF58C38 Swag.jit address=00000201EEC40000
PATCH 000002018EF0E0B8 __hostTlsGet address=00000201EEBB1000
PATCH 000002018E550790 __bootstrapRoundedSize address=00000201EEBB2000
PATCH 000002018EF70020 __hostThreadStorageFree address=00000201EEBEC000
PATCH 000002018D4C8330 setup address=00000201EEBBF000
PATCH 000002018EF5F2C0 Swag.memcpy address=00000201EEBB9000
PATCH 000002018D022938 __raiseException666 address=00000201EEBC1000
PATCH 000002018EF0E8F0 __hostTlsSet address=00000201EEBBA000
PATCH 000002018EF5DA18 __memoryCopyForward address=00000201EEBB8000
PATCH 000002018D4CAC48 osAllocGuarded address=00000201EEBCC000
PATCH 000002018D4C72C0 memAlign address=00000201EEBC9000
PATCH 000002018D4862C0 popCachedBlock address=00000201EEBCD000
PATCH 000002018D4C6250 sizeClass address=00000201EEBC7000
PATCH 000002018EF5EA88 Swag.memset address=00000201EEBD3000
PATCH 000002018D4C5A18 classSize address=00000201EEBCA000
PATCH 000002018D028E28 __captureStack address=00000201EEBD4000
PATCH 000002018E6AEE78 pageCommitStart address=00000201EEBE0000
PATCH 000002018E6ABA60 collectRemote address=00000201EEBDE000
PATCH 000002018E6AF6B0 pageCommitEnd address=00000201EEBE1000
PATCH 000002018E6E0858 releasePage address=00000201EEBE6000
PATCH 000002018D481090 headerOf address=00000201EEBCF000
PATCH 000002018EF70858 __hostThreadStorageGet address=00000201EEBEE000
PATCH 000002018EF0F128 __hostThreadStorageAlloc address=00000201EEBEB000
PATCH 000002018EF71090 __hostThreadStorageSet address=00000201EEBF0000
PATCH 000002018D487330 allocateHeaderBlock address=00000201EEBD6000
PATCH 000002018D4CCD28 retireThreadHeap address=00000201EEBE9000
PATCH 000002018D4CDD98 linkPage address=00000201EEBF8000
PATCH 000002018E6A78A0 setupBlockDivision address=00000201EEBFB000
PATCH 000002018E6ACAD0 acquireBlock address=00000201EEBF6000
PATCH 000002018E6E2100 allocatorAddArena address=00000201EEBFF000
PATCH 000002018E6E2938 allocatorCreateSegment address=00000201EEC00000
PATCH 000002018E6A7068 setup address=00000201EEBFC000
PATCH 000002018D4CEE08 acquirePageForClass address=00000201EEC01000
PATCH 000002018E6E0020 acquirePage address=00000201EEBFD000
PATCH 000002018D488BD8 allocate address=00000201EEC05000
PATCH 000002018D4841E0 checkAllocated address=00000201EEC09000
PATCH 000002018D4CF640 acquireBlockSlow address=00000201EEC03000
PATCH 000002018D480020 acquireBlock address=00000201EEC04000
DEFER 000002018D4BC370 swagLifecycleInitWrapper shard=0 offset=4448 address=0000000000000000
DEFER 000002018D48EE78 opDrop shard=0 offset=4456 address=0000000000000000
PATCH 000002018E6E41E0 allocatorPageOf address=00000201EEC07000
DEFER 000002018E57E900 swagLifecycleInitWrapper shard=0 offset=6968 address=0000000000000000
PATCH 000002018D489C48 checkPageAddress address=00000201EEC10000
PATCH 000002018E55AE08 Swag.safetyPanic address=00000201EEC0B000
DEFER 000002018D393E20 swagLifecycleInitWrapper shard=0 offset=7656 address=0000000000000000
PATCH 000002018D4839A8 checkFree address=00000201EEC0C000
DEFER 000002018D0907B8 swagLifecycleInitWrapper shard=0 offset=8752 address=0000000000000000
DEFER 000002018E9402E8 swagLifecycleInitWrapper shard=0 offset=10496 address=0000000000000000
DEFER 000002018D4D5C58 swagLifecycleInitWrapper shard=0 offset=11320 address=0000000000000000
PATCH 000002018D48A480 freeBlock address=00000201EEC16000
DEFER 000002018D20E948 swagLifecycleInitWrapper shard=0 offset=12408 address=0000000000000000
DEFER 000002018D4B9A08 swagLifecycleInitWrapper shard=0 offset=13608 address=0000000000000000
DEFER 000002018E94A5C8 swagLifecycleInitWrapper shard=0 offset=14216 address=0000000000000000
PATCH 000002018D48ACB8 assertIsAllocated address=00000201EEC1F000
PATCH 000002018EF59470 __runtimeAllocator address=00000201EEC21000
PATCH 000002018E55A5D0 Swag.panic address=00000201EEC3E000
PATCH 000002018E559D98 __printPanicReport address=00000201EEC3C000
PATCH 000002018E6E85B8 Swag.print address=00000201EEC2F000
PATCH 000002018C50A480 __hostPageReserve address=00000201EEC9D000
PATCH 000002018C530FC8 __bootstrapAlloc address=00000201EECA3000
PATCH 000002018C50BD28 __hostPageRelease address=00000201EECA2000
PATCH 000002018D21D5D0 __tlsSetValue address=00000201EECA7000
PATCH 000002018C531800 __bootstrapFree address=00000201EECA8000
PATCH 000002018C51C5D0 __hostTlsAlloc address=00000201EEC9C000
PATCH 000002018D3D93A0 installed address=00000201EECAA000
PATCH 000002018C50ACB8 __hostPageCommit address=00000201EEC9F000
PATCH 000002018D3D8330 setup address=00000201EECAC000
PATCH 000002018D3D9BD8 diagnosticMode address=00000201EECAE000
PATCH 000002018D21CD98 __tlsGetValue address=00000201EECA0000
PATCH 000002018D3A39A8 defaultAllocator address=00000201EECA9000
PATCH 000002018D3D8B68 configure address=00000201EECAB000
PATCH 000002018C50D548 unlock address=00000201EECB1000
PATCH 000002018D3883A0 usesHeaderPath address=00000201EECB4000
PATCH 000002018C50CD10 lock address=00000201EECAF000
PATCH 000002018CEA31D8 atomicAddU64 address=00000201EECB7000
PATCH 000002018D3A0020 lockDiagnostic address=00000201EECB0000
PATCH 000002018D3A0858 unlockDiagnostic address=00000201EECB2000
PATCH 000002018D3DA410 osAlloc address=00000201EECBA000
PATCH 000002018CEAA9F0 lockRemote address=00000201EECC4000
PATCH 000002018CEAB228 unlockRemote address=00000201EECC5000
PATCH 000002018D3818C8 userAddress address=00000201EECBC000
PATCH 000002018CEA9148 decode address=00000201EECC6000
PATCH 000002018CEA80D8 isBlockAddress address=00000201EECC7000
PATCH 000002018D382100 footer address=00000201EECBF000
PATCH 000002018CEA4248 atomicSubU32 address=00000201EECC8000
PATCH 000002018D384A18 linkAllocated address=00000201EECC1000
PATCH 000002018CEAE640 segmentBase address=00000201EECCB000
PATCH 000002018CEA29A0 atomicGet address=00000201EECC3000
PATCH 000002018C50B4F0 __hostPageDecommit address=00000201EECCD000
PATCH 000002018CEA3A10 atomicSubU64 address=00000201EECCF000
PATCH 000002018CED4A18 allocatorSegmentOf address=00000201EECCA000
PATCH 000002018D3DD560 unlinkHeap address=00000201EECD3000
PATCH 000002018CED1090 clearPageBit address=00000201EECD1000
PATCH 000002018D3D2C08 retireAllocatorThreadHeap address=00000201EECD6000
PATCH 000002018D3D3440 allocatorThreadHeapFlsId address=00000201EECD9000
PATCH 000002018CEA5AF0 allocatorOsDecommit address=00000201EECD0000
PATCH 000002018C500020 __hostCurrentThreadId address=00000201EECDE000
PATCH 000002018D3D4CE8 currentThreadId address=00000201EECDF000
PATCH 000002018D3D3C78 currentAllocatorThreadHeap address=00000201EECDB000
PATCH 000002018D3D44B0 setCurrentAllocatorThreadHeap address=00000201EECDD000
PATCH 000002018D3D6A88 classUnitShift address=00000201EECE3000
PATCH 000002018D3DC4F0 threadHeap address=00000201EECE1000
PATCH 000002018CEA6328 allocatorNextKey address=00000201EECE6000
PATCH 000002018D3DBCB8 allocateThreadHeap address=00000201EECE0000
PATCH 000002018CEA4A80 osReserve address=00000201EECEA000
PATCH 000002018D3DB480 osFree address=00000201EECD4000
PATCH 000002018D3A1090 alloc address=00000201EECF2000
PATCH 000002018CEA52B8 allocatorOsCommit address=00000201EECE5000
PATCH 000002018D382938 footerMagic address=00000201EECF4000
PATCH 000002018D385250 unlinkAllocated address=00000201EECF6000
PATCH 000002018CED3170 allocatorAcquireSegment address=00000201EECED000
PATCH 000002018D387B68 freeHeaderBlock address=00000201EECFA000
PATCH 000002018CEA8910 encode address=00000201EECFC000
PATCH 000002018CEAC298 pushRemote address=00000201EED00000
PATCH 000002018D3A18C8 realloc address=00000201EED03000
PATCH 000002018D3A2100 free address=00000201EED04000
PATCH 000002018CED18C8 isEmpty address=00000201EED05000
PATCH 000002018D3A2938 freeAll address=00000201EED08000
PATCH 000002018CEAD308 holdsFreeBlock address=00000201EED09000
PATCH 000002018D3A3170 assertAllocated address=00000201EED0B000
PATCH 000002018D21DE08 __tlsGetPtr address=00000201EED0D000
PATCH 000002018CED39A8 allocatorReleaseSegment address=00000201EED06000
PATCH 000002018D223F68 Swag.typeAs address=00000201EED12000
PATCH 000002018D222EF8 __concreteAlias address=00000201EED0E000
PATCH 000002018D3A6D10 __printU64 address=00000201EED15000
PATCH 000002018D3A7548 __printS64 address=00000201EED17000
PATCH 000002018D3A8DF0 Swag.stringCmp address=00000201EED10000
PATCH 000002018C567DB8 __hostImageBaseForAddress address=00000201EED1B000
PATCH 000002018D3A5468 __itoa address=00000201EED16000
PATCH 000002018D3A5CA0 __utoa address=00000201EED14000
PATCH 000002018C568E28 __peU32 address=00000201EED1D000
PATCH 000002018D3A64D8 __ftoa address=00000201EED18000
PATCH 000002018C56A6D0 __hostReleaseDecodedDebugSection address=00000201EED1C000
PATCH 000002018C569E98 __hostDecodeDebugSection address=00000201EED20000
PATCH 000002018D3A7D80 __printF64 address=00000201EED19000
PATCH 000002018D213E20 __dbgU32 address=00000201EED21000
PATCH 000002018C5685F0 __peU16 address=00000201EED1E000
PATCH 000002018D214658 __dbgFindSection address=00000201EED22000
PATCH 000002018D215F00 __hasStackTraceSymbols address=00000201EED25000
PATCH 000002018C562938 __exitError address=00000201EED28000
PATCH 000002018D21C560 __tlsAlloc address=00000201EED2A000
PATCH 000002018D253700 __run_expr_2 address=00000201EED2D000
PATCH 000002018D0427F8 swagLifecycleInitWrapper address=00000201EED2E000
PATCH 000002018D227308 Swag.jit address=00000201EED2B000
PATCH 000002018C539D98 __printPanicReport address=00000201EED27000
PATCH 000002018C53AE08 Swag.safetyPanic address=00000201EED2C000
PATCH 000002018D383170 setFooterMagic address=00000201EECBD000
PATCH 000002018C51CE08 __hostTlsGet address=00000201EEC9E000
PATCH 000002018C53E340 Swag.memcpy address=00000201EECA5000
PATCH 000002018C51D640 __hostTlsSet address=00000201EECA6000
PATCH 000002018C530790 __bootstrapRoundedSize address=00000201EECA1000
PATCH 000002018C53CA98 __memoryCopyForward address=00000201EECA4000
PATCH 000002018C561090 __raiseException666 address=00000201EECAD000
PATCH 000002018D380020 acquireBlock address=00000201EECF0000
PATCH 000002018D3D6250 sizeClass address=00000201EECB3000
PATCH 000002018D3D72C0 memAlign address=00000201EECB5000
PATCH 000002018D3DAC48 osAllocGuarded address=00000201EECB8000
PATCH 000002018D3D5A18 classSize address=00000201EECB6000
PATCH 000002018D3862C0 popCachedBlock address=00000201EECB9000
PATCH 000002018D381090 headerOf address=00000201EECBB000
PATCH 000002018C53DB08 Swag.memset address=00000201EECBE000
PATCH 000002018C567580 __captureStack address=00000201EECC0000
PATCH 000002018D387330 allocateHeaderBlock address=00000201EECC2000
PATCH 000002018CEABA60 collectRemote address=00000201EECC9000
PATCH 000002018CEAF6B0 pageCommitEnd address=00000201EECCE000
PATCH 000002018D3DCD28 retireThreadHeap address=00000201EECD5000
PATCH 000002018C51DE78 __hostThreadStorageAlloc address=00000201EECD7000
PATCH 000002018CEAEE78 pageCommitStart address=00000201EECCC000
PATCH 000002018CED0858 releasePage address=00000201EECD2000
PATCH 000002018C51E6B0 __hostThreadStorageFree address=00000201EECD8000
PATCH 000002018C51EEE8 __hostThreadStorageGet address=00000201EECDA000
PATCH 000002018C51F720 __hostThreadStorageSet address=00000201EECDC000
PATCH 000002018CEACAD0 acquireBlock address=00000201EECE2000
PATCH 000002018D3DDD98 linkPage address=00000201EECE4000
PATCH 000002018CEA78A0 setupBlockDivision address=00000201EECE7000
PATCH 000002018CED2100 allocatorAddArena address=00000201EECEB000
PATCH 000002018CED0020 acquirePage address=00000201EECE9000
PATCH 000002018D3DF640 acquireBlockSlow address=00000201EECEF000
PATCH 000002018CED2938 allocatorCreateSegment address=00000201EECEC000
PATCH 000002018CEA7068 setup address=00000201EECE8000
PATCH 000002018D388BD8 allocate address=00000201EECF1000
PATCH 000002018CED41E0 allocatorPageOf address=00000201EECF3000
PATCH 000002018D3841E0 checkAllocated address=00000201EECF5000
PATCH 000002018D3DEE08 acquirePageForClass address=00000201EECEE000
PATCH 000002018D3839A8 checkFree address=00000201EECF7000
PATCH 000002018D389C48 checkPageAddress address=00000201EECFB000
PATCH 000002018D385A88 quarantine address=00000201EECF9000
PATCH 000002018D3DE5D0 unlinkPage address=00000201EECFF000
PATCH 000002018CEADB40 releaseBlock address=00000201EECFD000
PATCH 000002018D386AF8 cacheFreedBlock address=00000201EECF8000
PATCH 000002018D380858 retirePage address=00000201EECFE000
PATCH 000002018D38A480 freeBlock address=00000201EED01000
PATCH 000002018D389410 reallocate address=00000201EED02000
PATCH 000002018D38ACB8 assertIsAllocated address=00000201EED0A000
PATCH 000002018D38CD98 releaseAll address=00000201EED07000
DEFER 000002018D46D9E0 swagLifecycleInitWrapper shard=8 offset=4216 address=0000000000000000
DEFER 000002018D38EE78 opDrop shard=8 offset=4224 address=0000000000000000
PATCH 000002018D2247A0 Swag.typeCmp address=00000201EED11000
DEFER 000002018D07CB50 swagLifecycleInitWrapper shard=8 offset=6752 address=0000000000000000
PATCH 000002018C560858 __printString address=00000201EED13000
PATCH 000002018C53F3B0 Swag.memcmp address=00000201EED0F000
DEFER 000002018E6DE6C0 swagLifecycleInitWrapper shard=8 offset=7440 address=0000000000000000
PATCH 000002018D2156C8 __symbolize address=00000201EED24000
DEFER 000002018D559B58 swagLifecycleInitWrapper shard=8 offset=8536 address=0000000000000000
PATCH 000002018D214E90 __dbgStr address=00000201EED23000
PATCH 000002018C569660 __hostDebugSection address=00000201EED1F000
PATCH 000002018D216738 __logStackTrace address=00000201EED26000
DEFER 000002018D2786A8 swagLifecycleInitWrapper shard=8 offset=10280 address=0000000000000000
PATCH 000002018C53A5D0 Swag.panic address=00000201EED29000
PATCH 000002018D3A85B8 Swag.print address=00000201EED1A000
DEFER 000002018C56BE80 swagLifecycleInitWrapper shard=8 offset=11104 address=0000000000000000
DEFER 000002018D397770 swagLifecycleInitWrapper shard=8 offset=12192 address=0000000000000000
DEFER 000002018D016A48 swagLifecycleInitWrapper shard=8 offset=13392 address=0000000000000000
DEFER 000002018CC96938 swagLifecycleInitWrapper shard=8 offset=14000 address=0000000000000000
PATCH 000002018D227B40 __runtimeAllocator address=00000201EED0C000
PATCH 000002019412D7E0 __tlsGetValue address=00000201EED8D000
PATCH 0000020194829CB8 __hostTlsAlloc address=00000201EED8C000
PATCH 00000201948383A0 __hostPageCommit address=00000201EED90000
PATCH 0000020194839410 __hostPageRelease address=00000201EED91000
PATCH 0000020194801A18 __bootstrapAlloc address=00000201EED93000
PATCH 0000020194837B68 __hostPageReserve address=00000201EED92000
PATCH 000002019412E018 __tlsSetValue address=00000201EED97000
PATCH 00000201953439A8 defaultAllocator address=00000201EED99000
PATCH 0000020195308B68 configure address=00000201EED9B000
PATCH 0000020195308330 setup address=00000201EED9C000
PATCH 00000201953093A0 installed address=00000201EED9A000
PATCH 0000020195309BD8 diagnosticMode address=00000201EEDA0000
PATCH 0000020195340020 lockDiagnostic address=00000201EED9F000
PATCH 000002019483AC30 unlock address=00000201EEDA1000
PATCH 0000020194802250 __bootstrapFree address=00000201EED98000
PATCH 00000201953383A0 usesHeaderPath address=00000201EEDA4000
PATCH 000002019483A3F8 lock address=00000201EED9E000
PATCH 0000020195340858 unlockDiagnostic address=00000201EEDA2000
PATCH 00000201941E31D8 atomicAddU64 address=00000201EEDA7000
PATCH 000002019530A410 osAlloc address=00000201EEDAA000
PATCH 00000201953318C8 userAddress address=00000201EEDAC000
PATCH 0000020195332100 footer address=00000201EEDAD000
PATCH 0000020195333170 setFooterMagic address=00000201EEDAE000
PATCH 0000020195334A18 linkAllocated address=00000201EEDB1000
PATCH 00000201941EA7B0 lockRemote address=00000201EEDB4000
PATCH 00000201941E29A0 atomicGet address=00000201EEDB3000
PATCH 00000201941E4248 atomicSubU32 address=00000201EEDB8000
PATCH 00000201941E8F08 decode address=00000201EEDB6000
PATCH 00000201941A4A18 allocatorSegmentOf address=00000201EEDBA000
PATCH 00000201941EE400 segmentBase address=00000201EEDBB000
PATCH 00000201941EAFE8 unlockRemote address=00000201EEDB5000
PATCH 0000020194838BD8 __hostPageDecommit address=00000201EEDBF000
PATCH 00000201941E3A10 atomicSubU64 address=00000201EEDC0000
PATCH 00000201941E7E98 isBlockAddress address=00000201EEDB7000
PATCH 00000201941A1090 clearPageBit address=00000201EEDC2000
PATCH 00000201941A0858 releasePage address=00000201EEDC3000
PATCH 00000201941E5AF0 allocatorOsDecommit address=00000201EEDC1000
PATCH 00000201941EF470 pageCommitEnd address=00000201EEDBD000
PATCH 000002019530CD28 retireThreadHeap address=00000201EEDC6000
PATCH 000002019530B480 osFree address=00000201EEDC5000
PATCH 000002019530D560 unlinkHeap address=00000201EEDC4000
PATCH 0000020195303440 allocatorThreadHeapFlsId address=00000201EEDCA000
PATCH 0000020195302C08 retireAllocatorThreadHeap address=00000201EEDC7000
PATCH 000002019482B560 __hostThreadStorageAlloc address=00000201EEDC8000
PATCH 000002019482C5D0 __hostThreadStorageGet address=00000201EEDCB000
PATCH 000002019482BD98 __hostThreadStorageFree address=00000201EEDC9000
PATCH 00000201953044B0 setCurrentAllocatorThreadHeap address=00000201EEDCD000
PATCH 0000020195304CE8 currentThreadId address=00000201EEDD0000
PATCH 000002019482D640 __hostCurrentThreadId address=00000201EEDCE000
PATCH 000002019530C4F0 threadHeap address=00000201EEDD2000
PATCH 0000020195303C78 currentAllocatorThreadHeap address=00000201EEDCC000
PATCH 0000020195306A88 classUnitShift address=00000201EEDD4000
PATCH 000002019530DD98 linkPage address=00000201EEDD5000
PATCH 00000201941E52B8 allocatorOsCommit address=00000201EEDD6000
PATCH 00000201941E6328 allocatorNextKey address=00000201EEDD7000
PATCH 000002019530BCB8 allocateThreadHeap address=00000201EEDD1000
PATCH 00000201941E7660 setupBlockDivision address=00000201EEDD8000
PATCH 000002019482CE08 __hostThreadStorageSet address=00000201EEDCF000
PATCH 00000201941E4A80 osReserve address=00000201EEDDB000
PATCH 00000201941E6E28 setup address=00000201EEDD9000
PATCH 00000201941A0020 acquirePage address=00000201EEDDA000
PATCH 00000201941A3170 allocatorAcquireSegment address=00000201EEDDE000
PATCH 000002019530F640 acquireBlockSlow address=00000201EEDE0000
PATCH 0000020195330020 acquireBlock address=00000201EEDE1000
PATCH 00000201941A2100 allocatorAddArena address=00000201EEDDC000
PATCH 0000020195338BD8 allocate address=00000201EEDE2000
PATCH 0000020195341090 alloc address=00000201EEDE3000
PATCH 0000020195332938 footerMagic address=00000201EEDE5000
PATCH 00000201941A41E0 allocatorPageOf address=00000201EEDE4000
PATCH 000002019530EE08 acquirePageForClass address=00000201EEDDF000
PATCH 0000020195335250 unlinkAllocated address=00000201EEDE7000
PATCH 0000020195337B68 freeHeaderBlock address=00000201EEDEB000
PATCH 0000020195336AF8 cacheFreedBlock address=00000201EEDEA000
PATCH 00000201941A2938 allocatorCreateSegment address=00000201EEDDD000
PATCH 000002019530E5D0 unlinkPage address=00000201EEDED000
PATCH 00000201941E86D0 encode address=00000201EEDEE000
PATCH 00000201941EC058 pushRemote address=00000201EEDF1000
PATCH 00000201941ED900 releaseBlock address=00000201EEDF0000
PATCH 0000020195330858 retirePage address=00000201EEDEF000
PATCH 0000020195335A88 quarantine address=00000201EEDE9000
PATCH 00000201953418C8 realloc address=00000201EEDF4000
PATCH 00000201941A18C8 isEmpty address=00000201EEDF6000
PATCH 00000201941A39A8 allocatorReleaseSegment address=00000201EEDF7000
PATCH 000002019533CD98 releaseAll address=00000201EEDF8000
PATCH 0000020195342100 free address=00000201EEDF5000
PATCH 0000020195339410 reallocate address=00000201EEDF3000
PATCH 00000201941ED0C8 holdsFreeBlock address=00000201EEDFA000
PATCH 00000201941016D8 __concreteAlias address=00000201EEDFE000
PATCH 0000020195342938 freeAll address=00000201EEDF9000
PATCH 00000201941A8DF0 Swag.stringCmp address=00000201EEE01000
PATCH 0000020195343170 assertAllocated address=00000201EEDFC000
PATCH 0000020194102F80 Swag.typeCmp address=00000201EEE02000
PATCH 00000201944CAFE0 Swag.memcmp address=00000201EEDFF000
PATCH 00000201941A5CA0 __utoa address=00000201EEE05000
PATCH 00000201941A6D10 __printU64 address=00000201EEE06000
PATCH 000002019486DE08 __printString address=00000201EEE04000
PATCH 00000201941A64D8 __ftoa address=00000201EEE09000
PATCH 0000020194102748 Swag.typeAs address=00000201EEE03000
PATCH 00000201941A7548 __printS64 address=00000201EEE08000
PATCH 00000201941A7D80 __printF64 address=00000201EEE0A000
PATCH 0000020194726510 __peU32 address=00000201EEE0E000
PATCH 00000201947254A0 __hostImageBaseForAddress address=00000201EEE0C000
PATCH 0000020194727DB8 __hostReleaseDecodedDebugSection address=00000201EEE0D000
PATCH 00000201941A5468 __itoa address=00000201EEE07000
PATCH 0000020194725CD8 __peU16 address=00000201EEE0F000
PATCH 0000020194727580 __hostDecodeDebugSection address=00000201EEE11000
PATCH 00000201941AAB10 __dbgU32 address=00000201EEE12000
PATCH 0000020194726D48 __hostDebugSection address=00000201EEE10000
PATCH 00000201941AB348 __dbgFindSection address=00000201EEE13000
PATCH 00000201941ACBF0 __hasStackTraceSymbols address=00000201EEE16000
PATCH 00000201941ABB80 __dbgStr address=00000201EEE14000
PATCH 0000020194720020 __exitError address=00000201EEE18000
PATCH 00000201941AC3B8 __symbolize address=00000201EEE15000
PATCH 00000201941AD428 __logStackTrace address=00000201EEE17000
PATCH 000002019412CFA8 __tlsAlloc address=00000201EEE1B000
PATCH 0000020194105AE8 Swag.jit address=00000201EEE1C000
PATCH 000002019417EC48 swagLifecycleInitWrapper address=00000201EEE1D000
PATCH 000002019480A7E8 __printPanicReport address=00000201EEE19000
PATCH 00000201944991A0 __run_expr_3 address=00000201EEE1E000
PATCH 000002019482A4F0 __hostTlsGet address=00000201EED8E000
PATCH 00000201944C9F70 Swag.memcpy address=00000201EED95000
PATCH 00000201944C86C8 __memoryCopyForward address=00000201EED94000
PATCH 00000201948011E0 __bootstrapRoundedSize address=00000201EED8F000
PATCH 000002019486E640 __raiseException666 address=00000201EED9D000
PATCH 0000020195306250 sizeClass address=00000201EEDA3000
PATCH 000002019482AD28 __hostTlsSet address=00000201EED96000
PATCH 000002019530AC48 osAllocGuarded address=00000201EEDA8000
PATCH 0000020195305A18 classSize address=00000201EEDA6000
PATCH 00000201953362C0 popCachedBlock address=00000201EEDA9000
PATCH 0000020195331090 headerOf address=00000201EEDAB000
PATCH 00000201953072C0 memAlign address=00000201EEDA5000
PATCH 00000201944C9738 Swag.memset address=00000201EEDAF000
PATCH 0000020194724C68 __captureStack address=00000201EEDB0000
PATCH 00000201941EEC38 pageCommitStart address=00000201EEDBC000
PATCH 000002019480B858 Swag.safetyPanic address=00000201EEDBE000
PATCH 00000201941EB820 collectRemote address=00000201EEDB9000
PATCH 0000020195337330 allocateHeaderBlock address=00000201EEDB2000
PATCH 00000201941EC890 acquireBlock address=00000201EEDD3000
PATCH 00000201953341E0 checkAllocated address=00000201EEDE6000
PATCH 00000201953339A8 checkFree address=00000201EEDE8000
PATCH 0000020195339C48 checkPageAddress address=00000201EEDEC000
PATCH 000002019533A480 freeBlock address=00000201EEDF2000
DEFER 00000201941F9318 swagLifecycleInitWrapper shard=8 offset=4856 address=0000000000000000
PATCH 000002019533ACB8 assertIsAllocated address=00000201EEDFB000
PATCH 000002019412E850 __tlsGetPtr address=00000201EEDFD000
DEFER 000002019533EE78 opDrop shard=8 offset=4864 address=0000000000000000
DEFER 0000020194759108 swagLifecycleInitWrapper shard=8 offset=7392 address=0000000000000000
DEFER 0000020195078F30 swagLifecycleInitWrapper shard=8 offset=8080 address=0000000000000000
DEFER 00000201941F74B0 swagLifecycleInitWrapper shard=8 offset=9176 address=0000000000000000
DEFER 0000020194E1C098 swagLifecycleInitWrapper shard=8 offset=10920 address=0000000000000000
PATCH 000002019480B020 Swag.panic address=00000201EEE1A000
DEFER 0000020195321580 swagLifecycleInitWrapper shard=8 offset=11744 address=0000000000000000
DEFER 0000020194188B10 swagLifecycleInitWrapper shard=8 offset=12832 address=0000000000000000
DEFER 0000020194767148 swagLifecycleInitWrapper shard=8 offset=14032 address=0000000000000000
DEFER 00000201941580C0 swagLifecycleInitWrapper shard=8 offset=14640 address=0000000000000000
PATCH 00000201941A85B8 Swag.print address=00000201EEE0B000
PATCH 0000020194106320 __runtimeAllocator address=00000201EEE00000
PATCH 0000020194C973A0 __hostTlsAlloc address=00000201EEE78000
PATCH 00000201952D2530 __tlsGetValue address=00000201EEE7A000
PATCH 0000020194CA5250 __hostPageReserve address=00000201EEE7C000
PATCH 0000020194CA5A88 __hostPageCommit address=00000201EEE7D000
PATCH 0000020194CA6AF8 __hostPageRelease address=00000201EEE7E000
PATCH 0000020194F41A18 __bootstrapAlloc address=00000201EEE7F000
PATCH 00000201952D2D68 __tlsSetValue address=00000201EEE83000
PATCH 0000020194F42250 __bootstrapFree address=00000201EEE84000
PATCH 0000020195EE39A8 defaultAllocator address=00000201EEE85000
PATCH 0000020195EA93A0 installed address=00000201EEE86000
PATCH 0000020195EA8B68 configure address=00000201EEE87000
PATCH 0000020195EA8330 setup address=00000201EEE88000
PATCH 0000020195EA9BD8 diagnosticMode address=00000201EEE8A000
PATCH 0000020194CA7AE0 lock address=00000201EEE8B000
PATCH 0000020195EE0020 lockDiagnostic address=00000201EEE8C000
PATCH 0000020194CA8318 unlock address=00000201EEE8D000
PATCH 0000020195EE0858 unlockDiagnostic address=00000201EEE8E000
PATCH 0000020195ED83A0 usesHeaderPath address=00000201EEE90000
PATCH 00000201952F31D8 atomicAddU64 address=00000201EEE93000
PATCH 0000020195EAA410 osAlloc address=00000201EEE96000
PATCH 0000020195ED18C8 userAddress address=00000201EEE98000
PATCH 0000020195ED3170 setFooterMagic address=00000201EEE9A000
PATCH 0000020195ED4A18 linkAllocated address=00000201EEE9D000
PATCH 00000201952F29A0 atomicGet address=00000201EEE9F000
PATCH 00000201952FA9F0 lockRemote address=00000201EEEA0000
PATCH 00000201952FB228 unlockRemote address=00000201EEEA1000
PATCH 00000201952F9148 decode address=00000201EEEA2000
PATCH 00000201952F80D8 isBlockAddress address=00000201EEEA3000
PATCH 00000201952F4248 atomicSubU32 address=00000201EEEA4000
PATCH 00000201952B4A18 allocatorSegmentOf address=00000201EEEA6000
PATCH 00000201952FE640 segmentBase address=00000201EEEA7000
PATCH 0000020194CA62C0 __hostPageDecommit address=00000201EEEAA000
PATCH 00000201952F3A10 atomicSubU64 address=00000201EEEAB000
PATCH 00000201952F5D30 allocatorOsDecommit address=00000201EEEAC000
PATCH 00000201952B1090 clearPageBit address=00000201EEEAD000
PATCH 0000020195EAD560 unlinkHeap address=00000201EEEAF000
PATCH 0000020195EAB480 osFree address=00000201EEEB0000
PATCH 0000020195EA2C08 retireAllocatorThreadHeap address=00000201EEEB2000
PATCH 0000020195EA3440 allocatorThreadHeapFlsId address=00000201EEEB5000
PATCH 0000020195EA3C78 currentAllocatorThreadHeap address=00000201EEEB7000
PATCH 0000020195EA44B0 setCurrentAllocatorThreadHeap address=00000201EEEB9000
PATCH 0000020194C9AD28 __hostCurrentThreadId address=00000201EEEBA000
PATCH 0000020195EA4CE8 currentThreadId address=00000201EEEBB000
PATCH 0000020195EABCB8 allocateThreadHeap address=00000201EEEBC000
PATCH 0000020195EAC4F0 threadHeap address=00000201EEEBD000
PATCH 0000020195EA6A88 classUnitShift address=00000201EEEBF000
PATCH 00000201952F54F8 allocatorOsCommit address=00000201EEEC1000
PATCH 00000201952F6568 allocatorNextKey address=00000201EEEC2000
PATCH 00000201952F4CC0 osReserve address=00000201EEEC6000
PATCH 00000201952B3170 allocatorAcquireSegment address=00000201EEEC9000
PATCH 0000020195EE1090 alloc address=00000201EEECE000
PATCH 0000020195ED2938 footerMagic address=00000201EEED0000
PATCH 0000020195ED5250 unlinkAllocated address=00000201EEED2000
PATCH 0000020195ED7B68 freeHeaderBlock address=00000201EEED6000
PATCH 00000201952F8910 encode address=00000201EEED8000
PATCH 00000201952FC298 pushRemote address=00000201EEEDC000
PATCH 0000020195EE18C8 realloc address=00000201EEEDF000
PATCH 0000020195EE2100 free address=00000201EEEE0000
PATCH 00000201952B18C8 isEmpty address=00000201EEEE1000
PATCH 00000201952B39A8 allocatorReleaseSegment address=00000201EEEE2000
PATCH 0000020195EE2938 freeAll address=00000201EEEE4000
PATCH 00000201952FD308 holdsFreeBlock address=00000201EEEE5000
PATCH 0000020195EE3170 assertAllocated address=00000201EEEE7000
PATCH 00000201952D35A0 __tlsGetPtr address=00000201EEEE9000
PATCH 0000020194CF16D8 __concreteAlias address=00000201EEEEA000
PATCH 0000020194F2B470 Swag.stringCmp address=00000201EEEEC000
PATCH 0000020194CF2748 Swag.typeAs address=00000201EEEEE000
PATCH 0000020194F28320 __utoa address=00000201EEEF0000
PATCH 0000020194F29390 __printU64 address=00000201EEEF1000
PATCH 0000020194F27AE8 __itoa address=00000201EEEF2000
PATCH 0000020194F29BC8 __printS64 address=00000201EEEF3000
PATCH 0000020194F28B58 __ftoa address=00000201EEEF4000
PATCH 0000020194F2A400 __printF64 address=00000201EEEF5000
PATCH 0000020194CD2AD0 __hostImageBaseForAddress address=00000201EEEF7000
PATCH 0000020194CD53E8 __hostReleaseDecodedDebugSection address=00000201EEEF8000
PATCH 0000020194CD3B40 __peU32 address=00000201EEEF9000
PATCH 0000020194CD3308 __peU16 address=00000201EEEFA000
PATCH 0000020195EE5F00 __dbgU32 address=00000201EEEFD000
PATCH 0000020194CD4BB0 __hostDecodeDebugSection address=00000201EEEFC000
PATCH 0000020195EE6738 __dbgFindSection address=00000201EEEFE000
PATCH 0000020195EE7FE0 __hasStackTraceSymbols address=00000201EEF01000
PATCH 0000020194CCD5D0 __exitError address=00000201EEF04000
PATCH 00000201952D1CF8 __tlsAlloc address=00000201EEF06000
PATCH 0000020194CF5AE8 Swag.jit address=00000201EEF07000
PATCH 0000020194F4B858 Swag.safetyPanic address=00000201EEF08000
PATCH 00000201952CDB88 swagLifecycleInitWrapper address=00000201EEF0A000
PATCH 0000020194E15070 __run_expr_3 address=00000201EEF09000
PATCH 0000020194C97BD8 __hostTlsGet address=00000201EEE79000
PATCH 0000020194F411E0 __bootstrapRoundedSize address=00000201EEE7B000
PATCH 0000020194F4D4E8 __memoryCopyForward address=00000201EEE80000
PATCH 0000020194F4ED90 Swag.memcpy address=00000201EEE81000
PATCH 0000020194C98410 __hostTlsSet address=00000201EEE82000
PATCH 0000020195EAEE08 acquirePageForClass address=00000201EEECA000
PATCH 0000020194CCBD28 __raiseException666 address=00000201EEE89000
PATCH 00000201952B0020 acquirePage address=00000201EEEC5000
PATCH 0000020195EA6250 sizeClass address=00000201EEE8F000
PATCH 0000020195EA72C0 memAlign address=00000201EEE91000
PATCH 0000020195EAAC48 osAllocGuarded address=00000201EEE94000
PATCH 0000020195ED62C0 popCachedBlock address=00000201EEE95000
PATCH 0000020195ED1090 headerOf address=00000201EEE97000
PATCH 0000020195EA5A18 classSize address=00000201EEE92000
PATCH 0000020195ED2100 footer address=00000201EEE99000
PATCH 0000020194F4E558 Swag.memset address=00000201EEE9B000
PATCH 0000020195ED7330 allocateHeaderBlock address=00000201EEE9E000
PATCH 0000020194CD2298 __captureStack address=00000201EEE9C000
PATCH 00000201952FBA60 collectRemote address=00000201EEEA5000
PATCH 00000201952FEE78 pageCommitStart address=00000201EEEA8000
PATCH 0000020195EDA480 freeBlock address=00000201EEEDD000
PATCH 00000201952FF6B0 pageCommitEnd address=00000201EEEA9000
PATCH 00000201952B0858 releasePage address=00000201EEEAE000
PATCH 0000020195EACD28 retireThreadHeap address=00000201EEEB1000
PATCH 00000201952B2938 allocatorCreateSegment address=00000201EEEC8000
PATCH 0000020194C98C48 __hostThreadStorageAlloc address=00000201EEEB3000
PATCH 0000020194C99480 __hostThreadStorageFree address=00000201EEEB4000
PATCH 0000020194C99CB8 __hostThreadStorageGet address=00000201EEEB6000
PATCH 0000020194C9A4F0 __hostThreadStorageSet address=00000201EEEB8000
PATCH 0000020195EADD98 linkPage address=00000201EEEC0000
PATCH 00000201952FCAD0 acquireBlock address=00000201EEEBE000
PATCH 00000201952F78A0 setupBlockDivision address=00000201EEEC3000
PATCH 00000201952F7068 setup address=00000201EEEC4000
PATCH 00000201952B2100 allocatorAddArena address=00000201EEEC7000
PATCH 0000020195EAF640 acquireBlockSlow address=00000201EEECB000
PATCH 0000020195ED0020 acquireBlock address=00000201EEECC000
PATCH 0000020195ED8BD8 allocate address=00000201EEECD000
PATCH 00000201952B41E0 allocatorPageOf address=00000201EEECF000
PATCH 0000020195ED41E0 checkAllocated address=00000201EEED1000
PATCH 0000020195ED39A8 checkFree address=00000201EEED3000
PATCH 0000020195ED5A88 quarantine address=00000201EEED4000
PATCH 0000020195ED6AF8 cacheFreedBlock address=00000201EEED5000
PATCH 0000020195ED9C48 checkPageAddress address=00000201EEED7000
PATCH 00000201952FDB40 releaseBlock address=00000201EEED9000
PATCH 0000020195EAE5D0 unlinkPage address=00000201EEEDA000
PATCH 0000020195ED0858 retirePage address=00000201EEEDB000
PATCH 0000020195ED9410 reallocate address=00000201EEEDE000
PATCH 0000020195EDCD98 releaseAll address=00000201EEEE3000
PATCH 0000020195EDACB8 assertIsAllocated address=00000201EEEE6000
DEFER 000002019508BF48 swagLifecycleInitWrapper shard=0 offset=4648 address=0000000000000000
DEFER 0000020195EDEE78 opDrop shard=0 offset=4656 address=0000000000000000
DEFER 0000020195EF6EE8 swagLifecycleInitWrapper shard=0 offset=7168 address=0000000000000000
DEFER 0000020195FEEC30 swagLifecycleInitWrapper shard=0 offset=7856 address=0000000000000000
DEFER 00000201951DC9D0 swagLifecycleInitWrapper shard=0 offset=8952 address=0000000000000000
PATCH 0000020194F20020 Swag.memcmp address=00000201EEEEB000
DEFER 0000020194CD7878 swagLifecycleInitWrapper shard=0 offset=10696 address=0000000000000000
DEFER 0000020195E84EE0 swagLifecycleInitWrapper shard=0 offset=11520 address=0000000000000000
PATCH 0000020194CF2F80 Swag.typeCmp address=00000201EEEED000
DEFER 0000020194802E20 swagLifecycleInitWrapper shard=0 offset=12608 address=0000000000000000
PATCH 0000020194CCB4F0 __printString address=00000201EEEEF000
DEFER 0000020194F3F638 swagLifecycleInitWrapper shard=0 offset=13808 address=0000000000000000
DEFER 0000020194CDC6F0 swagLifecycleInitWrapper shard=0 offset=14416 address=0000000000000000
PATCH 0000020194CF6320 __runtimeAllocator address=00000201EEEE8000
PATCH 0000020194CD4378 __hostDebugSection address=00000201EEEFB000
PATCH 0000020195EE6F70 __dbgStr address=00000201EEEFF000
PATCH 0000020195EE77A8 __symbolize address=00000201EEF00000
PATCH 0000020194F2AC38 Swag.print address=00000201EEEF6000
PATCH 0000020195EE8818 __logStackTrace address=00000201EEF02000
PATCH 0000020194F4B020 Swag.panic address=00000201EEF05000
PATCH 0000020194F4A7E8 __printPanicReport address=00000201EEF03000
[91mfatal error: unhandled host hardware exception[0m
host:
---------------------------------
host:                   os = windows, cpu = x64, exception backend = windows seh
process id:             17644
thread id:              29068

code:                   0xC0000005 (EXCEPTION_ACCESS_VIOLATION)
address:                0x00007FF68B350D80 (C:\Perso\swag-lang\swc-artifact-latency\bin\swc.master.dm.exe + 0x830D80)
module path:            C:\Perso\swag-lang\swc-artifact-latency\bin\swc.master.dm.exe
memory:                 state=COMMIT, type=IMAGE, protect=EXECUTE_READ
parameters:             2
access:                 read at 0x0000000000000010
memory:                 state=FREE, type=UNKNOWN, protect=NOACCESS

cpu context:
---------------------------------
rip=0x00007FF68B350D80 rsp=0x000000BB291F7480 rbp=0x000000BB291F75C0
rax=0x0000000000000000 rbx=0x0000020187BF43C8 rcx=0x000000BB291F8038 rdx=0x000000BB291F8038
rsi=0x0000020184D5A070 rdi=0x000000BB291F8038 r8=0x0000000000000000 r9=0x000002018031CFB8
r10=0x00000201871D7880 r11=0x000000BB291F7E60 r12=0x000000000000000E r13=0x0000000000000070
r14=0x0000020184D5A070 r15=0x0000000000003FFF eflags=0x00010246

stack trace:
---------------------------------
[00] 0x00007FF68B350D80  C:\Perso\swag-lang\swc-artifact-latency\bin\swc.master.dm.exe + 0x830D80
    symbol:                 <unresolved>
[01] 0x00007FF68B291288  C:\Perso\swag-lang\swc-artifact-latency\bin\swc.master.dm.exe + 0x771288
    symbol:                 <unresolved>
[02] 0x00007FF68B30C5CD  C:\Perso\swag-lang\swc-artifact-latency\bin\swc.master.dm.exe + 0x7EC5CD
    symbol:                 <unresolved>
[03] 0x00007FF68B28EBE3  C:\Perso\swag-lang\swc-artifact-latency\bin\swc.master.dm.exe + 0x76EBE3
    symbol:                 <unresolved>
[04] 0x00007FF68AC8F352  C:\Perso\swag-lang\swc-artifact-latency\bin\swc.master.dm.exe + 0x16F352
    symbol:                 <unresolved>
[05] 0x00007FF68ACAC655  C:\Perso\swag-lang\swc-artifact-latency\bin\swc.master.dm.exe + 0x18C655
    symbol:                 <unresolved>
[06] 0x00007FF68B0A1679  C:\Perso\swag-lang\swc-artifact-latency\bin\swc.master.dm.exe + 0x581679
    symbol:                 <unresolved>
[07] 0x00007FF68B4243BC  C:\Perso\swag-lang\swc-artifact-latency\bin\swc.master.dm.exe + 0x9043BC
    symbol:                 <unresolved>
[08] 0x00007FFED60BCD87  C:\WINDOWS\System32\KERNEL32.DLL + 0x2CD87
    symbol:                 BaseThreadInitThunk + 0x17
[09] 0x00007FFED6ECCAEC  C:\WINDOWS\SYSTEM32\ntdll.dll + 0xACAEC
    symbol:                 RtlUserThreadStart + 0x2C

Exit code: 3221225477
